model_gene,symbol,ensembl_gene_id,source
aaas,aaas,ENSDARG00000102274,external_gene_name
aaas,aaas,ENSDARG00000102274,zfin_id_symbol
aacs,aacs,ENSDARG00000012468,external_gene_name
aacs,aacs,ENSDARG00000012468,zfin_id_symbol
aadac,aadac,ENSDARG00000063621,external_gene_name
aadac,aadac,ENSDARG00000063621,zfin_id_symbol
aadat,aadat,ENSDARG00000011410,external_gene_name
aadat,aadat,ENSDARG00000011410,zfin_id_symbol
aanat1,aanat1,ENSDARG00000036567,external_gene_name
aanat1,aanat1,ENSDARG00000036567,zfin_id_symbol
aars1,aars1,ENSDARG00000069142,external_gene_name
aars1,aars1,ENSDARG00000069142,zfin_id_symbol
aasdh,aasdh,ENSDARG00000022730,external_gene_name
aasdh,aasdh,ENSDARG00000022730,zfin_id_symbol
aasdhppt,aasdhppt,ENSDARG00000037501,external_gene_name
aasdhppt,aasdhppt,ENSDARG00000037501,zfin_id_symbol
aass,aass,ENSDARG00000051816,external_gene_name
aass,aass,ENSDARG00000051816,zfin_id_symbol
abat,abat,ENSDARG00000006031,external_gene_name
abat,abat,ENSDARG00000006031,zfin_id_symbol
abca1a,abca1a,ENSDARG00000074635,external_gene_name
abca1a,abca1a,ENSDARG00000074635,zfin_id_symbol
abca3b,abca3b,ENSDARG00000100524,external_gene_name
abca3b,abca3b,ENSDARG00000100524,zfin_id_symbol
abca4b,abca4b,ENSDARG00000062661,external_gene_name
abca4b,abca4b,ENSDARG00000062661,zfin_id_symbol
abca5,abca5,ENSDARG00000074041,external_gene_name
abca5,abca5,ENSDARG00000074041,zfin_id_symbol
abcb11a,abcb11a,ENSDARG00000011573,external_gene_name
abcb11a,abcb11a,ENSDARG00000011573,zfin_id_symbol
abcb4,abcb4,ENSDARG00000010936,external_gene_name
abcb4,abcb4,ENSDARG00000010936,zfin_id_symbol
abcb6a,abcb6a,ENSDARG00000063297,external_gene_name
abcb6a,abcb6a,ENSDARG00000063297,zfin_id_symbol
abcc1,abcc1,ENSDARG00000104719,external_gene_name
abcc1,abcc1,ENSDARG00000104719,zfin_id_symbol
abcc12,abcc12,ENSDARG00000013050,external_gene_name
abcc12,abcc12,ENSDARG00000013050,zfin_id_symbol
abcc2,abcc2,ENSDARG00000014031,external_gene_name
abcc2,abcc2,ENSDARG00000014031,zfin_id_symbol
abcc3,abcc3,ENSDARG00000096662,external_gene_name
abcc3,abcc3,ENSDARG00000096662,zfin_id_symbol
abcc4,abcc4,ENSDARG00000058953,external_gene_name
abcc4,abcc4,ENSDARG00000058953,zfin_id_symbol
abcc5,abcc5,ENSDARG00000061233,external_gene_name
abcc5,abcc5,ENSDARG00000061233,zfin_id_symbol
abcc8,abcc8,ENSDARG00000051879,external_gene_name
abcc8,abcc8,ENSDARG00000051879,zfin_id_symbol
abcc9,abcc9,ENSDARG00000015985,external_gene_name
abcc9,abcc9,ENSDARG00000015985,zfin_id_symbol
abcd1,abcd1,ENSDARG00000074876,external_gene_name
abcd1,abcd1,ENSDARG00000074876,zfin_id_symbol
abcd3a,abcd3a,ENSDARG00000104085,external_gene_name
abcd3a,abcd3a,ENSDARG00000104085,zfin_id_symbol
abcd3b,abcd3b,ENSDARG00000002947,external_gene_name
abcd3b,abcd3b,ENSDARG00000002947,zfin_id_symbol
abcg1,abcg1,ENSDARG00000063475,external_gene_name
abcg1,abcg1,ENSDARG00000063475,zfin_id_symbol
abcg2a,abcg2a,ENSDARG00000100075,external_gene_name
abcg2a,abcg2a,ENSDARG00000100075,zfin_id_symbol
abcg2c,abcg2c,ENSDARG00000058574,external_gene_name
abcg2c,abcg2c,ENSDARG00000058574,zfin_id_symbol
abcg2d,abcg2d,ENSDARG00000016818,external_gene_name
abcg2d,abcg2d,ENSDARG00000016818,zfin_id_symbol
abcg5,abcg5,ENSDARG00000063078,external_gene_name
abcg5,abcg5,ENSDARG00000063078,zfin_id_symbol
abcg8,abcg8,ENSDARG00000063059,external_gene_name
abcg8,abcg8,ENSDARG00000063059,zfin_id_symbol
abhd12,abhd12,ENSDARG00000071004,external_gene_name
abhd12,abhd12,ENSDARG00000071004,zfin_id_symbol
abhd6a,abhd6a,ENSDARG00000060756,external_gene_name
abhd6a,abhd6a,ENSDARG00000060756,zfin_id_symbol
abtb2b,abtb2b,ENSDARG00000062000,external_gene_name
abtb2b,abtb2b,ENSDARG00000062000,zfin_id_symbol
acaa1,acaa1,ENSDARG00000004687,external_gene_name
acaa1,acaa1,ENSDARG00000004687,zfin_id_symbol
acaa2,acaa2,ENSDARG00000038881,external_gene_name
acaa2,acaa2,ENSDARG00000038881,zfin_id_symbol
acaca,acaca,ENSDARG00000078512,external_gene_name
acaca,acaca,ENSDARG00000078512,zfin_id_symbol
acacb,acacb,ENSDARG00000061994,external_gene_name
acacb,acacb,ENSDARG00000061994,zfin_id_symbol
acad11,acad11,ENSDARG00000045411,external_gene_name
acad11,acad11,ENSDARG00000045411,zfin_id_symbol
acad8,acad8,ENSDARG00000042658,external_gene_name
acad8,acad8,ENSDARG00000042658,zfin_id_symbol
acad9,acad9,ENSDARG00000055620,external_gene_name
acad9,acad9,ENSDARG00000055620,zfin_id_symbol
acadl,acadl,ENSDARG00000088357,external_gene_name
acadl,acadl,ENSDARG00000088357,zfin_id_symbol
acadm,acadm,ENSDARG00000038900,external_gene_name
acadm,acadm,ENSDARG00000038900,zfin_id_symbol
acads,acads,ENSDARG00000030781,external_gene_name
acads,acads,ENSDARG00000030781,zfin_id_symbol
acadsb,acadsb,ENSDARG00000076780,external_gene_name
acadsb,acadsb,ENSDARG00000076780,zfin_id_symbol
acadvl,acadvl,ENSDARG00000016687,external_gene_name
acadvl,acadvl,ENSDARG00000016687,zfin_id_symbol
acat1,acat1,ENSDARG00000045888,external_gene_name
acat1,acat1,ENSDARG00000045888,zfin_id_symbol
acat2,acat2,ENSDARG00000007127,external_gene_name
acat2,acat2,ENSDARG00000007127,zfin_id_symbol
ace,ace,ENSDARG00000079166,external_gene_name
ace,ace,ENSDARG00000079166,zfin_id_symbol
ace2,ace2,ENSDARG00000016918,external_gene_name
ace2,ace2,ENSDARG00000016918,zfin_id_symbol
acer1,acer1,ENSDARG00000010347,external_gene_name
acer1,acer1,ENSDARG00000010347,zfin_id_symbol
acer2,acer2,ENSDARG00000077782,external_gene_name
acer2,acer2,ENSDARG00000077782,zfin_id_symbol
acer3,acer3,ENSDARG00000093366,external_gene_name
acer3,acer3,ENSDARG00000093366,zfin_id_symbol
ache,ache,ENSDARG00000031796,external_gene_name
ache,ache,ENSDARG00000031796,zfin_id_symbol
aclyb,aclyb,ENSDARG00000055652,external_gene_name
aclyb,aclyb,ENSDARG00000055652,zfin_id_symbol
acmsd,acmsd,ENSDARG00000062549,external_gene_name
acmsd,acmsd,ENSDARG00000062549,zfin_id_symbol
aco1,aco1,ENSDARG00000026376,external_gene_name
aco1,aco1,ENSDARG00000026376,zfin_id_symbol
aco2,aco2,ENSDARG00000007294,external_gene_name
aco2,aco2,ENSDARG00000007294,zfin_id_symbol
acot11a,acot11a,ENSDARG00000058229,external_gene_name
acot11a,acot11a,ENSDARG00000058229,zfin_id_symbol
acot13,acot13,ENSDARG00000061728,external_gene_name
acot13,acot13,ENSDARG00000061728,zfin_id_symbol
acot17,acot17,ENSDARG00000088524,external_gene_name
acot17,acot17,ENSDARG00000088524,zfin_id_symbol
acot20,acot20,ENSDARG00000042510,external_gene_name
acot20,acot20,ENSDARG00000042510,zfin_id_symbol
acot7,acot7,ENSDARG00000018653,external_gene_name
acot7,acot7,ENSDARG00000018653,zfin_id_symbol
acot8,acot8,ENSDARG00000014138,external_gene_name
acot8,acot8,ENSDARG00000014138,zfin_id_symbol
acot9.1,acot9.1,ENSDARG00000058352,external_gene_name
acot9.1,acot9.1,ENSDARG00000058352,zfin_id_symbol
acox1,acox1,ENSDARG00000014727,external_gene_name
acox1,acox1,ENSDARG00000014727,zfin_id_symbol
acox3,acox3,ENSDARG00000038865,external_gene_name
acox3,acox3,ENSDARG00000038865,zfin_id_symbol
acp1,acp1,ENSDARG00000076486,external_gene_name
acp1,acp1,ENSDARG00000076486,zfin_id_symbol
acp2,acp2,ENSDARG00000007244,external_gene_name
acp2,acp2,ENSDARG00000007244,zfin_id_symbol
acp5a,acp5a,ENSDARG00000019763,external_gene_name
acp5a,acp5a,ENSDARG00000019763,zfin_id_symbol
acp6,acp6,ENSDARG00000040064,external_gene_name
acp6,acp6,ENSDARG00000040064,zfin_id_symbol
acsbg1,acsbg1,ENSDARG00000062077,external_gene_name
acsbg1,acsbg1,ENSDARG00000062077,zfin_id_symbol
acsbg2,acsbg2,ENSDARG00000004094,external_gene_name
acsbg2,acsbg2,ENSDARG00000004094,zfin_id_symbol
acsf2,acsf2,ENSDARG00000061201,external_gene_name
acsf2,acsf2,ENSDARG00000061201,zfin_id_symbol
acsl1a,acsl1a,ENSDARG00000030514,external_gene_name
acsl1a,acsl1a,ENSDARG00000030514,zfin_id_symbol
acsl2,acsl2,ENSDARG00000078399,external_gene_name
acsl2,acsl2,ENSDARG00000078399,zfin_id_symbol
acsl3a,acsl3a,ENSDARG00000032079,external_gene_name
acsl3a,acsl3a,ENSDARG00000032079,zfin_id_symbol
acsl4b,acsl4b,ENSDARG00000010752,external_gene_name
acsl4b,acsl4b,ENSDARG00000010752,zfin_id_symbol
acsl5,acsl5,ENSDARG00000075931,external_gene_name
acsl5,acsl5,ENSDARG00000075931,zfin_id_symbol
acsm3,acsm3,ENSDARG00000004880,external_gene_name
acsm3,acsm3,ENSDARG00000004880,zfin_id_symbol
acss1,acss1,ENSDARG00000044142,external_gene_name
acss1,acss1,ENSDARG00000044142,zfin_id_symbol
acss2,acss2,ENSDARG00000037781,external_gene_name
acss2,acss2,ENSDARG00000037781,zfin_id_symbol
acss3,acss3,ENSDARG00000032218,external_gene_name
acss3,acss3,ENSDARG00000032218,zfin_id_symbol
acy1,acy1,ENSDARG00000038475,external_gene_name
acy1,acy1,ENSDARG00000038475,zfin_id_symbol
acy3.1,acy3.1,ENSDARG00000093003,external_gene_name
acy3.1,acy3.1,ENSDARG00000093003,zfin_id_symbol
acyp2,acyp2,ENSDARG00000086271,external_gene_name
acyp2,acyp2,ENSDARG00000086271,zfin_id_symbol
ada,ada,ENSDARG00000003113,external_gene_name
ada,ada,ENSDARG00000003113,zfin_id_symbol
ada2a,ada2a,ENSDARG00000051746,external_gene_name
ada2a,ada2a,ENSDARG00000051746,zfin_id_symbol
ada2b,ada2b,ENSDARG00000015623,external_gene_name
ada2b,ada2b,ENSDARG00000015623,zfin_id_symbol
adcy1a,adcy1a,ENSDARG00000069026,external_gene_name
adcy1a,adcy1a,ENSDARG00000069026,zfin_id_symbol
adcy1b,adcy1b,ENSDARG00000088634,external_gene_name
adcy1b,adcy1b,ENSDARG00000088634,zfin_id_symbol
adcy2a,adcy2a,ENSDARG00000058392,external_gene_name
adcy2a,adcy2a,ENSDARG00000058392,zfin_id_symbol
adcy2b,adcy2b,ENSDARG00000014588,external_gene_name
adcy2b,adcy2b,ENSDARG00000014588,zfin_id_symbol
adcy3a,adcy3a,ENSDARG00000077145,external_gene_name
adcy3a,adcy3a,ENSDARG00000077145,zfin_id_symbol
adcy5,adcy5,ENSDARG00000091342,external_gene_name
adcy5,adcy5,ENSDARG00000091342,zfin_id_symbol
adcy6a,adcy6a,ENSDARG00000061445,external_gene_name
adcy6a,adcy6a,ENSDARG00000061445,zfin_id_symbol
adcy7,adcy7,ENSDARG00000060070,external_gene_name
adcy7,adcy7,ENSDARG00000060070,zfin_id_symbol
adh5,adh5,ENSDARG00000080010,external_gene_name
adh5,adh5,ENSDARG00000080010,zfin_id_symbol
adh8a,adh8a,ENSDARG00000091211,external_gene_name
adh8a,adh8a,ENSDARG00000091211,zfin_id_symbol
adh8b,adh8b,ENSDARG00000024278,external_gene_name
adh8b,adh8b,ENSDARG00000024278,zfin_id_symbol
adhfe1,adhfe1,ENSDARG00000053518,external_gene_name
adhfe1,adhfe1,ENSDARG00000053518,zfin_id_symbol
adi1,adi1,ENSDARG00000020448,external_gene_name
adi1,adi1,ENSDARG00000020448,zfin_id_symbol
adka,adka,ENSDARG00000039429,external_gene_name
adka,adka,ENSDARG00000039429,zfin_id_symbol
adoa,adoa,ENSDARG00000042827,external_gene_name
adoa,adoa,ENSDARG00000042827,zfin_id_symbol
adob,adob,ENSDARG00000053571,external_gene_name
adob,adob,ENSDARG00000053571,zfin_id_symbol
adpgk,adpgk,ENSDARG00000063525,external_gene_name
adpgk,adpgk,ENSDARG00000063525,zfin_id_symbol
adprh,adprh,ENSDARG00000040712,external_gene_name
adprh,adprh,ENSDARG00000040712,zfin_id_symbol
adprm,adprm,ENSDARG00000026090,external_gene_name
adprm,adprm,ENSDARG00000026090,zfin_id_symbol
adsl,adsl,ENSDARG00000017049,external_gene_name
adsl,adsl,ENSDARG00000017049,zfin_id_symbol
adss1,adss1,ENSDARG00000099517,external_gene_name
adss1,adss1,ENSDARG00000099517,zfin_id_symbol
adss2,adss2,ENSDARG00000002071,external_gene_name
adss2,adss2,ENSDARG00000002071,zfin_id_symbol
afmid,afmid,ENSDARG00000099106,external_gene_name
afmid,afmid,ENSDARG00000099106,zfin_id_symbol
aga,aga,ENSDARG00000004889,external_gene_name
aga,aga,ENSDARG00000004889,zfin_id_symbol
agk,agk,ENSDARG00000009837,external_gene_name
agk,agk,ENSDARG00000009837,zfin_id_symbol
agla,agla,ENSDARG00000103811,external_gene_name
agla,agla,ENSDARG00000103811,zfin_id_symbol
agmat,agmat,ENSDARG00000059700,external_gene_name
agmat,agmat,ENSDARG00000059700,zfin_id_symbol
agpat2,agpat2,ENSDARG00000101139,external_gene_name
agpat2,agpat2,ENSDARG00000101139,zfin_id_symbol
agpat3,agpat3,ENSDARG00000036549,external_gene_name
agpat3,agpat3,ENSDARG00000036549,zfin_id_symbol
agpat4,agpat4,ENSDARG00000069044,external_gene_name
agpat4,agpat4,ENSDARG00000069044,zfin_id_symbol
agpat5,agpat5,ENSDARG00000063187,external_gene_name
agpat5,agpat5,ENSDARG00000063187,zfin_id_symbol
agpat9l,agpat9l,ENSDARG00000006491,external_gene_name
agpat9l,agpat9l,ENSDARG00000006491,zfin_id_symbol
agps,agps,ENSDARG00000042821,external_gene_name
agps,agps,ENSDARG00000042821,zfin_id_symbol
agt,agt,ENSDARG00000016412,external_gene_name
agt,agt,ENSDARG00000016412,zfin_id_symbol
agxt2,agxt2,ENSDARG00000100709,external_gene_name
agxt2,agxt2,ENSDARG00000100709,zfin_id_symbol
agxtb,agxtb,ENSDARG00000018478,external_gene_name
agxtb,agxtb,ENSDARG00000018478,zfin_id_symbol
ahctf1,ahctf1,ENSDARG00000077530,external_gene_name
ahctf1,ahctf1,ENSDARG00000077530,zfin_id_symbol
ahcy,ahcy,ENSDARG00000005191,external_gene_name
ahcy,ahcy,ENSDARG00000005191,zfin_id_symbol
ahcyl1,ahcyl1,ENSDARG00000056331,external_gene_name
ahcyl1,ahcyl1,ENSDARG00000056331,zfin_id_symbol
ahcyl2b,ahcyl2b,ENSDARG00000039343,external_gene_name
ahcyl2b,ahcyl2b,ENSDARG00000039343,zfin_id_symbol
aicda,aicda,ENSDARG00000015734,external_gene_name
aicda,aicda,ENSDARG00000015734,zfin_id_symbol
ak1,ak1,ENSDARG00000001950,external_gene_name
ak1,ak1,ENSDARG00000001950,zfin_id_symbol
ak2,ak2,ENSDARG00000005926,external_gene_name
ak2,ak2,ENSDARG00000005926,zfin_id_symbol
ak3,ak3,ENSDARG00000058226,external_gene_name
ak3,ak3,ENSDARG00000058226,zfin_id_symbol
ak4,ak4,ENSDARG00000006546,external_gene_name
ak4,ak4,ENSDARG00000006546,zfin_id_symbol
ak5,ak5,ENSDARG00000012555,external_gene_name
ak5,ak5,ENSDARG00000012555,zfin_id_symbol
ak7b,ak7b,ENSDARG00000017023,external_gene_name
ak7b,ak7b,ENSDARG00000017023,zfin_id_symbol
ak8,ak8,ENSDARG00000030961,external_gene_name
ak8,ak8,ENSDARG00000030961,zfin_id_symbol
ak9,ak9,ENSDARG00000021913,external_gene_name
ak9,ak9,ENSDARG00000021913,zfin_id_symbol
akr1a1b,akr1a1b,ENSDARG00000052030,external_gene_name
akr1a1b,akr1a1b,ENSDARG00000052030,zfin_id_symbol
akr1b1.2,akr1b1.2,ENSDARG00000045598,external_gene_name
akr1b1.2,akr1b1.2,ENSDARG00000045598,zfin_id_symbol
akr7a3,akr7a3,ENSDARG00000016649,external_gene_name
akr7a3,akr7a3,ENSDARG00000016649,zfin_id_symbol
alad,alad,ENSDARG00000100372,external_gene_name
alad,alad,ENSDARG00000100372,zfin_id_symbol
alas1,alas1,ENSDARG00000021059,external_gene_name
alas1,alas1,ENSDARG00000021059,zfin_id_symbol
alas2,alas2,ENSDARG00000038643,external_gene_name
alas2,alas2,ENSDARG00000038643,zfin_id_symbol
aldh18a1,aldh18a1,ENSDARG00000099579,external_gene_name
aldh18a1,aldh18a1,ENSDARG00000099579,zfin_id_symbol
aldh1a2,aldh1a2,ENSDARG00000053493,external_gene_name
aldh1a2,aldh1a2,ENSDARG00000053493,zfin_id_symbol
aldh1a3,aldh1a3,ENSDARG00000076933,external_gene_name
aldh1a3,aldh1a3,ENSDARG00000076933,zfin_id_symbol
aldh1l1,aldh1l1,ENSDARG00000077004,external_gene_name
aldh1l1,aldh1l1,ENSDARG00000077004,zfin_id_symbol
aldh1l2,aldh1l2,ENSDARG00000070230,external_gene_name
aldh1l2,aldh1l2,ENSDARG00000070230,zfin_id_symbol
aldh2.1,aldh2.1,ENSDARG00000089924,external_gene_name
aldh2.1,aldh2.1,ENSDARG00000089924,zfin_id_symbol
aldh2.2,aldh2.2,ENSDARG00000028087,external_gene_name
aldh2.2,aldh2.2,ENSDARG00000028087,zfin_id_symbol
aldh3a2a,aldh3a2a,ENSDARG00000028259,external_gene_name
aldh3a2a,aldh3a2a,ENSDARG00000028259,zfin_id_symbol
aldh3a2b,aldh3a2b,ENSDARG00000029381,external_gene_name
aldh3a2b,aldh3a2b,ENSDARG00000029381,zfin_id_symbol
aldh3b1,aldh3b1,ENSDARG00000013839,external_gene_name
aldh3b1,aldh3b1,ENSDARG00000013839,zfin_id_symbol
aldh4a1,aldh4a1,ENSDARG00000038207,external_gene_name
aldh4a1,aldh4a1,ENSDARG00000038207,zfin_id_symbol
aldh5a1,aldh5a1,ENSDARG00000076544,external_gene_name
aldh5a1,aldh5a1,ENSDARG00000076544,zfin_id_symbol
aldh6a1,aldh6a1,ENSDARG00000053485,external_gene_name
aldh6a1,aldh6a1,ENSDARG00000053485,zfin_id_symbol
aldh7a1,aldh7a1,ENSDARG00000018426,external_gene_name
aldh7a1,aldh7a1,ENSDARG00000018426,zfin_id_symbol
aldh8a1,aldh8a1,ENSDARG00000036776,external_gene_name
aldh8a1,aldh8a1,ENSDARG00000036776,zfin_id_symbol
aldh9a1a.1,aldh9a1a.1,ENSDARG00000069100,external_gene_name
aldh9a1a.1,aldh9a1a.1,ENSDARG00000069100,zfin_id_symbol
aldoaa,aldoaa,ENSDARG00000011665,external_gene_name
aldoaa,aldoaa,ENSDARG00000011665,zfin_id_symbol
aldob,aldob,ENSDARG00000053684,external_gene_name
aldob,aldob,ENSDARG00000053684,zfin_id_symbol
aldocb,aldocb,ENSDARG00000019702,external_gene_name
aldocb,aldocb,ENSDARG00000019702,zfin_id_symbol
alg1,alg1,ENSDARG00000054963,external_gene_name
alg1,alg1,ENSDARG00000054963,zfin_id_symbol
alg10,alg10,ENSDARG00000053917,external_gene_name
alg10,alg10,ENSDARG00000053917,zfin_id_symbol
alg11,alg11,ENSDARG00000031202,external_gene_name
alg11,alg11,ENSDARG00000031202,zfin_id_symbol
alg12,alg12,ENSDARG00000041199,external_gene_name
alg12,alg12,ENSDARG00000041199,zfin_id_symbol
alg13,alg13,ENSDARG00000054374,external_gene_name
alg13,alg13,ENSDARG00000054374,zfin_id_symbol
alg14,alg14,ENSDARG00000103093,external_gene_name
alg14,alg14,ENSDARG00000103093,zfin_id_symbol
alg2,alg2,ENSDARG00000070399,external_gene_name
alg2,alg2,ENSDARG00000070399,zfin_id_symbol
alg3,alg3,ENSDARG00000053155,external_gene_name
alg3,alg3,ENSDARG00000053155,zfin_id_symbol
alg5,alg5,ENSDARG00000061235,external_gene_name
alg5,alg5,ENSDARG00000061235,zfin_id_symbol
alg6,alg6,ENSDARG00000017617,external_gene_name
alg6,alg6,ENSDARG00000017617,zfin_id_symbol
alg8,alg8,ENSDARG00000044627,external_gene_name
alg8,alg8,ENSDARG00000044627,zfin_id_symbol
alg9,alg9,ENSDARG00000012840,external_gene_name
alg9,alg9,ENSDARG00000012840,zfin_id_symbol
alkbh8,alkbh8,ENSDARG00000060256,external_gene_name
alkbh8,alkbh8,ENSDARG00000060256,zfin_id_symbol
allc,allc,ENSDARG00000042562,external_gene_name
allc,allc,ENSDARG00000042562,zfin_id_symbol
alox12,alox12,ENSDARG00000069463,external_gene_name
alox12,alox12,ENSDARG00000069463,zfin_id_symbol
alox5a,alox5a,ENSDARG00000057273,external_gene_name
alox5a,alox5a,ENSDARG00000057273,zfin_id_symbol
alpi.2,alpi.2,ENSDARG00000053774,external_gene_name
alpi.2,alpi.2,ENSDARG00000053774,zfin_id_symbol
alpl,alpl,ENSDARG00000015546,external_gene_name
alpl,alpl,ENSDARG00000015546,zfin_id_symbol
amacr,amacr,ENSDARG00000057435,external_gene_name
amacr,amacr,ENSDARG00000057435,zfin_id_symbol
amd1,amd1,ENSDARG00000043856,external_gene_name
amd1,amd1,ENSDARG00000043856,zfin_id_symbol
amdhd1,amdhd1,ENSDARG00000007366,external_gene_name
amdhd1,amdhd1,ENSDARG00000007366,zfin_id_symbol
amdhd2,amdhd2,ENSDARG00000100376,external_gene_name
amdhd2,amdhd2,ENSDARG00000100376,zfin_id_symbol
amfra,amfra,ENSDARG00000020218,external_gene_name
amfra,amfra,ENSDARG00000020218,zfin_id_symbol
amigo3,amigo3,ENSDARG00000074469,external_gene_name
amigo3,amigo3,ENSDARG00000074469,zfin_id_symbol
amn,amn,ENSDARG00000062947,external_gene_name
amn,amn,ENSDARG00000062947,zfin_id_symbol
ampd1,ampd1,ENSDARG00000033832,external_gene_name
ampd1,ampd1,ENSDARG00000033832,zfin_id_symbol
ampd2a,ampd2a,ENSDARG00000104491,external_gene_name
ampd2a,ampd2a,ENSDARG00000104491,zfin_id_symbol
ampd3b,ampd3b,ENSDARG00000032469,external_gene_name
ampd3b,ampd3b,ENSDARG00000032469,zfin_id_symbol
amt,amt,ENSDARG00000010862,external_gene_name
amt,amt,ENSDARG00000010862,zfin_id_symbol
amy2a,amy2a,ENSDARG00000013856,external_gene_name
amy2a,amy2a,ENSDARG00000013856,zfin_id_symbol
amy2al1,amy2al1,ENSDARG00000030357,external_gene_name
amy2al1,amy2al1,ENSDARG00000030357,zfin_id_symbol
anapc11,anapc11,ENSDARG00000102531,external_gene_name
anapc11,anapc11,ENSDARG00000102531,zfin_id_symbol
angptl4,angptl4,ENSDARG00000035859,external_gene_name
angptl4,angptl4,ENSDARG00000035859,zfin_id_symbol
ankrd1a,ankrd1a,ENSDARG00000075263,external_gene_name
ankrd1a,ankrd1a,ENSDARG00000075263,zfin_id_symbol
anxa3b,anxa3b,ENSDARG00000044254,external_gene_name
anxa3b,anxa3b,ENSDARG00000044254,zfin_id_symbol
aoc1,aoc1,ENSDARG00000061355,external_gene_name
aoc1,aoc1,ENSDARG00000061355,zfin_id_symbol
aoc2,aoc2,ENSDARG00000014646,external_gene_name
aoc2,aoc2,ENSDARG00000014646,zfin_id_symbol
aox6,aox6,ENSDARG00000020054,external_gene_name
aox6,aox6,ENSDARG00000020054,zfin_id_symbol
ap1g1,ap1g1,ENSDARG00000102394,external_gene_name
ap1g1,ap1g1,ENSDARG00000102394,zfin_id_symbol
apip,apip,ENSDARG00000003132,external_gene_name
apip,apip,ENSDARG00000003132,zfin_id_symbol
apoa1a,apoa1a,ENSDARG00000012076,external_gene_name
apoa1a,apoa1a,ENSDARG00000012076,zfin_id_symbol
apoba,apoba,ENSDARG00000042780,external_gene_name
apoba,apoba,ENSDARG00000042780,zfin_id_symbol
apoc1,apoc1,ENSDARG00000092170,external_gene_name
apoc1,apoc1,ENSDARG00000092170,zfin_id_symbol
apoc2,apoc2,ENSDARG00000092155,external_gene_name
apoc2,apoc2,ENSDARG00000092155,zfin_id_symbol
apoea,apoea,ENSDARG00000102004,external_gene_name
apoea,apoea,ENSDARG00000102004,zfin_id_symbol
apoeb,apoeb,ENSDARG00000040295,external_gene_name
apoeb,apoeb,ENSDARG00000040295,zfin_id_symbol
aprt,aprt,ENSDARG00000003519,external_gene_name
aprt,aprt,ENSDARG00000003519,zfin_id_symbol
aqp10b,aqp10b,ENSDARG00000058678,external_gene_name
aqp10b,aqp10b,ENSDARG00000058678,zfin_id_symbol
aqp1a.1,aqp1a.1,ENSDARG00000023713,external_gene_name
aqp1a.1,aqp1a.1,ENSDARG00000023713,zfin_id_symbol
aqp3a,aqp3a,ENSDARG00000003808,external_gene_name
aqp3a,aqp3a,ENSDARG00000003808,zfin_id_symbol
aqp3b,aqp3b,ENSDARG00000069518,external_gene_name
aqp3b,aqp3b,ENSDARG00000069518,zfin_id_symbol
aqp4,aqp4,ENSDARG00000010565,external_gene_name
aqp4,aqp4,ENSDARG00000010565,zfin_id_symbol
aqp7,aqp7,ENSDARG00000026787,external_gene_name
aqp7,aqp7,ENSDARG00000026787,zfin_id_symbol
aqp8a.1,aqp8a.1,ENSDARG00000045141,external_gene_name
aqp8a.1,aqp8a.1,ENSDARG00000045141,zfin_id_symbol
aqp9b,aqp9b,ENSDARG00000053480,external_gene_name
aqp9b,aqp9b,ENSDARG00000053480,zfin_id_symbol
arcn1a,arcn1a,ENSDARG00000002792,external_gene_name
arcn1a,arcn1a,ENSDARG00000002792,zfin_id_symbol
arg1,arg1,ENSDARG00000057429,external_gene_name
arg1,arg1,ENSDARG00000057429,zfin_id_symbol
arg2,arg2,ENSDARG00000039269,external_gene_name
arg2,arg2,ENSDARG00000039269,zfin_id_symbol
arid4b,arid4b,ENSDARG00000090656,external_gene_name
arid4b,arid4b,ENSDARG00000090656,zfin_id_symbol
arsa,arsa,ENSDARG00000042270,external_gene_name
arsa,arsa,ENSDARG00000042270,zfin_id_symbol
arsh,arsh,ENSDARG00000002299,external_gene_name
arsh,arsh,ENSDARG00000002299,zfin_id_symbol
art4,art4,ENSDARG00000078178,external_gene_name
art4,art4,ENSDARG00000078178,zfin_id_symbol
as3mt,as3mt,ENSDARG00000027572,external_gene_name
as3mt,as3mt,ENSDARG00000027572,zfin_id_symbol
asah1b,asah1b,ENSDARG00000034817,external_gene_name
asah1b,asah1b,ENSDARG00000034817,zfin_id_symbol
asah2,asah2,ENSDARG00000012829,external_gene_name
asah2,asah2,ENSDARG00000012829,zfin_id_symbol
asb12b,asb12b,ENSDARG00000037558,external_gene_name
asb12b,asb12b,ENSDARG00000037558,zfin_id_symbol
ash1l,ash1l,ENSDARG00000070981,external_gene_name
ash1l,ash1l,ENSDARG00000070981,zfin_id_symbol
asl,asl,ENSDARG00000033361,external_gene_name
asl,asl,ENSDARG00000033361,zfin_id_symbol
asmt,asmt,ENSDARG00000098249,external_gene_name
asmt,asmt,ENSDARG00000098249,zfin_id_symbol
asns,asns,ENSDARG00000016375,external_gene_name
asns,asns,ENSDARG00000016375,zfin_id_symbol
aspa,aspa,ENSDARG00000005154,external_gene_name
aspa,aspa,ENSDARG00000005154,zfin_id_symbol
aspg,aspg,ENSDARG00000052942,external_gene_name
aspg,aspg,ENSDARG00000052942,zfin_id_symbol
asrgl1,asrgl1,ENSDARG00000021681,external_gene_name
asrgl1,asrgl1,ENSDARG00000021681,zfin_id_symbol
ate1,ate1,ENSDARG00000103813,external_gene_name
ate1,ate1,ENSDARG00000103813,zfin_id_symbol
atg9b,atg9b,ENSDARG00000055292,external_gene_name
atg9b,atg9b,ENSDARG00000055292,zfin_id_symbol
atic,atic,ENSDARG00000016706,external_gene_name
atic,atic,ENSDARG00000016706,zfin_id_symbol
atp10a,atp10a,ENSDARG00000061039,external_gene_name
atp10a,atp10a,ENSDARG00000061039,zfin_id_symbol
atp11a,atp11a,ENSDARG00000008413,external_gene_name
atp11a,atp11a,ENSDARG00000008413,zfin_id_symbol
atp11c,atp11c,ENSDARG00000036442,external_gene_name
atp11c,atp11c,ENSDARG00000036442,zfin_id_symbol
atp1a1a.1,atp1a1a.1,ENSDARG00000002791,external_gene_name
atp1a1a.1,atp1a1a.1,ENSDARG00000002791,zfin_id_symbol
atp1a2a,atp1a2a,ENSDARG00000010472,external_gene_name
atp1a2a,atp1a2a,ENSDARG00000010472,zfin_id_symbol
atp1a3a,atp1a3a,ENSDARG00000018259,external_gene_name
atp1a3a,atp1a3a,ENSDARG00000018259,zfin_id_symbol
atp1b1a,atp1b1a,ENSDARG00000013144,external_gene_name
atp1b1a,atp1b1a,ENSDARG00000013144,zfin_id_symbol
atp1b2b,atp1b2b,ENSDARG00000034424,external_gene_name
atp1b2b,atp1b2b,ENSDARG00000034424,zfin_id_symbol
atp1b3a,atp1b3a,ENSDARG00000015790,external_gene_name
atp1b3a,atp1b3a,ENSDARG00000015790,zfin_id_symbol
atp1b3b,atp1b3b,ENSDARG00000042837,external_gene_name
atp1b3b,atp1b3b,ENSDARG00000042837,zfin_id_symbol
atp1b4,atp1b4,ENSDARG00000053262,external_gene_name
atp1b4,atp1b4,ENSDARG00000053262,zfin_id_symbol
atp2a1l,atp2a1l,ENSDARG00000035458,external_gene_name
atp2a1l,atp2a1l,ENSDARG00000035458,zfin_id_symbol
atp2a2b,atp2a2b,ENSDARG00000005122,external_gene_name
atp2a2b,atp2a2b,ENSDARG00000005122,zfin_id_symbol
atp2a3,atp2a3,ENSDARG00000060978,external_gene_name
atp2a3,atp2a3,ENSDARG00000060978,zfin_id_symbol
atp2b1a,atp2b1a,ENSDARG00000012684,external_gene_name
atp2b1a,atp2b1a,ENSDARG00000012684,zfin_id_symbol
atp2b2,atp2b2,ENSDARG00000063433,external_gene_name
atp2b2,atp2b2,ENSDARG00000063433,zfin_id_symbol
atp2b3b,atp2b3b,ENSDARG00000023445,external_gene_name
atp2b3b,atp2b3b,ENSDARG00000023445,zfin_id_symbol
atp2b4,atp2b4,ENSDARG00000044902,external_gene_name
atp2b4,atp2b4,ENSDARG00000044902,zfin_id_symbol
atp2c1,atp2c1,ENSDARG00000060197,external_gene_name
atp2c1,atp2c1,ENSDARG00000060197,zfin_id_symbol
atp5f1b,atp5f1b,ENSDARG00000070083,external_gene_name
atp5f1b,atp5f1b,ENSDARG00000070083,zfin_id_symbol
atp5f1c,atp5f1c,ENSDARG00000045514,external_gene_name
atp5f1c,atp5f1c,ENSDARG00000045514,zfin_id_symbol
atp5f1d,atp5f1d,ENSDARG00000019404,external_gene_name
atp5f1d,atp5f1d,ENSDARG00000019404,zfin_id_symbol
atp5f1e,atp5f1e,ENSDARG00000095897,external_gene_name
atp5f1e,atp5f1e,ENSDARG00000095897,zfin_id_symbol
atp5fa1,atp5fa1,ENSDARG00000010149,external_gene_name
atp5fa1,atp5fa1,ENSDARG00000010149,zfin_id_symbol
atp5l,atp5l,ENSDARG00000011841,external_gene_name
atp5l,atp5l,ENSDARG00000011841,zfin_id_symbol
atp5mc1,atp5mc1,ENSDARG00000056008,external_gene_name
atp5mc1,atp5mc1,ENSDARG00000056008,zfin_id_symbol
atp5mc3a,atp5mc3a,ENSDARG00000017775,external_gene_name
atp5mc3a,atp5mc3a,ENSDARG00000017775,zfin_id_symbol
atp5md,atp5md,ENSDARG00000096003,external_gene_name
atp5md,atp5md,ENSDARG00000096003,zfin_id_symbol
atp5mea,atp5mea,ENSDARG00000078113,external_gene_name
atp5mea,atp5mea,ENSDARG00000078113,zfin_id_symbol
atp5mf,atp5mf,ENSDARG00000037867,external_gene_name
atp5mf,atp5mf,ENSDARG00000037867,zfin_id_symbol
atp5mj,atp5mj,ENSDARG00000092873,external_gene_name
atp5mj,atp5mj,ENSDARG00000092873,zfin_id_symbol
atp5pb,atp5pb,ENSDARG00000011553,external_gene_name
atp5pb,atp5pb,ENSDARG00000011553,zfin_id_symbol
atp5pd,atp5pd,ENSDARG00000098355,external_gene_name
atp5pd,atp5pd,ENSDARG00000098355,zfin_id_symbol
atp5pf,atp5pf,ENSDARG00000014313,external_gene_name
atp5pf,atp5pf,ENSDARG00000014313,zfin_id_symbol
atp5po,atp5po,ENSDARG00000001788,external_gene_name
atp5po,atp5po,ENSDARG00000001788,zfin_id_symbol
atp6ap1a,atp6ap1a,ENSDARG00000041417,external_gene_name
atp6ap1a,atp6ap1a,ENSDARG00000041417,zfin_id_symbol
atp6v0a1a,atp6v0a1a,ENSDARG00000020847,external_gene_name
atp6v0a1a,atp6v0a1a,ENSDARG00000020847,zfin_id_symbol
atp6v0a2b,atp6v0a2b,ENSDARG00000035565,external_gene_name
atp6v0a2b,atp6v0a2b,ENSDARG00000035565,zfin_id_symbol
atp6v0b,atp6v0b,ENSDARG00000031681,external_gene_name
atp6v0b,atp6v0b,ENSDARG00000031681,zfin_id_symbol
atp6v0ca,atp6v0ca,ENSDARG00000057853,external_gene_name
atp6v0ca,atp6v0ca,ENSDARG00000057853,zfin_id_symbol
atp6v0cb,atp6v0cb,ENSDARG00000036577,external_gene_name
atp6v0cb,atp6v0cb,ENSDARG00000036577,zfin_id_symbol
atp6v0d1,atp6v0d1,ENSDARG00000069090,external_gene_name
atp6v0d1,atp6v0d1,ENSDARG00000069090,zfin_id_symbol
atp6v0e1,atp6v0e1,ENSDARG00000101794,external_gene_name
atp6v0e1,atp6v0e1,ENSDARG00000101794,zfin_id_symbol
atp6v1ab,atp6v1ab,ENSDARG00000076318,external_gene_name
atp6v1ab,atp6v1ab,ENSDARG00000076318,zfin_id_symbol
atp6v1b2,atp6v1b2,ENSDARG00000043465,external_gene_name
atp6v1b2,atp6v1b2,ENSDARG00000043465,zfin_id_symbol
atp6v1c1a,atp6v1c1a,ENSDARG00000023967,external_gene_name
atp6v1c1a,atp6v1c1a,ENSDARG00000023967,zfin_id_symbol
atp6v1c2,atp6v1c2,ENSDARG00000070440,external_gene_name
atp6v1c2,atp6v1c2,ENSDARG00000070440,zfin_id_symbol
atp6v1d,atp6v1d,ENSDARG00000011175,external_gene_name
atp6v1d,atp6v1d,ENSDARG00000011175,zfin_id_symbol
atp6v1e1a,atp6v1e1a,ENSDARG00000014085,external_gene_name
atp6v1e1a,atp6v1e1a,ENSDARG00000014085,zfin_id_symbol
atp6v1e1b,atp6v1e1b,ENSDARG00000030694,external_gene_name
atp6v1e1b,atp6v1e1b,ENSDARG00000030694,zfin_id_symbol
atp6v1f,atp6v1f,ENSDARG00000045543,external_gene_name
atp6v1f,atp6v1f,ENSDARG00000045543,zfin_id_symbol
atp6v1g1,atp6v1g1,ENSDARG00000022315,external_gene_name
atp6v1g1,atp6v1g1,ENSDARG00000022315,zfin_id_symbol
atp6v1h,atp6v1h,ENSDARG00000006370,external_gene_name
atp6v1h,atp6v1h,ENSDARG00000006370,zfin_id_symbol
atp8a1,atp8a1,ENSDARG00000063001,external_gene_name
atp8a1,atp8a1,ENSDARG00000063001,zfin_id_symbol
atp8b1,atp8b1,ENSDARG00000060980,external_gene_name
atp8b1,atp8b1,ENSDARG00000060980,zfin_id_symbol
atp8b2,atp8b2,ENSDARG00000099216,external_gene_name
atp8b2,atp8b2,ENSDARG00000099216,zfin_id_symbol
atrip,atrip,ENSDARG00000063076,external_gene_name
atrip,atrip,ENSDARG00000063076,zfin_id_symbol
auh,auh,ENSDARG00000042975,external_gene_name
auh,auh,ENSDARG00000042975,zfin_id_symbol
b3galnt2,b3galnt2,ENSDARG00000046133,external_gene_name
b3galnt2,b3galnt2,ENSDARG00000046133,zfin_id_symbol
b3galt11,b3galt11,ENSDARG00000114948,external_gene_name
b3galt11,b3galt11,ENSDARG00000114948,zfin_id_symbol
b3galt2,b3galt2,ENSDARG00000102061,external_gene_name
b3galt2,b3galt2,ENSDARG00000102061,zfin_id_symbol
b3galt4,b3galt4,ENSDARG00000076218,external_gene_name
b3galt4,b3galt4,ENSDARG00000076218,zfin_id_symbol
b3galt6,b3galt6,ENSDARG00000038414,external_gene_name
b3galt6,b3galt6,ENSDARG00000038414,zfin_id_symbol
b3gat1a,b3gat1a,ENSDARG00000040547,external_gene_name
b3gat1a,b3gat1a,ENSDARG00000040547,zfin_id_symbol
b3gat2,b3gat2,ENSDARG00000030733,external_gene_name
b3gat2,b3gat2,ENSDARG00000030733,zfin_id_symbol
b3gat3,b3gat3,ENSDARG00000001939,external_gene_name
b3gat3,b3gat3,ENSDARG00000001939,zfin_id_symbol
b3glcta,b3glcta,ENSDARG00000073917,external_gene_name
b3glcta,b3glcta,ENSDARG00000073917,zfin_id_symbol
b3gnt2b,b3gnt2b,ENSDARG00000091902,external_gene_name
b3gnt2b,b3gnt2b,ENSDARG00000091902,zfin_id_symbol
b3gnt2l,b3gnt2l,ENSDARG00000068219,external_gene_name
b3gnt2l,b3gnt2l,ENSDARG00000068219,zfin_id_symbol
b3gnt3.4,b3gnt3.4,ENSDARG00000058100,external_gene_name
b3gnt3.4,b3gnt3.4,ENSDARG00000058100,zfin_id_symbol
b3gnt5a,b3gnt5a,ENSDARG00000018971,external_gene_name
b3gnt5a,b3gnt5a,ENSDARG00000018971,zfin_id_symbol
b3gnt7,b3gnt7,ENSDARG00000038489,external_gene_name
b3gnt7,b3gnt7,ENSDARG00000038489,zfin_id_symbol
b3gnt9,b3gnt9,ENSDARG00000041616,external_gene_name
b3gnt9,b3gnt9,ENSDARG00000041616,zfin_id_symbol
b4galnt1a,b4galnt1a,ENSDARG00000061520,external_gene_name
b4galnt1a,b4galnt1a,ENSDARG00000061520,zfin_id_symbol
b4galnt1b,b4galnt1b,ENSDARG00000077352,external_gene_name
b4galnt1b,b4galnt1b,ENSDARG00000077352,zfin_id_symbol
b4galnt2.1,b4galnt2.1,ENSDARG00000094579,external_gene_name
b4galnt2.1,b4galnt2.1,ENSDARG00000094579,zfin_id_symbol
b4galnt3b,b4galnt3b,ENSDARG00000058939,external_gene_name
b4galnt3b,b4galnt3b,ENSDARG00000058939,zfin_id_symbol
b4galnt4a,b4galnt4a,ENSDARG00000046150,external_gene_name
b4galnt4a,b4galnt4a,ENSDARG00000046150,zfin_id_symbol
b4galt1l,b4galt1l,ENSDARG00000104404,external_gene_name
b4galt1l,b4galt1l,ENSDARG00000104404,zfin_id_symbol
b4galt2,b4galt2,ENSDARG00000077994,external_gene_name
b4galt2,b4galt2,ENSDARG00000077994,zfin_id_symbol
b4galt3,b4galt3,ENSDARG00000062329,external_gene_name
b4galt3,b4galt3,ENSDARG00000062329,zfin_id_symbol
b4galt4,b4galt4,ENSDARG00000104042,external_gene_name
b4galt4,b4galt4,ENSDARG00000104042,zfin_id_symbol
b4galt5,b4galt5,ENSDARG00000037815,external_gene_name
b4galt5,b4galt5,ENSDARG00000037815,zfin_id_symbol
b4galt7,b4galt7,ENSDARG00000021899,external_gene_name
b4galt7,b4galt7,ENSDARG00000021899,zfin_id_symbol
b4gat1,b4gat1,ENSDARG00000077583,external_gene_name
b4gat1,b4gat1,ENSDARG00000077583,zfin_id_symbol
babam2,babam2,ENSDARG00000038863,external_gene_name
babam2,babam2,ENSDARG00000038863,zfin_id_symbol
bard1,bard1,ENSDARG00000076733,external_gene_name
bard1,bard1,ENSDARG00000076733,zfin_id_symbol
bbox1,bbox1,ENSDARG00000036135,external_gene_name
bbox1,bbox1,ENSDARG00000036135,zfin_id_symbol
bcap31,bcap31,ENSDARG00000044972,external_gene_name
bcap31,bcap31,ENSDARG00000044972,zfin_id_symbol
bcat1,bcat1,ENSDARG00000045568,external_gene_name
bcat1,bcat1,ENSDARG00000045568,zfin_id_symbol
bcat2,bcat2,ENSDARG00000054849,external_gene_name
bcat2,bcat2,ENSDARG00000054849,zfin_id_symbol
bcdin3d,bcdin3d,ENSDARG00000074111,external_gene_name
bcdin3d,bcdin3d,ENSDARG00000074111,zfin_id_symbol
bckdha,bckdha,ENSDARG00000040555,external_gene_name
bckdha,bckdha,ENSDARG00000040555,zfin_id_symbol
bckdhb,bckdhb,ENSDARG00000014676,external_gene_name
bckdhb,bckdhb,ENSDARG00000014676,zfin_id_symbol
bckdk,bckdk,ENSDARG00000016904,external_gene_name
bckdk,bckdk,ENSDARG00000016904,zfin_id_symbol
bco1,bco1,ENSDARG00000104256,external_gene_name
bco1,bco1,ENSDARG00000104256,zfin_id_symbol
bco2b,bco2b,ENSDARG00000041715,external_gene_name
bco2b,bco2b,ENSDARG00000041715,zfin_id_symbol
bdh1,bdh1,ENSDARG00000059388,external_gene_name
bdh1,bdh1,ENSDARG00000059388,zfin_id_symbol
bdh2,bdh2,ENSDARG00000052696,external_gene_name
bdh2,bdh2,ENSDARG00000052696,zfin_id_symbol
bhmt,bhmt,ENSDARG00000013430,external_gene_name
bhmt,bhmt,ENSDARG00000013430,zfin_id_symbol
birc6,birc6,ENSDARG00000074166,external_gene_name
birc6,birc6,ENSDARG00000074166,zfin_id_symbol
blvra,blvra,ENSDARG00000059857,external_gene_name
blvra,blvra,ENSDARG00000059857,zfin_id_symbol
blvrb,blvrb,ENSDARG00000096829,external_gene_name
blvrb,blvrb,ENSDARG00000096829,zfin_id_symbol
bmp1a,bmp1a,ENSDARG00000028071,external_gene_name
bmp1a,bmp1a,ENSDARG00000028071,zfin_id_symbol
bpgm,bpgm,ENSDARG00000070826,external_gene_name
bpgm,bpgm,ENSDARG00000070826,zfin_id_symbol
bpnt1,bpnt1,ENSDARG00000043684,external_gene_name
bpnt1,bpnt1,ENSDARG00000043684,zfin_id_symbol
bpnt2,bpnt2,ENSDARG00000058114,external_gene_name
bpnt2,bpnt2,ENSDARG00000058114,zfin_id_symbol
brap,brap,ENSDARG00000008560,external_gene_name
brap,brap,ENSDARG00000008560,zfin_id_symbol
brpf1,brpf1,ENSDARG00000103665,external_gene_name
brpf1,brpf1,ENSDARG00000103665,zfin_id_symbol
bscl2l,bscl2l,ENSDARG00000025912,external_gene_name
bscl2l,bscl2l,ENSDARG00000025912,zfin_id_symbol
btd,btd,ENSDARG00000099596,external_gene_name
btd,btd,ENSDARG00000099596,zfin_id_symbol
btr04,btr04,ENSDARG00000060962,external_gene_name
btr04,btr04,ENSDARG00000060962,zfin_id_symbol
bud23,bud23,ENSDARG00000063596,external_gene_name
bud23,bud23,ENSDARG00000063596,zfin_id_symbol
c1galt1c1,c1galt1c1,ENSDARG00000036335,external_gene_name
c1galt1c1,c1galt1c1,ENSDARG00000036335,zfin_id_symbol
c1galt1lb,c1galt1lb,ENSDARG00000055561,external_gene_name
c1galt1lb,c1galt1lb,ENSDARG00000055561,zfin_id_symbol
ca12,ca12,ENSDARG00000045644,external_gene_name
ca12,ca12,ENSDARG00000045644,zfin_id_symbol
ca14,ca14,ENSDARG00000061697,external_gene_name
ca14,ca14,ENSDARG00000061697,zfin_id_symbol
ca4c,ca4c,ENSDARG00000044512,external_gene_name
ca4c,ca4c,ENSDARG00000044512,zfin_id_symbol
ca5a,ca5a,ENSDARG00000101778,external_gene_name
ca5a,ca5a,ENSDARG00000101778,zfin_id_symbol
ca6,ca6,ENSDARG00000056499,external_gene_name
ca6,ca6,ENSDARG00000056499,zfin_id_symbol
ca7,ca7,ENSDARG00000045139,external_gene_name
ca7,ca7,ENSDARG00000045139,zfin_id_symbol
ca8,ca8,ENSDARG00000039098,external_gene_name
ca8,ca8,ENSDARG00000039098,zfin_id_symbol
ca9,ca9,ENSDARG00000102300,external_gene_name
ca9,ca9,ENSDARG00000102300,zfin_id_symbol
cad,cad,ENSDARG00000041895,external_gene_name
cad,cad,ENSDARG00000041895,zfin_id_symbol
cahz,cahz,ENSDARG00000011166,external_gene_name
cahz,cahz,ENSDARG00000011166,zfin_id_symbol
calm2b,calm2b,ENSDARG00000015050,external_gene_name
calm2b,calm2b,ENSDARG00000015050,zfin_id_symbol
calm3a,calm3a,ENSDARG00000100825,external_gene_name
calm3a,calm3a,ENSDARG00000100825,zfin_id_symbol
cant1a,cant1a,ENSDARG00000012192,external_gene_name
cant1a,cant1a,ENSDARG00000012192,zfin_id_symbol
capn3a,capn3a,ENSDARG00000041864,external_gene_name
capn3a,capn3a,ENSDARG00000041864,zfin_id_symbol
capn3b,capn3b,ENSDARG00000043035,external_gene_name
capn3b,capn3b,ENSDARG00000043035,zfin_id_symbol
carm1,carm1,ENSDARG00000018698,external_gene_name
carm1,carm1,ENSDARG00000018698,zfin_id_symbol
cars1,cars1,ENSDARG00000036164,external_gene_name
cars1,cars1,ENSDARG00000036164,zfin_id_symbol
cat,cat,ENSDARG00000104702,external_gene_name
cat,cat,ENSDARG00000104702,zfin_id_symbol
cbl,cbl,ENSDARG00000009958,external_gene_name
cbl,cbl,ENSDARG00000009958,zfin_id_symbol
cblb,cblb,ENSDARG00000015199,external_gene_name
cblb,cblb,ENSDARG00000015199,zfin_id_symbol
cblc,cblc,ENSDARG00000078217,external_gene_name
cblc,cblc,ENSDARG00000078217,zfin_id_symbol
cbll1,cbll1,ENSDARG00000015222,external_gene_name
cbll1,cbll1,ENSDARG00000015222,zfin_id_symbol
cbr1,cbr1,ENSDARG00000036587,external_gene_name
cbr1,cbr1,ENSDARG00000036587,zfin_id_symbol
cbr4,cbr4,ENSDARG00000009074,external_gene_name
cbr4,cbr4,ENSDARG00000009074,zfin_id_symbol
cbsa,cbsa,ENSDARG00000053500,external_gene_name
cbsa,cbsa,ENSDARG00000053500,zfin_id_symbol
cbx1b,cbx1b,ENSDARG00000054442,external_gene_name
cbx1b,cbx1b,ENSDARG00000054442,zfin_id_symbol
ccn2a,ccn2a,ENSDARG00000042934,external_gene_name
ccn2a,ccn2a,ENSDARG00000042934,zfin_id_symbol
cd36,cd36,ENSDARG00000032639,external_gene_name
cd36,cd36,ENSDARG00000032639,zfin_id_symbol
cdab,cdab,ENSDARG00000038199,external_gene_name
cdab,cdab,ENSDARG00000038199,zfin_id_symbol
cdc34a,cdc34a,ENSDARG00000069708,external_gene_name
cdc34a,cdc34a,ENSDARG00000069708,zfin_id_symbol
cdipt,cdipt,ENSDARG00000070686,external_gene_name
cdipt,cdipt,ENSDARG00000070686,zfin_id_symbol
cds1,cds1,ENSDARG00000019549,external_gene_name
cds1,cds1,ENSDARG00000019549,zfin_id_symbol
cds2,cds2,ENSDARG00000035577,external_gene_name
cds2,cds2,ENSDARG00000035577,zfin_id_symbol
cdyl,cdyl,ENSDARG00000038985,external_gene_name
cdyl,cdyl,ENSDARG00000038985,zfin_id_symbol
cel.1,cel.1,ENSDARG00000017490,external_gene_name
cel.1,cel.1,ENSDARG00000017490,zfin_id_symbol
cel.2,cel.2,ENSDARG00000029822,external_gene_name
cel.2,cel.2,ENSDARG00000029822,zfin_id_symbol
celsr3,celsr3,ENSDARG00000055825,external_gene_name
celsr3,celsr3,ENSDARG00000055825,zfin_id_symbol
cept1b,cept1b,ENSDARG00000021177,external_gene_name
cept1b,cept1b,ENSDARG00000021177,zfin_id_symbol
cercam,cercam,ENSDARG00000079049,external_gene_name
cercam,cercam,ENSDARG00000079049,zfin_id_symbol
cerk,cerk,ENSDARG00000069169,external_gene_name
cerk,cerk,ENSDARG00000069169,zfin_id_symbol
cers1,cers1,ENSDARG00000063412,external_gene_name
cers1,cers1,ENSDARG00000063412,zfin_id_symbol
cers2a,cers2a,ENSDARG00000013704,external_gene_name
cers2a,cers2a,ENSDARG00000013704,zfin_id_symbol
cers2b,cers2b,ENSDARG00000058992,external_gene_name
cers2b,cers2b,ENSDARG00000058992,zfin_id_symbol
cers3a,cers3a,ENSDARG00000078541,external_gene_name
cers3a,cers3a,ENSDARG00000078541,zfin_id_symbol
cers3b,cers3b,ENSDARG00000036337,external_gene_name
cers3b,cers3b,ENSDARG00000036337,zfin_id_symbol
cers4a,cers4a,ENSDARG00000031387,external_gene_name
cers4a,cers4a,ENSDARG00000031387,zfin_id_symbol
cers4b,cers4b,ENSDARG00000018619,external_gene_name
cers4b,cers4b,ENSDARG00000018619,zfin_id_symbol
cers5,cers5,ENSDARG00000002365,external_gene_name
cers5,cers5,ENSDARG00000002365,zfin_id_symbol
cers6,cers6,ENSDARG00000053583,external_gene_name
cers6,cers6,ENSDARG00000053583,zfin_id_symbol
cert1a,cert1a,ENSDARG00000024325,external_gene_name
cert1a,cert1a,ENSDARG00000024325,zfin_id_symbol
ces3,ces3,ENSDARG00000041595,external_gene_name
ces3,ces3,ENSDARG00000041595,zfin_id_symbol
cfap410,cfap410,ENSDARG00000099397,external_gene_name
cfap410,cfap410,ENSDARG00000099397,zfin_id_symbol
cfhl1,cfhl1,ENSDARG00000105212,external_gene_name
cfhl1,cfhl1,ENSDARG00000105212,zfin_id_symbol
cfhl2,cfhl2,ENSDARG00000103760,external_gene_name
cfhl2,cfhl2,ENSDARG00000103760,zfin_id_symbol
cfhl3,cfhl3,ENSDARG00000104205,external_gene_name
cfhl3,cfhl3,ENSDARG00000104205,zfin_id_symbol
ch25h,ch25h,ENSDARG00000045190,external_gene_name
ch25h,ch25h,ENSDARG00000045190,zfin_id_symbol
chata,chata,ENSDARG00000015854,external_gene_name
chata,chata,ENSDARG00000015854,zfin_id_symbol
chd9,chd9,ENSDARG00000074498,external_gene_name
chd9,chd9,ENSDARG00000074498,zfin_id_symbol
chdh,chdh,ENSDARG00000100304,external_gene_name
chdh,chdh,ENSDARG00000100304,zfin_id_symbol
chfr,chfr,ENSDARG00000075347,external_gene_name
chfr,chfr,ENSDARG00000075347,zfin_id_symbol
chia.2,chia.2,ENSDARG00000099185,external_gene_name
chia.2,chia.2,ENSDARG00000099185,zfin_id_symbol
chia.3,chia.3,ENSDARG00000009612,external_gene_name
chia.3,chia.3,ENSDARG00000009612,zfin_id_symbol
chia.5,chia.5,ENSDARG00000116259,external_gene_name
chia.5,chia.5,ENSDARG00000116259,zfin_id_symbol
chka,chka,ENSDARG00000041078,external_gene_name
chka,chka,ENSDARG00000041078,zfin_id_symbol
chkb,chkb,ENSDARG00000063167,external_gene_name
chkb,chkb,ENSDARG00000063167,zfin_id_symbol
chpf2,chpf2,ENSDARG00000059961,external_gene_name
chpf2,chpf2,ENSDARG00000059961,zfin_id_symbol
chpfa,chpfa,ENSDARG00000078392,external_gene_name
chpfa,chpfa,ENSDARG00000078392,zfin_id_symbol
chpfb,chpfb,ENSDARG00000078037,external_gene_name
chpfb,chpfb,ENSDARG00000078037,zfin_id_symbol
chpt1,chpt1,ENSDARG00000014572,external_gene_name
chpt1,chpt1,ENSDARG00000014572,zfin_id_symbol
chst1,chst1,ENSDARG00000088593,external_gene_name
chst1,chst1,ENSDARG00000088593,zfin_id_symbol
chst10,chst10,ENSDARG00000031632,external_gene_name
chst10,chst10,ENSDARG00000031632,zfin_id_symbol
chst11,chst11,ENSDARG00000034375,external_gene_name
chst11,chst11,ENSDARG00000034375,zfin_id_symbol
chst12a,chst12a,ENSDARG00000028786,external_gene_name
chst12a,chst12a,ENSDARG00000028786,zfin_id_symbol
chst14,chst14,ENSDARG00000043011,external_gene_name
chst14,chst14,ENSDARG00000043011,zfin_id_symbol
chst15,chst15,ENSDARG00000074527,external_gene_name
chst15,chst15,ENSDARG00000074527,zfin_id_symbol
chst2a,chst2a,ENSDARG00000075007,external_gene_name
chst2a,chst2a,ENSDARG00000075007,zfin_id_symbol
chst2b,chst2b,ENSDARG00000058585,external_gene_name
chst2b,chst2b,ENSDARG00000058585,zfin_id_symbol
chst3a,chst3a,ENSDARG00000061070,external_gene_name
chst3a,chst3a,ENSDARG00000061070,zfin_id_symbol
chst6,chst6,ENSDARG00000061357,external_gene_name
chst6,chst6,ENSDARG00000061357,zfin_id_symbol
chst7,chst7,ENSDARG00000044341,external_gene_name
chst7,chst7,ENSDARG00000044341,zfin_id_symbol
chsy1,chsy1,ENSDARG00000079027,external_gene_name
chsy1,chsy1,ENSDARG00000079027,zfin_id_symbol
chsy3,chsy3,ENSDARG00000069472,external_gene_name
chsy3,chsy3,ENSDARG00000069472,zfin_id_symbol
cidea,cidea,ENSDARG00000098245,external_gene_name
cidea,cidea,ENSDARG00000098245,zfin_id_symbol
cinp,cinp,ENSDARG00000073910,external_gene_name
cinp,cinp,ENSDARG00000073910,zfin_id_symbol
ckbb,ckbb,ENSDARG00000043257,external_gene_name
ckbb,ckbb,ENSDARG00000043257,zfin_id_symbol
ckma,ckma,ENSDARG00000035327,external_gene_name
ckma,ckma,ENSDARG00000035327,zfin_id_symbol
ckmt1,ckmt1,ENSDARG00000016598,external_gene_name
ckmt1,ckmt1,ENSDARG00000016598,zfin_id_symbol
ckmt2a,ckmt2a,ENSDARG00000069615,external_gene_name
ckmt2a,ckmt2a,ENSDARG00000069615,zfin_id_symbol
ckmt2b,ckmt2b,ENSDARG00000039929,external_gene_name
ckmt2b,ckmt2b,ENSDARG00000039929,zfin_id_symbol
clcf1,clcf1,ENSDARG00000076140,external_gene_name
clcf1,clcf1,ENSDARG00000076140,zfin_id_symbol
clocka,clocka,ENSDARG00000011703,external_gene_name
clocka,clocka,ENSDARG00000011703,zfin_id_symbol
cltrn,cltrn,ENSDARG00000041644,external_gene_name
cltrn,cltrn,ENSDARG00000041644,zfin_id_symbol
clybl,clybl,ENSDARG00000029729,external_gene_name
clybl,clybl,ENSDARG00000029729,zfin_id_symbol
cmasa,cmasa,ENSDARG00000057334,external_gene_name
cmasa,cmasa,ENSDARG00000057334,zfin_id_symbol
cmpk,cmpk,ENSDARG00000019924,external_gene_name
cmpk,cmpk,ENSDARG00000019924,zfin_id_symbol
cmpk2,cmpk2,ENSDARG00000031359,external_gene_name
cmpk2,cmpk2,ENSDARG00000031359,zfin_id_symbol
cmtr1,cmtr1,ENSDARG00000030830,external_gene_name
cmtr1,cmtr1,ENSDARG00000030830,zfin_id_symbol
cmtr2,cmtr2,ENSDARG00000036345,external_gene_name
cmtr2,cmtr2,ENSDARG00000036345,zfin_id_symbol
cndp2,cndp2,ENSDARG00000003931,external_gene_name
cndp2,cndp2,ENSDARG00000003931,zfin_id_symbol
cnot4a,cnot4a,ENSDARG00000007045,external_gene_name
cnot4a,cnot4a,ENSDARG00000007045,zfin_id_symbol
cnp,cnp,ENSDARG00000070822,external_gene_name
cnp,cnp,ENSDARG00000070822,zfin_id_symbol
coasy,coasy,ENSDARG00000042747,external_gene_name
coasy,coasy,ENSDARG00000042747,zfin_id_symbol
colgalt1a,colgalt1a,ENSDARG00000073974,external_gene_name
colgalt1a,colgalt1a,ENSDARG00000073974,zfin_id_symbol
colgalt1b,colgalt1b,ENSDARG00000058270,external_gene_name
colgalt1b,colgalt1b,ENSDARG00000058270,zfin_id_symbol
colgalt2b,colgalt2b,ENSDARG00000014670,external_gene_name
colgalt2b,colgalt2b,ENSDARG00000014670,zfin_id_symbol
comtb,comtb,ENSDARG00000025679,external_gene_name
comtb,comtb,ENSDARG00000025679,zfin_id_symbol
cop1,cop1,ENSDARG00000079329,external_gene_name
cop1,cop1,ENSDARG00000079329,zfin_id_symbol
copa,copa,ENSDARG00000004173,external_gene_name
copa,copa,ENSDARG00000004173,zfin_id_symbol
copb1,copb1,ENSDARG00000056557,external_gene_name
copb1,copb1,ENSDARG00000056557,zfin_id_symbol
copb2,copb2,ENSDARG00000038743,external_gene_name
copb2,copb2,ENSDARG00000038743,zfin_id_symbol
cope,cope,ENSDARG00000018562,external_gene_name
cope,cope,ENSDARG00000018562,zfin_id_symbol
copg2,copg2,ENSDARG00000034823,external_gene_name
copg2,copg2,ENSDARG00000034823,zfin_id_symbol
coq2,coq2,ENSDARG00000059510,external_gene_name
coq2,coq2,ENSDARG00000059510,zfin_id_symbol
coq3,coq3,ENSDARG00000069857,external_gene_name
coq3,coq3,ENSDARG00000069857,zfin_id_symbol
coq5,coq5,ENSDARG00000035618,external_gene_name
coq5,coq5,ENSDARG00000035618,zfin_id_symbol
coq6,coq6,ENSDARG00000060380,external_gene_name
coq6,coq6,ENSDARG00000060380,zfin_id_symbol
coq7,coq7,ENSDARG00000062594,external_gene_name
coq7,coq7,ENSDARG00000062594,zfin_id_symbol
cox10,cox10,ENSDARG00000034309,external_gene_name
cox10,cox10,ENSDARG00000034309,zfin_id_symbol
cox4i1,cox4i1,ENSDARG00000032970,external_gene_name
cox4i1,cox4i1,ENSDARG00000032970,zfin_id_symbol
cox5aa,cox5aa,ENSDARG00000088383,external_gene_name
cox5aa,cox5aa,ENSDARG00000088383,zfin_id_symbol
cox5bb,cox5bb,ENSDARG00000113254,external_gene_name
cox5bb,cox5bb,ENSDARG00000113254,zfin_id_symbol
cox6a2,cox6a2,ENSDARG00000054588,external_gene_name
cox6a2,cox6a2,ENSDARG00000054588,zfin_id_symbol
cox6b1,cox6b1,ENSDARG00000045230,external_gene_name
cox6b1,cox6b1,ENSDARG00000045230,zfin_id_symbol
cox6b2,cox6b2,ENSDARG00000037860,external_gene_name
cox6b2,cox6b2,ENSDARG00000037860,zfin_id_symbol
cox6c,cox6c,ENSDARG00000038577,external_gene_name
cox6c,cox6c,ENSDARG00000038577,zfin_id_symbol
cox7b,cox7b,ENSDARG00000115557,external_gene_name
cox7b,cox7b,ENSDARG00000115557,zfin_id_symbol
cox7c,cox7c,ENSDARG00000104537,external_gene_name
cox7c,cox7c,ENSDARG00000104537,zfin_id_symbol
cox8a,cox8a,ENSDARG00000095273,external_gene_name
cox8a,cox8a,ENSDARG00000095273,zfin_id_symbol
cp,cp,ENSDARG00000010312,external_gene_name
cp,cp,ENSDARG00000010312,zfin_id_symbol
cpa2,cpa2,ENSDARG00000010146,external_gene_name
cpa2,cpa2,ENSDARG00000010146,zfin_id_symbol
cpa5,cpa5,ENSDARG00000021339,external_gene_name
cpa5,cpa5,ENSDARG00000021339,zfin_id_symbol
cpa6,cpa6,ENSDARG00000012013,external_gene_name
cpa6,cpa6,ENSDARG00000012013,zfin_id_symbol
cpb1,cpb1,ENSDARG00000045442,external_gene_name
cpb1,cpb1,ENSDARG00000045442,zfin_id_symbol
cpne7,cpne7,ENSDARG00000102584,external_gene_name
cpne7,cpne7,ENSDARG00000102584,zfin_id_symbol
cpox,cpox,ENSDARG00000062025,external_gene_name
cpox,cpox,ENSDARG00000062025,zfin_id_symbol
cps1,cps1,ENSDARG00000020028,external_gene_name
cps1,cps1,ENSDARG00000020028,zfin_id_symbol
cpt1a2b,cpt1a2b,ENSDARG00000037943,external_gene_name
cpt1a2b,cpt1a2b,ENSDARG00000037943,zfin_id_symbol
cpt1aa,cpt1aa,ENSDARG00000059770,external_gene_name
cpt1aa,cpt1aa,ENSDARG00000059770,zfin_id_symbol
cpt1b,cpt1b,ENSDARG00000058285,external_gene_name
cpt1b,cpt1b,ENSDARG00000058285,zfin_id_symbol
cpt2,cpt2,ENSDARG00000038618,external_gene_name
cpt2,cpt2,ENSDARG00000038618,zfin_id_symbol
crata,crata,ENSDARG00000040248,external_gene_name
crata,crata,ENSDARG00000040248,zfin_id_symbol
crcp,crcp,ENSDARG00000069373,external_gene_name
crcp,crcp,ENSDARG00000069373,zfin_id_symbol
crebbpa,crebbpa,ENSDARG00000104609,external_gene_name
crebbpa,crebbpa,ENSDARG00000104609,zfin_id_symbol
crls1,crls1,ENSDARG00000038000,external_gene_name
crls1,crls1,ENSDARG00000038000,zfin_id_symbol
crot,crot,ENSDARG00000040352,external_gene_name
crot,crot,ENSDARG00000040352,zfin_id_symbol
cryl1,cryl1,ENSDARG00000003675,external_gene_name
cryl1,cryl1,ENSDARG00000003675,zfin_id_symbol
cryz,cryz,ENSDARG00000016074,external_gene_name
cryz,cryz,ENSDARG00000016074,zfin_id_symbol
cs,cs,ENSDARG00000103364,external_gene_name
cs,cs,ENSDARG00000103364,zfin_id_symbol
csad,csad,ENSDARG00000026348,external_gene_name
csad,csad,ENSDARG00000026348,zfin_id_symbol
csgalnact1a,csgalnact1a,ENSDARG00000040535,external_gene_name
csgalnact1a,csgalnact1a,ENSDARG00000040535,zfin_id_symbol
csgalnact2,csgalnact2,ENSDARG00000061400,external_gene_name
csgalnact2,csgalnact2,ENSDARG00000061400,zfin_id_symbol
cskmt,cskmt,ENSDARG00000054856,external_gene_name
cskmt,cskmt,ENSDARG00000054856,zfin_id_symbol
csnk1g2a,csnk1g2a,ENSDARG00000005458,external_gene_name
csnk1g2a,csnk1g2a,ENSDARG00000005458,zfin_id_symbol
csnk1g2b,csnk1g2b,ENSDARG00000034056,external_gene_name
csnk1g2b,csnk1g2b,ENSDARG00000034056,zfin_id_symbol
ctdspl2a,ctdspl2a,ENSDARG00000061587,external_gene_name
ctdspl2a,ctdspl2a,ENSDARG00000061587,zfin_id_symbol
cth,cth,ENSDARG00000074301,external_gene_name
cth,cth,ENSDARG00000074301,zfin_id_symbol
ctps1b,ctps1b,ENSDARG00000098386,external_gene_name
ctps1b,ctps1b,ENSDARG00000098386,zfin_id_symbol
ctsa,ctsa,ENSDARG00000098114,external_gene_name
ctsa,ctsa,ENSDARG00000098114,zfin_id_symbol
ctsba,ctsba,ENSDARG00000055120,external_gene_name
ctsba,ctsba,ENSDARG00000055120,zfin_id_symbol
ctsc,ctsc,ENSDARG00000101334,external_gene_name
ctsc,ctsc,ENSDARG00000101334,zfin_id_symbol
ctsd,ctsd,ENSDARG00000057698,external_gene_name
ctsd,ctsd,ENSDARG00000057698,zfin_id_symbol
ctsf,ctsf,ENSDARG00000063095,external_gene_name
ctsf,ctsf,ENSDARG00000063095,zfin_id_symbol
ctsh,ctsh,ENSDARG00000041108,external_gene_name
ctsh,ctsh,ENSDARG00000041108,zfin_id_symbol
ctsk,ctsk,ENSDARG00000040251,external_gene_name
ctsk,ctsk,ENSDARG00000040251,zfin_id_symbol
ctslb,ctslb,ENSDARG00000074306,external_gene_name
ctslb,ctslb,ENSDARG00000074306,zfin_id_symbol
ctsll,ctsll,ENSDARG00000011701,external_gene_name
ctsll,ctsll,ENSDARG00000011701,zfin_id_symbol
ctso,ctso,ENSDARG00000052855,external_gene_name
ctso,ctso,ENSDARG00000052855,zfin_id_symbol
ctss1,ctss1,ENSDARG00000036940,external_gene_name
ctss1,ctss1,ENSDARG00000036940,zfin_id_symbol
ctss2.1,ctss2.1,ENSDARG00000074656,external_gene_name
ctss2.1,ctss2.1,ENSDARG00000074656,zfin_id_symbol
ctsz,ctsz,ENSDARG00000043081,external_gene_name
ctsz,ctsz,ENSDARG00000043081,zfin_id_symbol
cubn,cubn,ENSDARG00000087013,external_gene_name
cubn,cubn,ENSDARG00000087013,zfin_id_symbol
cwc27,cwc27,ENSDARG00000043727,external_gene_name
cwc27,cwc27,ENSDARG00000043727,zfin_id_symbol
cyb5d1,cyb5d1,ENSDARG00000056007,external_gene_name
cyb5d1,cyb5d1,ENSDARG00000056007,zfin_id_symbol
cyb5r1,cyb5r1,ENSDARG00000018966,external_gene_name
cyb5r1,cyb5r1,ENSDARG00000018966,zfin_id_symbol
cyb5r2,cyb5r2,ENSDARG00000051925,external_gene_name
cyb5r2,cyb5r2,ENSDARG00000051925,zfin_id_symbol
cyb5r3,cyb5r3,ENSDARG00000005891,external_gene_name
cyb5r3,cyb5r3,ENSDARG00000005891,zfin_id_symbol
cyb5r4,cyb5r4,ENSDARG00000020898,external_gene_name
cyb5r4,cyb5r4,ENSDARG00000020898,zfin_id_symbol
cybrd1,cybrd1,ENSDARG00000095577,external_gene_name
cybrd1,cybrd1,ENSDARG00000095577,zfin_id_symbol
cyc1,cyc1,ENSDARG00000038075,external_gene_name
cyc1,cyc1,ENSDARG00000038075,zfin_id_symbol
cyp17a1,cyp17a1,ENSDARG00000033566,external_gene_name
cyp17a1,cyp17a1,ENSDARG00000033566,zfin_id_symbol
cyp19a1a,cyp19a1a,ENSDARG00000041348,external_gene_name
cyp19a1a,cyp19a1a,ENSDARG00000041348,zfin_id_symbol
cyp1a,cyp1a,ENSDARG00000098315,external_gene_name
cyp1a,cyp1a,ENSDARG00000098315,zfin_id_symbol
cyp1b1,cyp1b1,ENSDARG00000068934,external_gene_name
cyp1b1,cyp1b1,ENSDARG00000068934,zfin_id_symbol
cyp21a2,cyp21a2,ENSDARG00000037550,external_gene_name
cyp21a2,cyp21a2,ENSDARG00000037550,zfin_id_symbol
cyp24a1,cyp24a1,ENSDARG00000103277,external_gene_name
cyp24a1,cyp24a1,ENSDARG00000103277,zfin_id_symbol
cyp26a1,cyp26a1,ENSDARG00000033999,external_gene_name
cyp26a1,cyp26a1,ENSDARG00000033999,zfin_id_symbol
cyp26b1,cyp26b1,ENSDARG00000077121,external_gene_name
cyp26b1,cyp26b1,ENSDARG00000077121,zfin_id_symbol
cyp27a1.2,cyp27a1.2,ENSDARG00000069186,external_gene_name
cyp27a1.2,cyp27a1.2,ENSDARG00000069186,zfin_id_symbol
cyp27b1,cyp27b1,ENSDARG00000045015,external_gene_name
cyp27b1,cyp27b1,ENSDARG00000045015,zfin_id_symbol
cyp2p8,cyp2p8,ENSDARG00000042982,external_gene_name
cyp2p8,cyp2p8,ENSDARG00000042982,zfin_id_symbol
cyp2r1,cyp2r1,ENSDARG00000056587,external_gene_name
cyp2r1,cyp2r1,ENSDARG00000056587,zfin_id_symbol
cyp2u1,cyp2u1,ENSDARG00000026548,external_gene_name
cyp2u1,cyp2u1,ENSDARG00000026548,zfin_id_symbol
cyp39a1,cyp39a1,ENSDARG00000017982,external_gene_name
cyp39a1,cyp39a1,ENSDARG00000017982,zfin_id_symbol
cyp3c2,cyp3c2,ENSDARG00000037874,external_gene_name
cyp3c2,cyp3c2,ENSDARG00000037874,zfin_id_symbol
cyp3c3,cyp3c3,ENSDARG00000037873,external_gene_name
cyp3c3,cyp3c3,ENSDARG00000037873,zfin_id_symbol
cyp46a1.3,cyp46a1.3,ENSDARG00000089177,external_gene_name
cyp46a1.3,cyp46a1.3,ENSDARG00000089177,zfin_id_symbol
cyp4f3,cyp4f3,ENSDARG00000053530,external_gene_name
cyp4f3,cyp4f3,ENSDARG00000053530,zfin_id_symbol
cyp4t8,cyp4t8,ENSDARG00000004964,external_gene_name
cyp4t8,cyp4t8,ENSDARG00000004964,zfin_id_symbol
cyp51,cyp51,ENSDARG00000042641,external_gene_name
cyp51,cyp51,ENSDARG00000042641,zfin_id_symbol
cyp7a1,cyp7a1,ENSDARG00000069018,external_gene_name
cyp7a1,cyp7a1,ENSDARG00000069018,zfin_id_symbol
cyp7b1,cyp7b1,ENSDARG00000008858,external_gene_name
cyp7b1,cyp7b1,ENSDARG00000008858,zfin_id_symbol
dad1,dad1,ENSDARG00000102105,external_gene_name
dad1,dad1,ENSDARG00000102105,zfin_id_symbol
dagla,dagla,ENSDARG00000062956,external_gene_name
dagla,dagla,ENSDARG00000062956,zfin_id_symbol
daglb,daglb,ENSDARG00000089888,external_gene_name
daglb,daglb,ENSDARG00000089888,zfin_id_symbol
dao.1,dao.1,ENSDARG00000035602,external_gene_name
dao.1,dao.1,ENSDARG00000035602,zfin_id_symbol
dao.3,dao.3,ENSDARG00000035601,external_gene_name
dao.3,dao.3,ENSDARG00000035601,zfin_id_symbol
dars1,dars1,ENSDARG00000070043,external_gene_name
dars1,dars1,ENSDARG00000070043,zfin_id_symbol
dbh,dbh,ENSDARG00000069446,external_gene_name
dbh,dbh,ENSDARG00000069446,zfin_id_symbol
dbi,dbi,ENSDARG00000026369,external_gene_name
dbi,dbi,ENSDARG00000026369,zfin_id_symbol
dbpb,dbpb,ENSDARG00000057652,external_gene_name
dbpb,dbpb,ENSDARG00000057652,zfin_id_symbol
dbt,dbt,ENSDARG00000101561,external_gene_name
dbt,dbt,ENSDARG00000101561,zfin_id_symbol
dck,dck,ENSDARG00000044807,external_gene_name
dck,dck,ENSDARG00000044807,zfin_id_symbol
dct,dct,ENSDARG00000006008,external_gene_name
dct,dct,ENSDARG00000006008,zfin_id_symbol
dctd,dctd,ENSDARG00000036990,external_gene_name
dctd,dctd,ENSDARG00000036990,zfin_id_symbol
dctpp1,dctpp1,ENSDARG00000054334,external_gene_name
dctpp1,dctpp1,ENSDARG00000054334,zfin_id_symbol
dcxr,dcxr,ENSDARG00000079271,external_gene_name
dcxr,dcxr,ENSDARG00000079271,zfin_id_symbol
ddah1,ddah1,ENSDARG00000103042,external_gene_name
ddah1,ddah1,ENSDARG00000103042,zfin_id_symbol
ddah2,ddah2,ENSDARG00000105009,external_gene_name
ddah2,ddah2,ENSDARG00000105009,zfin_id_symbol
ddc,ddc,ENSDARG00000016494,external_gene_name
ddc,ddc,ENSDARG00000016494,zfin_id_symbol
ddo,ddo,ENSDARG00000079664,external_gene_name
ddo,ddo,ENSDARG00000079664,zfin_id_symbol
ddost,ddost,ENSDARG00000037318,external_gene_name
ddost,ddost,ENSDARG00000037318,zfin_id_symbol
ddx19a,ddx19a,ENSDARG00000044325,external_gene_name
ddx19a,ddx19a,ENSDARG00000044325,zfin_id_symbol
ddx19b,ddx19b,ENSDARG00000005699,external_gene_name
ddx19b,ddx19b,ENSDARG00000005699,zfin_id_symbol
decr1,decr1,ENSDARG00000003869,external_gene_name
decr1,decr1,ENSDARG00000003869,zfin_id_symbol
decr2,decr2,ENSDARG00000045257,external_gene_name
decr2,decr2,ENSDARG00000045257,zfin_id_symbol
degs1,degs1,ENSDARG00000007347,external_gene_name
degs1,degs1,ENSDARG00000007347,zfin_id_symbol
degs2,degs2,ENSDARG00000042544,external_gene_name
degs2,degs2,ENSDARG00000042544,zfin_id_symbol
dera,dera,ENSDARG00000005897,external_gene_name
dera,dera,ENSDARG00000005897,zfin_id_symbol
dgat1a,dgat1a,ENSDARG00000103503,external_gene_name
dgat1a,dgat1a,ENSDARG00000103503,zfin_id_symbol
dgat2,dgat2,ENSDARG00000018846,external_gene_name
dgat2,dgat2,ENSDARG00000018846,zfin_id_symbol
dgkaa,dgkaa,ENSDARG00000060626,external_gene_name
dgkaa,dgkaa,ENSDARG00000060626,zfin_id_symbol
dgkb,dgkb,ENSDARG00000027724,external_gene_name
dgkb,dgkb,ENSDARG00000027724,zfin_id_symbol
dgke,dgke,ENSDARG00000104793,external_gene_name
dgke,dgke,ENSDARG00000104793,zfin_id_symbol
dgkh,dgkh,ENSDARG00000018716,external_gene_name
dgkh,dgkh,ENSDARG00000018716,zfin_id_symbol
dgki,dgki,ENSDARG00000063578,external_gene_name
dgki,dgki,ENSDARG00000063578,zfin_id_symbol
dgkza,dgkza,ENSDARG00000014439,external_gene_name
dgkza,dgkza,ENSDARG00000014439,zfin_id_symbol
dguok,dguok,ENSDARG00000075395,external_gene_name
dguok,dguok,ENSDARG00000075395,zfin_id_symbol
dhcr24,dhcr24,ENSDARG00000013236,external_gene_name
dhcr24,dhcr24,ENSDARG00000013236,zfin_id_symbol
dhcr7,dhcr7,ENSDARG00000103226,external_gene_name
dhcr7,dhcr7,ENSDARG00000103226,zfin_id_symbol
dhdds,dhdds,ENSDARG00000039851,external_gene_name
dhdds,dhdds,ENSDARG00000039851,zfin_id_symbol
dhdh.2,dhdh.2,ENSDARG00000019081,external_gene_name
dhdh.2,dhdh.2,ENSDARG00000019081,zfin_id_symbol
dhfr,dhfr,ENSDARG00000004251,external_gene_name
dhfr,dhfr,ENSDARG00000004251,zfin_id_symbol
dhodh,dhodh,ENSDARG00000051889,external_gene_name
dhodh,dhodh,ENSDARG00000051889,zfin_id_symbol
dhps,dhps,ENSDARG00000003270,external_gene_name
dhps,dhps,ENSDARG00000003270,zfin_id_symbol
dhrs3a,dhrs3a,ENSDARG00000044982,external_gene_name
dhrs3a,dhrs3a,ENSDARG00000044982,zfin_id_symbol
dhrs4,dhrs4,ENSDARG00000021135,external_gene_name
dhrs4,dhrs4,ENSDARG00000021135,zfin_id_symbol
dhrs9,dhrs9,ENSDARG00000019260,external_gene_name
dhrs9,dhrs9,ENSDARG00000019260,zfin_id_symbol
dhtkd1,dhtkd1,ENSDARG00000016415,external_gene_name
dhtkd1,dhtkd1,ENSDARG00000016415,zfin_id_symbol
dio1,dio1,ENSDARG00000042112,external_gene_name
dio1,dio1,ENSDARG00000042112,zfin_id_symbol
dio2,dio2,ENSDARG00000094857,external_gene_name
dio2,dio2,ENSDARG00000094857,zfin_id_symbol
dio3b,dio3b,ENSDARG00000095767,external_gene_name
dio3b,dio3b,ENSDARG00000095767,zfin_id_symbol
dlat,dlat,ENSDARG00000015918,external_gene_name
dlat,dlat,ENSDARG00000015918,zfin_id_symbol
dldh,dldh,ENSDARG00000008785,external_gene_name
dldh,dldh,ENSDARG00000008785,zfin_id_symbol
dlst,dlst,ENSDARG00000014230,external_gene_name
dlst,dlst,ENSDARG00000014230,zfin_id_symbol
dlx4a,dlx4a,ENSDARG00000011956,external_gene_name
dlx4a,dlx4a,ENSDARG00000011956,zfin_id_symbol
dlx4b,dlx4b,ENSDARG00000071560,external_gene_name
dlx4b,dlx4b,ENSDARG00000071560,zfin_id_symbol
dmgdh,dmgdh,ENSDARG00000025703,external_gene_name
dmgdh,dmgdh,ENSDARG00000025703,zfin_id_symbol
dnm1b,dnm1b,ENSDARG00000009281,external_gene_name
dnm1b,dnm1b,ENSDARG00000009281,zfin_id_symbol
dnm1l,dnm1l,ENSDARG00000015006,external_gene_name
dnm1l,dnm1l,ENSDARG00000015006,zfin_id_symbol
dnm2a,dnm2a,ENSDARG00000069937,external_gene_name
dnm2a,dnm2a,ENSDARG00000069937,zfin_id_symbol
dnm3a,dnm3a,ENSDARG00000032238,external_gene_name
dnm3a,dnm3a,ENSDARG00000032238,zfin_id_symbol
dnmt1,dnmt1,ENSDARG00000030756,external_gene_name
dnmt1,dnmt1,ENSDARG00000030756,zfin_id_symbol
dnmt3ab,dnmt3ab,ENSDARG00000015566,external_gene_name
dnmt3ab,dnmt3ab,ENSDARG00000015566,zfin_id_symbol
dnmt3ba,dnmt3ba,ENSDARG00000052402,external_gene_name
dnmt3ba,dnmt3ba,ENSDARG00000052402,zfin_id_symbol
dnmt3bb.1,dnmt3bb.1,ENSDARG00000036791,external_gene_name
dnmt3bb.1,dnmt3bb.1,ENSDARG00000036791,zfin_id_symbol
dnmt3bb.3,dnmt3bb.3,ENSDARG00000057863,external_gene_name
dnmt3bb.3,dnmt3bb.3,ENSDARG00000057863,zfin_id_symbol
dolk,dolk,ENSDARG00000076991,external_gene_name
dolk,dolk,ENSDARG00000076991,zfin_id_symbol
dolpp1,dolpp1,ENSDARG00000036915,external_gene_name
dolpp1,dolpp1,ENSDARG00000036915,zfin_id_symbol
dot1l,dot1l,ENSDARG00000061992,external_gene_name
dot1l,dot1l,ENSDARG00000061992,zfin_id_symbol
dpagt1,dpagt1,ENSDARG00000061061,external_gene_name
dpagt1,dpagt1,ENSDARG00000061061,zfin_id_symbol
dpep1,dpep1,ENSDARG00000068181,external_gene_name
dpep1,dpep1,ENSDARG00000068181,zfin_id_symbol
dpep2,dpep2,ENSDARG00000079216,external_gene_name
dpep2,dpep2,ENSDARG00000079216,zfin_id_symbol
dph5,dph5,ENSDARG00000100242,external_gene_name
dph5,dph5,ENSDARG00000100242,zfin_id_symbol
dpm1,dpm1,ENSDARG00000057011,external_gene_name
dpm1,dpm1,ENSDARG00000057011,zfin_id_symbol
dpm2,dpm2,ENSDARG00000095623,external_gene_name
dpm2,dpm2,ENSDARG00000095623,zfin_id_symbol
dpm3,dpm3,ENSDARG00000058650,external_gene_name
dpm3,dpm3,ENSDARG00000058650,zfin_id_symbol
dpydb,dpydb,ENSDARG00000010267,external_gene_name
dpydb,dpydb,ENSDARG00000010267,zfin_id_symbol
dpys,dpys,ENSDARG00000079543,external_gene_name
dpys,dpys,ENSDARG00000079543,zfin_id_symbol
dpysl2a,dpysl2a,ENSDARG00000038974,external_gene_name
dpysl2a,dpysl2a,ENSDARG00000038974,zfin_id_symbol
dpysl3,dpysl3,ENSDARG00000002587,external_gene_name
dpysl3,dpysl3,ENSDARG00000002587,zfin_id_symbol
dse,dse,ENSDARG00000017988,external_gene_name
dse,dse,ENSDARG00000017988,zfin_id_symbol
dtymk,dtymk,ENSDARG00000052103,external_gene_name
dtymk,dtymk,ENSDARG00000052103,zfin_id_symbol
duox,duox,ENSDARG00000062632,external_gene_name
duox,duox,ENSDARG00000062632,zfin_id_symbol
dusp11,dusp11,ENSDARG00000038156,external_gene_name
dusp11,dusp11,ENSDARG00000038156,zfin_id_symbol
dut,dut,ENSDARG00000106529,external_gene_name
dut,dut,ENSDARG00000106529,zfin_id_symbol
ebp,ebp,ENSDARG00000046098,external_gene_name
ebp,ebp,ENSDARG00000046098,zfin_id_symbol
ece2b,ece2b,ENSDARG00000102142,external_gene_name
ece2b,ece2b,ENSDARG00000102142,zfin_id_symbol
echdc2,echdc2,ENSDARG00000016607,external_gene_name
echdc2,echdc2,ENSDARG00000016607,zfin_id_symbol
echs1,echs1,ENSDARG00000001578,external_gene_name
echs1,echs1,ENSDARG00000001578,zfin_id_symbol
eci1,eci1,ENSDARG00000018002,external_gene_name
eci1,eci1,ENSDARG00000018002,zfin_id_symbol
eci2,eci2,ENSDARG00000102412,external_gene_name
eci2,eci2,ENSDARG00000102412,zfin_id_symbol
eef1a1a,eef1a1a,ENSDARG00000039502,external_gene_name
eef1a1a,eef1a1a,ENSDARG00000039502,zfin_id_symbol
eef1a1b,eef1a1b,ENSDARG00000069951,external_gene_name
eef1a1b,eef1a1b,ENSDARG00000069951,zfin_id_symbol
eef1a2,eef1a2,ENSDARG00000006838,external_gene_name
eef1a2,eef1a2,ENSDARG00000006838,zfin_id_symbol
eef1akmt1,eef1akmt1,ENSDARG00000040584,external_gene_name
eef1akmt1,eef1akmt1,ENSDARG00000040584,zfin_id_symbol
eef1akmt2,eef1akmt2,ENSDARG00000102144,external_gene_name
eef1akmt2,eef1akmt2,ENSDARG00000102144,zfin_id_symbol
eef2b,eef2b,ENSDARG00000100371,external_gene_name
eef2b,eef2b,ENSDARG00000100371,zfin_id_symbol
eef2l2,eef2l2,ENSDARG00000035256,external_gene_name
eef2l2,eef2l2,ENSDARG00000035256,zfin_id_symbol
efl1,efl1,ENSDARG00000079672,external_gene_name
efl1,efl1,ENSDARG00000079672,zfin_id_symbol
egfra,egfra,ENSDARG00000013847,external_gene_name
egfra,egfra,ENSDARG00000013847,zfin_id_symbol
ehhadh,ehhadh,ENSDARG00000070029,external_gene_name
ehhadh,ehhadh,ENSDARG00000070029,zfin_id_symbol
ehmt1b,ehmt1b,ENSDARG00000026634,external_gene_name
ehmt1b,ehmt1b,ENSDARG00000026634,zfin_id_symbol
ehmt2,ehmt2,ENSDARG00000102325,external_gene_name
ehmt2,ehmt2,ENSDARG00000102325,zfin_id_symbol
eif4ebp3l,eif4ebp3l,ENSDARG00000041607,external_gene_name
eif4ebp3l,eif4ebp3l,ENSDARG00000041607,zfin_id_symbol
elovl1a,elovl1a,ENSDARG00000099960,external_gene_name
elovl1a,elovl1a,ENSDARG00000099960,zfin_id_symbol
elovl1b,elovl1b,ENSDARG00000103735,external_gene_name
elovl1b,elovl1b,ENSDARG00000103735,zfin_id_symbol
elovl2,elovl2,ENSDARG00000045414,external_gene_name
elovl2,elovl2,ENSDARG00000045414,zfin_id_symbol
elovl4a,elovl4a,ENSDARG00000006773,external_gene_name
elovl4a,elovl4a,ENSDARG00000006773,zfin_id_symbol
elovl4b,elovl4b,ENSDARG00000027495,external_gene_name
elovl4b,elovl4b,ENSDARG00000027495,zfin_id_symbol
elovl5,elovl5,ENSDARG00000004979,external_gene_name
elovl5,elovl5,ENSDARG00000004979,zfin_id_symbol
elovl6,elovl6,ENSDARG00000004402,external_gene_name
elovl6,elovl6,ENSDARG00000004402,zfin_id_symbol
elovl7a,elovl7a,ENSDARG00000069279,external_gene_name
elovl7a,elovl7a,ENSDARG00000069279,zfin_id_symbol
elp3,elp3,ENSDARG00000042005,external_gene_name
elp3,elp3,ENSDARG00000042005,zfin_id_symbol
emg1,emg1,ENSDARG00000056914,external_gene_name
emg1,emg1,ENSDARG00000056914,zfin_id_symbol
engase,engase,ENSDARG00000010035,external_gene_name
engase,engase,ENSDARG00000010035,zfin_id_symbol
eno1a,eno1a,ENSDARG00000022456,external_gene_name
eno1a,eno1a,ENSDARG00000022456,zfin_id_symbol
eno2,eno2,ENSDARG00000014287,external_gene_name
eno2,eno2,ENSDARG00000014287,zfin_id_symbol
eno3,eno3,ENSDARG00000039007,external_gene_name
eno3,eno3,ENSDARG00000039007,zfin_id_symbol
enoph1,enoph1,ENSDARG00000026198,external_gene_name
enoph1,enoph1,ENSDARG00000026198,zfin_id_symbol
enpp1,enpp1,ENSDARG00000005789,external_gene_name
enpp1,enpp1,ENSDARG00000005789,zfin_id_symbol
enpp2,enpp2,ENSDARG00000011257,external_gene_name
enpp2,enpp2,ENSDARG00000011257,zfin_id_symbol
enpp6,enpp6,ENSDARG00000040469,external_gene_name
enpp6,enpp6,ENSDARG00000040469,zfin_id_symbol
enpp7.1,enpp7.1,ENSDARG00000053526,external_gene_name
enpp7.1,enpp7.1,ENSDARG00000053526,zfin_id_symbol
enpp7.2,enpp7.2,ENSDARG00000053525,external_gene_name
enpp7.2,enpp7.2,ENSDARG00000053525,zfin_id_symbol
entpd1,entpd1,ENSDARG00000045066,external_gene_name
entpd1,entpd1,ENSDARG00000045066,zfin_id_symbol
entpd2a.2,entpd2a.2,ENSDARG00000033953,external_gene_name
entpd2a.2,entpd2a.2,ENSDARG00000033953,zfin_id_symbol
entpd3,entpd3,ENSDARG00000035309,external_gene_name
entpd3,entpd3,ENSDARG00000035309,zfin_id_symbol
entpd4,entpd4,ENSDARG00000038422,external_gene_name
entpd4,entpd4,ENSDARG00000038422,zfin_id_symbol
entpd5a,entpd5a,ENSDARG00000053481,external_gene_name
entpd5a,entpd5a,ENSDARG00000053481,zfin_id_symbol
entpd5b,entpd5b,ENSDARG00000093659,external_gene_name
entpd5b,entpd5b,ENSDARG00000093659,zfin_id_symbol
entpd6,entpd6,ENSDARG00000008757,external_gene_name
entpd6,entpd6,ENSDARG00000008757,zfin_id_symbol
entpd8,entpd8,ENSDARG00000005565,external_gene_name
entpd8,entpd8,ENSDARG00000005565,zfin_id_symbol
ep300a,ep300a,ENSDARG00000100666,external_gene_name
ep300a,ep300a,ENSDARG00000100666,zfin_id_symbol
ep300b,ep300b,ENSDARG00000061108,external_gene_name
ep300b,ep300b,ENSDARG00000061108,zfin_id_symbol
ephx1,ephx1,ENSDARG00000042854,external_gene_name
ephx1,ephx1,ENSDARG00000042854,zfin_id_symbol
ephx2,ephx2,ENSDARG00000040255,external_gene_name
ephx2,ephx2,ENSDARG00000040255,zfin_id_symbol
eprs1,eprs1,ENSDARG00000060494,external_gene_name
eprs1,eprs1,ENSDARG00000060494,zfin_id_symbol
esco1,esco1,ENSDARG00000077057,external_gene_name
esco1,esco1,ENSDARG00000077057,zfin_id_symbol
esco2,esco2,ENSDARG00000014685,external_gene_name
esco2,esco2,ENSDARG00000014685,zfin_id_symbol
esd,esd,ENSDARG00000019496,external_gene_name
esd,esd,ENSDARG00000019496,zfin_id_symbol
etfa,etfa,ENSDARG00000101631,external_gene_name
etfa,etfa,ENSDARG00000101631,zfin_id_symbol
etfb,etfb,ENSDARG00000009250,external_gene_name
etfb,etfb,ENSDARG00000009250,zfin_id_symbol
etfbkmt,etfbkmt,ENSDARG00000079080,external_gene_name
etfbkmt,etfbkmt,ENSDARG00000079080,zfin_id_symbol
etfdh,etfdh,ENSDARG00000038834,external_gene_name
etfdh,etfdh,ENSDARG00000038834,zfin_id_symbol
etnk1,etnk1,ENSDARG00000019420,external_gene_name
etnk1,etnk1,ENSDARG00000019420,zfin_id_symbol
etnk2,etnk2,ENSDARG00000070213,external_gene_name
etnk2,etnk2,ENSDARG00000070213,zfin_id_symbol
etnppl,etnppl,ENSDARG00000035544,external_gene_name
etnppl,etnppl,ENSDARG00000035544,zfin_id_symbol
ext1b,ext1b,ENSDARG00000101019,external_gene_name
ext1b,ext1b,ENSDARG00000101019,zfin_id_symbol
ext1c,ext1c,ENSDARG00000035649,external_gene_name
ext1c,ext1c,ENSDARG00000035649,zfin_id_symbol
ext2,ext2,ENSDARG00000056648,external_gene_name
ext2,ext2,ENSDARG00000056648,zfin_id_symbol
extl2,extl2,ENSDARG00000063191,external_gene_name
extl2,extl2,ENSDARG00000063191,zfin_id_symbol
extl3,extl3,ENSDARG00000026811,external_gene_name
extl3,extl3,ENSDARG00000026811,zfin_id_symbol
ezh1,ezh1,ENSDARG00000037894,external_gene_name
ezh1,ezh1,ENSDARG00000037894,zfin_id_symbol
ezh2,ezh2,ENSDARG00000010571,external_gene_name
ezh2,ezh2,ENSDARG00000010571,zfin_id_symbol
f13a1a.1,f13a1a.1,ENSDARG00000045453,external_gene_name
f13a1a.1,f13a1a.1,ENSDARG00000045453,zfin_id_symbol
f2,f2,ENSDARG00000036041,external_gene_name
f2,f2,ENSDARG00000036041,zfin_id_symbol
faah2a,faah2a,ENSDARG00000008457,external_gene_name
faah2a,faah2a,ENSDARG00000008457,zfin_id_symbol
fabp1a,fabp1a,ENSDARG00000019357,external_gene_name
fabp1a,fabp1a,ENSDARG00000019357,zfin_id_symbol
fabp2,fabp2,ENSDARG00000006427,external_gene_name
fabp2,fabp2,ENSDARG00000006427,zfin_id_symbol
fabp3,fabp3,ENSDARG00000023290,external_gene_name
fabp3,fabp3,ENSDARG00000023290,zfin_id_symbol
fabp4a,fabp4a,ENSDARG00000017299,external_gene_name
fabp4a,fabp4a,ENSDARG00000017299,zfin_id_symbol
fabp4b,fabp4b,ENSDARG00000002311,external_gene_name
fabp4b,fabp4b,ENSDARG00000002311,zfin_id_symbol
fabp6,fabp6,ENSDARG00000044566,external_gene_name
fabp6,fabp6,ENSDARG00000044566,zfin_id_symbol
fabp7a,fabp7a,ENSDARG00000007697,external_gene_name
fabp7a,fabp7a,ENSDARG00000007697,zfin_id_symbol
fads2,fads2,ENSDARG00000019532,external_gene_name
fads2,fads2,ENSDARG00000019532,zfin_id_symbol
fah,fah,ENSDARG00000101762,external_gene_name
fah,fah,ENSDARG00000101762,zfin_id_symbol
fam20b,fam20b,ENSDARG00000008573,external_gene_name
fam20b,fam20b,ENSDARG00000008573,zfin_id_symbol
fancl,fancl,ENSDARG00000007885,external_gene_name
fancl,fancl,ENSDARG00000007885,zfin_id_symbol
far1,far1,ENSDARG00000006899,external_gene_name
far1,far1,ENSDARG00000006899,zfin_id_symbol
farsa,farsa,ENSDARG00000098825,external_gene_name
farsa,farsa,ENSDARG00000098825,zfin_id_symbol
farsb,farsb,ENSDARG00000016864,external_gene_name
farsb,farsb,ENSDARG00000016864,zfin_id_symbol
fas,fas,ENSDARG00000043586,external_gene_name
fas,fas,ENSDARG00000043586,zfin_id_symbol
fasn,fasn,ENSDARG00000087657,external_gene_name
fasn,fasn,ENSDARG00000087657,zfin_id_symbol
faxdc2,faxdc2,ENSDARG00000023820,external_gene_name
faxdc2,faxdc2,ENSDARG00000023820,zfin_id_symbol
fbl,fbl,ENSDARG00000053912,external_gene_name
fbl,fbl,ENSDARG00000053912,zfin_id_symbol
fbp1a,fbp1a,ENSDARG00000021366,external_gene_name
fbp1a,fbp1a,ENSDARG00000021366,zfin_id_symbol
fbp1b,fbp1b,ENSDARG00000020364,external_gene_name
fbp1b,fbp1b,ENSDARG00000020364,zfin_id_symbol
fbp2,fbp2,ENSDARG00000012366,external_gene_name
fbp2,fbp2,ENSDARG00000012366,zfin_id_symbol
fdft1,fdft1,ENSDARG00000101062,external_gene_name
fdft1,fdft1,ENSDARG00000101062,zfin_id_symbol
fdps,fdps,ENSDARG00000040890,external_gene_name
fdps,fdps,ENSDARG00000040890,zfin_id_symbol
fdxr,fdxr,ENSDARG00000089369,external_gene_name
fdxr,fdxr,ENSDARG00000089369,zfin_id_symbol
fech,fech,ENSDARG00000003462,external_gene_name
fech,fech,ENSDARG00000003462,zfin_id_symbol
fga,fga,ENSDARG00000020741,external_gene_name
fga,fga,ENSDARG00000020741,zfin_id_symbol
fggy,fggy,ENSDARG00000038667,external_gene_name
fggy,fggy,ENSDARG00000038667,zfin_id_symbol
fh,fh,ENSDARG00000075132,external_gene_name
fh,fh,ENSDARG00000075132,zfin_id_symbol
fhit,fhit,ENSDARG00000078195,external_gene_name
fhit,fhit,ENSDARG00000078195,zfin_id_symbol
fhl2a,fhl2a,ENSDARG00000042018,external_gene_name
fhl2a,fhl2a,ENSDARG00000042018,zfin_id_symbol
fhl2b,fhl2b,ENSDARG00000003991,external_gene_name
fhl2b,fhl2b,ENSDARG00000003991,zfin_id_symbol
fitm1l,fitm1l,ENSDARG00000056464,external_gene_name
fitm1l,fitm1l,ENSDARG00000056464,zfin_id_symbol
fitm2,fitm2,ENSDARG00000034568,external_gene_name
fitm2,fitm2,ENSDARG00000034568,zfin_id_symbol
fkbp10b,fkbp10b,ENSDARG00000045129,external_gene_name
fkbp10b,fkbp10b,ENSDARG00000045129,zfin_id_symbol
fkbp11,fkbp11,ENSDARG00000037000,external_gene_name
fkbp11,fkbp11,ENSDARG00000037000,zfin_id_symbol
fkbp14,fkbp14,ENSDARG00000040695,external_gene_name
fkbp14,fkbp14,ENSDARG00000040695,zfin_id_symbol
fkbp1aa,fkbp1aa,ENSDARG00000022684,external_gene_name
fkbp1aa,fkbp1aa,ENSDARG00000022684,zfin_id_symbol
fkbp1b,fkbp1b,ENSDARG00000052625,external_gene_name
fkbp1b,fkbp1b,ENSDARG00000052625,zfin_id_symbol
fkbp2,fkbp2,ENSDARG00000044540,external_gene_name
fkbp2,fkbp2,ENSDARG00000044540,zfin_id_symbol
fkbp3,fkbp3,ENSDARG00000098059,external_gene_name
fkbp3,fkbp3,ENSDARG00000098059,zfin_id_symbol
fkbp4,fkbp4,ENSDARG00000008447,external_gene_name
fkbp4,fkbp4,ENSDARG00000008447,zfin_id_symbol
fkbp5,fkbp5,ENSDARG00000028396,external_gene_name
fkbp5,fkbp5,ENSDARG00000028396,zfin_id_symbol
fkbp6,fkbp6,ENSDARG00000030133,external_gene_name
fkbp6,fkbp6,ENSDARG00000030133,zfin_id_symbol
fkbp7,fkbp7,ENSDARG00000010962,external_gene_name
fkbp7,fkbp7,ENSDARG00000010962,zfin_id_symbol
fkbp8,fkbp8,ENSDARG00000001734,external_gene_name
fkbp8,fkbp8,ENSDARG00000001734,zfin_id_symbol
fkbp9,fkbp9,ENSDARG00000005023,external_gene_name
fkbp9,fkbp9,ENSDARG00000005023,zfin_id_symbol
flad1,flad1,ENSDARG00000070390,external_gene_name
flad1,flad1,ENSDARG00000070390,zfin_id_symbol
fmo5,fmo5,ENSDARG00000016357,external_gene_name
fmo5,fmo5,ENSDARG00000016357,zfin_id_symbol
fn3krp,fn3krp,ENSDARG00000098208,external_gene_name
fn3krp,fn3krp,ENSDARG00000098208,zfin_id_symbol
fnta,fnta,ENSDARG00000099143,external_gene_name
fnta,fnta,ENSDARG00000099143,zfin_id_symbol
fntb,fntb,ENSDARG00000027916,external_gene_name
fntb,fntb,ENSDARG00000027916,zfin_id_symbol
folr,folr,ENSDARG00000102442,external_gene_name
folr,folr,ENSDARG00000102442,zfin_id_symbol
fosl1a,fosl1a,ENSDARG00000015355,external_gene_name
fosl1a,fosl1a,ENSDARG00000015355,zfin_id_symbol
fpgs,fpgs,ENSDARG00000044809,external_gene_name
fpgs,fpgs,ENSDARG00000044809,zfin_id_symbol
fpgt,fpgt,ENSDARG00000042139,external_gene_name
fpgt,fpgt,ENSDARG00000042139,zfin_id_symbol
ftcd,ftcd,ENSDARG00000007421,external_gene_name
ftcd,ftcd,ENSDARG00000007421,zfin_id_symbol
fth1a,fth1a,ENSDARG00000015551,external_gene_name
fth1a,fth1a,ENSDARG00000015551,zfin_id_symbol
ftsj1,ftsj1,ENSDARG00000057089,external_gene_name
ftsj1,ftsj1,ENSDARG00000057089,zfin_id_symbol
ftsj3,ftsj3,ENSDARG00000104938,external_gene_name
ftsj3,ftsj3,ENSDARG00000104938,zfin_id_symbol
fuca1.1,fuca1.1,ENSDARG00000035890,external_gene_name
fuca1.1,fuca1.1,ENSDARG00000035890,zfin_id_symbol
fuca1.2,fuca1.2,ENSDARG00000035879,external_gene_name
fuca1.2,fuca1.2,ENSDARG00000035879,zfin_id_symbol
fuca2,fuca2,ENSDARG00000044073,external_gene_name
fuca2,fuca2,ENSDARG00000044073,zfin_id_symbol
fut7,fut7,ENSDARG00000044775,external_gene_name
fut7,fut7,ENSDARG00000044775,zfin_id_symbol
fut8a,fut8a,ENSDARG00000015449,external_gene_name
fut8a,fut8a,ENSDARG00000015449,zfin_id_symbol
fut9a,fut9a,ENSDARG00000016460,external_gene_name
fut9a,fut9a,ENSDARG00000016460,zfin_id_symbol
fxn,fxn,ENSDARG00000074356,external_gene_name
fxn,fxn,ENSDARG00000074356,zfin_id_symbol
g0s2,g0s2,ENSDARG00000078859,external_gene_name
g0s2,g0s2,ENSDARG00000078859,zfin_id_symbol
g6pc1a.2,g6pc1a.2,ENSDARG00000013721,external_gene_name
g6pc1a.2,g6pc1a.2,ENSDARG00000013721,zfin_id_symbol
g6pc3,g6pc3,ENSDARG00000020371,external_gene_name
g6pc3,g6pc3,ENSDARG00000020371,zfin_id_symbol
g6pd,g6pd,ENSDARG00000071065,external_gene_name
g6pd,g6pd,ENSDARG00000071065,zfin_id_symbol
gaa,gaa,ENSDARG00000090714,external_gene_name
gaa,gaa,ENSDARG00000090714,zfin_id_symbol
gad1a,gad1a,ENSDARG00000093411,external_gene_name
gad1a,gad1a,ENSDARG00000093411,zfin_id_symbol
gad2,gad2,ENSDARG00000015537,external_gene_name
gad2,gad2,ENSDARG00000015537,zfin_id_symbol
gal3st1a,gal3st1a,ENSDARG00000062711,external_gene_name
gal3st1a,gal3st1a,ENSDARG00000062711,zfin_id_symbol
gal3st2,gal3st2,ENSDARG00000079502,external_gene_name
gal3st2,gal3st2,ENSDARG00000079502,zfin_id_symbol
gal3st3,gal3st3,ENSDARG00000073728,external_gene_name
gal3st3,gal3st3,ENSDARG00000073728,zfin_id_symbol
gal3st4,gal3st4,ENSDARG00000079712,external_gene_name
gal3st4,gal3st4,ENSDARG00000079712,zfin_id_symbol
galca,galca,ENSDARG00000037064,external_gene_name
galca,galca,ENSDARG00000037064,zfin_id_symbol
gale,gale,ENSDARG00000002401,external_gene_name
gale,gale,ENSDARG00000002401,zfin_id_symbol
galk1,galk1,ENSDARG00000028088,external_gene_name
galk1,galk1,ENSDARG00000028088,zfin_id_symbol
galk2,galk2,ENSDARG00000004059,external_gene_name
galk2,galk2,ENSDARG00000004059,zfin_id_symbol
galm,galm,ENSDARG00000057630,external_gene_name
galm,galm,ENSDARG00000057630,zfin_id_symbol
galns,galns,ENSDARG00000051853,external_gene_name
galns,galns,ENSDARG00000051853,zfin_id_symbol
galnt1,galnt1,ENSDARG00000061335,external_gene_name
galnt1,galnt1,ENSDARG00000061335,zfin_id_symbol
galnt10,galnt10,ENSDARG00000103825,external_gene_name
galnt10,galnt10,ENSDARG00000103825,zfin_id_symbol
galnt11,galnt11,ENSDARG00000063636,external_gene_name
galnt11,galnt11,ENSDARG00000063636,zfin_id_symbol
galnt12,galnt12,ENSDARG00000055490,external_gene_name
galnt12,galnt12,ENSDARG00000055490,zfin_id_symbol
galnt13,galnt13,ENSDARG00000099227,external_gene_name
galnt13,galnt13,ENSDARG00000099227,zfin_id_symbol
galnt14,galnt14,ENSDARG00000023448,external_gene_name
galnt14,galnt14,ENSDARG00000023448,zfin_id_symbol
galnt16,galnt16,ENSDARG00000053190,external_gene_name
galnt16,galnt16,ENSDARG00000053190,zfin_id_symbol
galnt17,galnt17,ENSDARG00000042418,external_gene_name
galnt17,galnt17,ENSDARG00000042418,zfin_id_symbol
galnt18b,galnt18b,ENSDARG00000059438,external_gene_name
galnt18b,galnt18b,ENSDARG00000059438,zfin_id_symbol
galnt2,galnt2,ENSDARG00000003829,external_gene_name
galnt2,galnt2,ENSDARG00000003829,zfin_id_symbol
galnt6,galnt6,ENSDARG00000014386,external_gene_name
galnt6,galnt6,ENSDARG00000014386,zfin_id_symbol
galnt7,galnt7,ENSDARG00000057303,external_gene_name
galnt7,galnt7,ENSDARG00000057303,zfin_id_symbol
galnt8b.1,galnt8b.1,ENSDARG00000045851,external_gene_name
galnt8b.1,galnt8b.1,ENSDARG00000045851,zfin_id_symbol
galnt8b.2,galnt8b.2,ENSDARG00000095324,external_gene_name
galnt8b.2,galnt8b.2,ENSDARG00000095324,zfin_id_symbol
galnt9,galnt9,ENSDARG00000006832,external_gene_name
galnt9,galnt9,ENSDARG00000006832,zfin_id_symbol
galntl6,galntl6,ENSDARG00000040048,external_gene_name
galntl6,galntl6,ENSDARG00000040048,zfin_id_symbol
galt,galt,ENSDARG00000069543,external_gene_name
galt,galt,ENSDARG00000069543,zfin_id_symbol
gamt,gamt,ENSDARG00000070844,external_gene_name
gamt,gamt,ENSDARG00000070844,zfin_id_symbol
ganaba,ganaba,ENSDARG00000076888,external_gene_name
ganaba,ganaba,ENSDARG00000076888,zfin_id_symbol
ganabb,ganabb,ENSDARG00000076811,external_gene_name
ganabb,ganabb,ENSDARG00000076811,zfin_id_symbol
ganc,ganc,ENSDARG00000074556,external_gene_name
ganc,ganc,ENSDARG00000074556,zfin_id_symbol
gapdh,gapdh,ENSDARG00000043457,external_gene_name
gapdh,gapdh,ENSDARG00000043457,zfin_id_symbol
gapdhs,gapdhs,ENSDARG00000039914,external_gene_name
gapdhs,gapdhs,ENSDARG00000039914,zfin_id_symbol
gars1,gars1,ENSDARG00000059070,external_gene_name
gars1,gars1,ENSDARG00000059070,zfin_id_symbol
gart,gart,ENSDARG00000101089,external_gene_name
gart,gart,ENSDARG00000101089,zfin_id_symbol
gatm,gatm,ENSDARG00000036239,external_gene_name
gatm,gatm,ENSDARG00000036239,zfin_id_symbol
gba2,gba2,ENSDARG00000061472,external_gene_name
gba2,gba2,ENSDARG00000061472,zfin_id_symbol
gba3,gba3,ENSDARG00000031150,external_gene_name
gba3,gba3,ENSDARG00000031150,zfin_id_symbol
gbe1a,gbe1a,ENSDARG00000029051,external_gene_name
gbe1a,gbe1a,ENSDARG00000029051,zfin_id_symbol
gbgt1l2,gbgt1l2,ENSDARG00000092718,external_gene_name
gbgt1l2,gbgt1l2,ENSDARG00000092718,zfin_id_symbol
gc,gc,ENSDARG00000089310,external_gene_name
gc,gc,ENSDARG00000089310,zfin_id_symbol
gc2,gc2,ENSDARG00000018329,external_gene_name
gc2,gc2,ENSDARG00000018329,zfin_id_symbol
gcat,gcat,ENSDARG00000005643,external_gene_name
gcat,gcat,ENSDARG00000005643,zfin_id_symbol
gcdha,gcdha,ENSDARG00000037057,external_gene_name
gcdha,gcdha,ENSDARG00000037057,zfin_id_symbol
gch1,gch1,ENSDARG00000070453,external_gene_name
gch1,gch1,ENSDARG00000070453,zfin_id_symbol
gck,gck,ENSDARG00000068006,external_gene_name
gck,gck,ENSDARG00000068006,zfin_id_symbol
gclc,gclc,ENSDARG00000013095,external_gene_name
gclc,gclc,ENSDARG00000013095,zfin_id_symbol
gclm,gclm,ENSDARG00000018953,external_gene_name
gclm,gclm,ENSDARG00000018953,zfin_id_symbol
gcnt3,gcnt3,ENSDARG00000060471,external_gene_name
gcnt3,gcnt3,ENSDARG00000060471,zfin_id_symbol
gcnt4a,gcnt4a,ENSDARG00000035198,external_gene_name
gcnt4a,gcnt4a,ENSDARG00000035198,zfin_id_symbol
gcnt7,gcnt7,ENSDARG00000040608,external_gene_name
gcnt7,gcnt7,ENSDARG00000040608,zfin_id_symbol
gcshb,gcshb,ENSDARG00000105187,external_gene_name
gcshb,gcshb,ENSDARG00000105187,zfin_id_symbol
gda,gda,ENSDARG00000002986,external_gene_name
gda,gda,ENSDARG00000002986,zfin_id_symbol
gde1,gde1,ENSDARG00000055108,external_gene_name
gde1,gde1,ENSDARG00000055108,zfin_id_symbol
gdpd2,gdpd2,ENSDARG00000073870,external_gene_name
gdpd2,gdpd2,ENSDARG00000073870,zfin_id_symbol
gfm1,gfm1,ENSDARG00000063624,external_gene_name
gfm1,gfm1,ENSDARG00000063624,zfin_id_symbol
gfm2,gfm2,ENSDARG00000005561,external_gene_name
gfm2,gfm2,ENSDARG00000005561,zfin_id_symbol
gfpt1,gfpt1,ENSDARG00000057465,external_gene_name
gfpt1,gfpt1,ENSDARG00000057465,zfin_id_symbol
gfpt2,gfpt2,ENSDARG00000044094,external_gene_name
gfpt2,gfpt2,ENSDARG00000044094,zfin_id_symbol
gfus.1,gfus.1,ENSDARG00000039666,external_gene_name
gfus.1,gfus.1,ENSDARG00000039666,zfin_id_symbol
ggact.1,ggact.1,ENSDARG00000070581,external_gene_name
ggact.1,ggact.1,ENSDARG00000070581,zfin_id_symbol
ggact.2,ggact.2,ENSDARG00000038248,external_gene_name
ggact.2,ggact.2,ENSDARG00000038248,zfin_id_symbol
ggact.3,ggact.3,ENSDARG00000070579,external_gene_name
ggact.3,ggact.3,ENSDARG00000070579,zfin_id_symbol
ggcta,ggcta,ENSDARG00000076406,external_gene_name
ggcta,ggcta,ENSDARG00000076406,zfin_id_symbol
ggh,ggh,ENSDARG00000037176,external_gene_name
ggh,ggh,ENSDARG00000037176,zfin_id_symbol
ggps1,ggps1,ENSDARG00000023627,external_gene_name
ggps1,ggps1,ENSDARG00000023627,zfin_id_symbol
ggt1b,ggt1b,ENSDARG00000018342,external_gene_name
ggt1b,ggt1b,ENSDARG00000018342,zfin_id_symbol
ggt5b,ggt5b,ENSDARG00000078258,external_gene_name
ggt5b,ggt5b,ENSDARG00000078258,zfin_id_symbol
gk5,gk5,ENSDARG00000062864,external_gene_name
gk5,gk5,ENSDARG00000062864,zfin_id_symbol
gkup,gkup,ENSDARG00000069409,external_gene_name
gkup,gkup,ENSDARG00000069409,zfin_id_symbol
gla,gla,ENSDARG00000036155,external_gene_name
gla,gla,ENSDARG00000036155,zfin_id_symbol
glb1,glb1,ENSDARG00000036415,external_gene_name
glb1,glb1,ENSDARG00000036415,zfin_id_symbol
glb1l,glb1l,ENSDARG00000029955,external_gene_name
glb1l,glb1l,ENSDARG00000029955,zfin_id_symbol
glceb,glceb,ENSDARG00000068981,external_gene_name
glceb,glceb,ENSDARG00000068981,zfin_id_symbol
gldc,gldc,ENSDARG00000035120,external_gene_name
gldc,gldc,ENSDARG00000035120,zfin_id_symbol
gle1,gle1,ENSDARG00000043559,external_gene_name
gle1,gle1,ENSDARG00000043559,zfin_id_symbol
glipr1b,glipr1b,ENSDARG00000030078,external_gene_name
glipr1b,glipr1b,ENSDARG00000030078,zfin_id_symbol
glo1,glo1,ENSDARG00000068978,external_gene_name
glo1,glo1,ENSDARG00000068978,zfin_id_symbol
glod4,glod4,ENSDARG00000042509,external_gene_name
glod4,glod4,ENSDARG00000042509,zfin_id_symbol
glrx,glrx,ENSDARG00000028106,external_gene_name
glrx,glrx,ENSDARG00000028106,zfin_id_symbol
glrx2,glrx2,ENSDARG00000100944,external_gene_name
glrx2,glrx2,ENSDARG00000100944,zfin_id_symbol
gls2b,gls2b,ENSDARG00000002917,external_gene_name
gls2b,gls2b,ENSDARG00000002917,zfin_id_symbol
glsa,glsa,ENSDARG00000062812,external_gene_name
glsa,glsa,ENSDARG00000062812,zfin_id_symbol
glt8d1,glt8d1,ENSDARG00000040157,external_gene_name
glt8d1,glt8d1,ENSDARG00000040157,zfin_id_symbol
glt8d2,glt8d2,ENSDARG00000057942,external_gene_name
glt8d2,glt8d2,ENSDARG00000057942,zfin_id_symbol
gltpa,gltpa,ENSDARG00000061921,external_gene_name
gltpa,gltpa,ENSDARG00000061921,zfin_id_symbol
glud1b,glud1b,ENSDARG00000101074,external_gene_name
glud1b,glud1b,ENSDARG00000101074,zfin_id_symbol
glula,glula,ENSDARG00000099776,external_gene_name
glula,glula,ENSDARG00000099776,zfin_id_symbol
glulb,glulb,ENSDARG00000100003,external_gene_name
glulb,glulb,ENSDARG00000100003,zfin_id_symbol
glyctk,glyctk,ENSDARG00000060120,external_gene_name
glyctk,glyctk,ENSDARG00000060120,zfin_id_symbol
gm2a,gm2a,ENSDARG00000088439,external_gene_name
gm2a,gm2a,ENSDARG00000088439,zfin_id_symbol
gmds,gmds,ENSDARG00000026629,external_gene_name
gmds,gmds,ENSDARG00000026629,zfin_id_symbol
gmppaa,gmppaa,ENSDARG00000024112,external_gene_name
gmppaa,gmppaa,ENSDARG00000024112,zfin_id_symbol
gmppb,gmppb,ENSDARG00000017658,external_gene_name
gmppb,gmppb,ENSDARG00000017658,zfin_id_symbol
gmpr,gmpr,ENSDARG00000016160,external_gene_name
gmpr,gmpr,ENSDARG00000016160,zfin_id_symbol
gmpr2,gmpr2,ENSDARG00000061301,external_gene_name
gmpr2,gmpr2,ENSDARG00000061301,zfin_id_symbol
gmps,gmps,ENSDARG00000079848,external_gene_name
gmps,gmps,ENSDARG00000079848,zfin_id_symbol
gne,gne,ENSDARG00000099771,external_gene_name
gne,gne,ENSDARG00000099771,zfin_id_symbol
gnmt,gnmt,ENSDARG00000006840,external_gene_name
gnmt,gnmt,ENSDARG00000006840,zfin_id_symbol
gnpat,gnpat,ENSDARG00000074401,external_gene_name
gnpat,gnpat,ENSDARG00000074401,zfin_id_symbol
gnpda1,gnpda1,ENSDARG00000037307,external_gene_name
gnpda1,gnpda1,ENSDARG00000037307,zfin_id_symbol
gnpda2,gnpda2,ENSDARG00000024443,external_gene_name
gnpda2,gnpda2,ENSDARG00000024443,zfin_id_symbol
gnpnat1,gnpnat1,ENSDARG00000039892,external_gene_name
gnpnat1,gnpnat1,ENSDARG00000039892,zfin_id_symbol
gnptab,gnptab,ENSDARG00000030153,external_gene_name
gnptab,gnptab,ENSDARG00000030153,zfin_id_symbol
gnsb,gnsb,ENSDARG00000098296,external_gene_name
gnsb,gnsb,ENSDARG00000098296,zfin_id_symbol
got1,got1,ENSDARG00000039093,external_gene_name
got1,got1,ENSDARG00000039093,zfin_id_symbol
got1l1,got1l1,ENSDARG00000053644,external_gene_name
got1l1,got1l1,ENSDARG00000053644,zfin_id_symbol
got2a,got2a,ENSDARG00000041068,external_gene_name
got2a,got2a,ENSDARG00000041068,zfin_id_symbol
gpaa1,gpaa1,ENSDARG00000074571,external_gene_name
gpaa1,gpaa1,ENSDARG00000074571,zfin_id_symbol
gpam,gpam,ENSDARG00000074169,external_gene_name
gpam,gpam,ENSDARG00000074169,zfin_id_symbol
gpat2,gpat2,ENSDARG00000053575,external_gene_name
gpat2,gpat2,ENSDARG00000053575,zfin_id_symbol
gpat3,gpat3,ENSDARG00000016048,external_gene_name
gpat3,gpat3,ENSDARG00000016048,zfin_id_symbol
gpat4,gpat4,ENSDARG00000019897,external_gene_name
gpat4,gpat4,ENSDARG00000019897,zfin_id_symbol
gpcpd1,gpcpd1,ENSDARG00000016011,external_gene_name
gpcpd1,gpcpd1,ENSDARG00000016011,zfin_id_symbol
gpd1a,gpd1a,ENSDARG00000043701,external_gene_name
gpd1a,gpd1a,ENSDARG00000043701,zfin_id_symbol
gpd1l,gpd1l,ENSDARG00000040024,external_gene_name
gpd1l,gpd1l,ENSDARG00000040024,zfin_id_symbol
gpd2,gpd2,ENSDARG00000062430,external_gene_name
gpd2,gpd2,ENSDARG00000062430,zfin_id_symbol
gphna,gphna,ENSDARG00000089076,external_gene_name
gphna,gphna,ENSDARG00000089076,zfin_id_symbol
gpia,gpia,ENSDARG00000012987,external_gene_name
gpia,gpia,ENSDARG00000012987,zfin_id_symbol
gpib,gpib,ENSDARG00000103826,external_gene_name
gpib,gpib,ENSDARG00000103826,zfin_id_symbol
gpt,gpt,ENSDARG00000019541,external_gene_name
gpt,gpt,ENSDARG00000019541,zfin_id_symbol
gpt2,gpt2,ENSDARG00000012199,external_gene_name
gpt2,gpt2,ENSDARG00000012199,zfin_id_symbol
gpx1a,gpx1a,ENSDARG00000018146,external_gene_name
gpx1a,gpx1a,ENSDARG00000018146,zfin_id_symbol
gpx1b,gpx1b,ENSDARG00000006207,external_gene_name
gpx1b,gpx1b,ENSDARG00000006207,zfin_id_symbol
gpx3,gpx3,ENSDARG00000043342,external_gene_name
gpx3,gpx3,ENSDARG00000043342,zfin_id_symbol
gpx4b,gpx4b,ENSDARG00000076836,external_gene_name
gpx4b,gpx4b,ENSDARG00000076836,zfin_id_symbol
gpx7,gpx7,ENSDARG00000091511,external_gene_name
gpx7,gpx7,ENSDARG00000091511,zfin_id_symbol
gpx8,gpx8,ENSDARG00000013302,external_gene_name
gpx8,gpx8,ENSDARG00000013302,zfin_id_symbol
gpx9,gpx9,ENSDARG00000003077,external_gene_name
gpx9,gpx9,ENSDARG00000003077,zfin_id_symbol
grhl1,grhl1,ENSDARG00000061391,external_gene_name
grhl1,grhl1,ENSDARG00000061391,zfin_id_symbol
grhpra,grhpra,ENSDARG00000068264,external_gene_name
grhpra,grhpra,ENSDARG00000068264,zfin_id_symbol
grk1a,grk1a,ENSDARG00000058803,external_gene_name
grk1a,grk1a,ENSDARG00000058803,zfin_id_symbol
grk3,grk3,ENSDARG00000104094,external_gene_name
grk3,grk3,ENSDARG00000104094,zfin_id_symbol
grk7a,grk7a,ENSDARG00000020602,external_gene_name
grk7a,grk7a,ENSDARG00000020602,zfin_id_symbol
gsr,gsr,ENSDARG00000019236,external_gene_name
gsr,gsr,ENSDARG00000019236,zfin_id_symbol
gss,gss,ENSDARG00000037706,external_gene_name
gss,gss,ENSDARG00000037706,zfin_id_symbol
gsta.1,gsta.1,ENSDARG00000090228,external_gene_name
gsta.1,gsta.1,ENSDARG00000090228,zfin_id_symbol
gsta.2,gsta.2,ENSDARG00000039832,external_gene_name
gsta.2,gsta.2,ENSDARG00000039832,zfin_id_symbol
gstk1,gstk1,ENSDARG00000056510,external_gene_name
gstk1,gstk1,ENSDARG00000056510,zfin_id_symbol
gstm.2,gstm.2,ENSDARG00000029473,external_gene_name
gstm.2,gstm.2,ENSDARG00000029473,zfin_id_symbol
gstm.3,gstm.3,ENSDARG00000088116,external_gene_name
gstm.3,gstm.3,ENSDARG00000088116,zfin_id_symbol
gsto1,gsto1,ENSDARG00000022183,external_gene_name
gsto1,gsto1,ENSDARG00000022183,zfin_id_symbol
gsto2,gsto2,ENSDARG00000033285,external_gene_name
gsto2,gsto2,ENSDARG00000033285,zfin_id_symbol
gstp1.1,gstp1.1,ENSDARG00000103019,external_gene_name
gstp1.1,gstp1.1,ENSDARG00000103019,zfin_id_symbol
gstp1.2,gstp1.2,ENSDARG00000104068,external_gene_name
gstp1.2,gstp1.2,ENSDARG00000104068,zfin_id_symbol
gstr,gstr,ENSDARG00000042620,external_gene_name
gstr,gstr,ENSDARG00000042620,zfin_id_symbol
gstt1a,gstt1a,ENSDARG00000042428,external_gene_name
gstt1a,gstt1a,ENSDARG00000042428,zfin_id_symbol
gstz1,gstz1,ENSDARG00000027984,external_gene_name
gstz1,gstz1,ENSDARG00000027984,zfin_id_symbol
gtf3c4,gtf3c4,ENSDARG00000069538,external_gene_name
gtf3c4,gtf3c4,ENSDARG00000069538,zfin_id_symbol
gucy1a1,gucy1a1,ENSDARG00000013787,external_gene_name
gucy1a1,gucy1a1,ENSDARG00000013787,zfin_id_symbol
gucy1b1,gucy1b1,ENSDARG00000086790,external_gene_name
gucy1b1,gucy1b1,ENSDARG00000086790,zfin_id_symbol
gucy2cb,gucy2cb,ENSDARG00000056045,external_gene_name
gucy2cb,gucy2cb,ENSDARG00000056045,zfin_id_symbol
gucy2f,gucy2f,ENSDARG00000025504,external_gene_name
gucy2f,gucy2f,ENSDARG00000025504,zfin_id_symbol
guk1a,guk1a,ENSDARG00000030340,external_gene_name
guk1a,guk1a,ENSDARG00000030340,zfin_id_symbol
gusb,gusb,ENSDARG00000063126,external_gene_name
gusb,gusb,ENSDARG00000063126,zfin_id_symbol
gyg1b,gyg1b,ENSDARG00000059391,external_gene_name
gyg1b,gyg1b,ENSDARG00000059391,zfin_id_symbol
gyg2,gyg2,ENSDARG00000033380,external_gene_name
gyg2,gyg2,ENSDARG00000033380,zfin_id_symbol
gys1,gys1,ENSDARG00000016875,external_gene_name
gys1,gys1,ENSDARG00000016875,zfin_id_symbol
gys2,gys2,ENSDARG00000004904,external_gene_name
gys2,gys2,ENSDARG00000004904,zfin_id_symbol
gzm3.3,gzm3.3,ENSDARG00000093990,external_gene_name
gzm3.3,gzm3.3,ENSDARG00000093990,zfin_id_symbol
gzm3.4,gzm3.4,ENSDARG00000076814,external_gene_name
gzm3.4,gzm3.4,ENSDARG00000076814,zfin_id_symbol
h6pd,h6pd,ENSDARG00000060153,external_gene_name
h6pd,h6pd,ENSDARG00000060153,zfin_id_symbol
haao,haao,ENSDARG00000076487,external_gene_name
haao,haao,ENSDARG00000076487,zfin_id_symbol
hacd1,hacd1,ENSDARG00000103744,external_gene_name
hacd1,hacd1,ENSDARG00000103744,zfin_id_symbol
hacd2,hacd2,ENSDARG00000014806,external_gene_name
hacd2,hacd2,ENSDARG00000014806,zfin_id_symbol
hacd3,hacd3,ENSDARG00000016038,external_gene_name
hacd3,hacd3,ENSDARG00000016038,zfin_id_symbol
hacd4,hacd4,ENSDARG00000102221,external_gene_name
hacd4,hacd4,ENSDARG00000102221,zfin_id_symbol
hace1,hace1,ENSDARG00000062280,external_gene_name
hace1,hace1,ENSDARG00000062280,zfin_id_symbol
hacl1,hacl1,ENSDARG00000020529,external_gene_name
hacl1,hacl1,ENSDARG00000020529,zfin_id_symbol
hadh,hadh,ENSDARG00000030765,external_gene_name
hadh,hadh,ENSDARG00000030765,zfin_id_symbol
hadhaa,hadhaa,ENSDARG00000057128,external_gene_name
hadhaa,hadhaa,ENSDARG00000057128,zfin_id_symbol
hadhb,hadhb,ENSDARG00000102055,external_gene_name
hadhb,hadhb,ENSDARG00000102055,zfin_id_symbol
hagh,hagh,ENSDARG00000025338,external_gene_name
hagh,hagh,ENSDARG00000025338,zfin_id_symbol
hal,hal,ENSDARG00000017444,external_gene_name
hal,hal,ENSDARG00000017444,zfin_id_symbol
hao1,hao1,ENSDARG00000024160,external_gene_name
hao1,hao1,ENSDARG00000024160,zfin_id_symbol
hao2,hao2,ENSDARG00000027992,external_gene_name
hao2,hao2,ENSDARG00000027992,zfin_id_symbol
hars,hars,ENSDARG00000003693,external_gene_name
hars,hars,ENSDARG00000003693,zfin_id_symbol
has1,has1,ENSDARG00000042983,external_gene_name
has1,has1,ENSDARG00000042983,zfin_id_symbol
has2,has2,ENSDARG00000036987,external_gene_name
has2,has2,ENSDARG00000036987,zfin_id_symbol
has3,has3,ENSDARG00000057210,external_gene_name
has3,has3,ENSDARG00000057210,zfin_id_symbol
hat1,hat1,ENSDARG00000034916,external_gene_name
hat1,hat1,ENSDARG00000034916,zfin_id_symbol
hccsa.1,hccsa.1,ENSDARG00000028131,external_gene_name
hccsa.1,hccsa.1,ENSDARG00000028131,zfin_id_symbol
hccsb,hccsb,ENSDARG00000099358,external_gene_name
hccsb,hccsb,ENSDARG00000099358,zfin_id_symbol
hcn3,hcn3,ENSDARG00000027192,external_gene_name
hcn3,hcn3,ENSDARG00000027192,zfin_id_symbol
hcst,hcst,ENSDARG00000092074,external_gene_name
hcst,hcst,ENSDARG00000092074,zfin_id_symbol
hdac3,hdac3,ENSDARG00000037514,external_gene_name
hdac3,hdac3,ENSDARG00000037514,zfin_id_symbol
hdc,hdc,ENSDARG00000075454,external_gene_name
hdc,hdc,ENSDARG00000075454,zfin_id_symbol
hdlbpa,hdlbpa,ENSDARG00000009830,external_gene_name
hdlbpa,hdlbpa,ENSDARG00000009830,zfin_id_symbol
hectd1,hectd1,ENSDARG00000054213,external_gene_name
hectd1,hectd1,ENSDARG00000054213,zfin_id_symbol
hectd2,hectd2,ENSDARG00000061194,external_gene_name
hectd2,hectd2,ENSDARG00000061194,zfin_id_symbol
hectd3,hectd3,ENSDARG00000038905,external_gene_name
hectd3,hectd3,ENSDARG00000038905,zfin_id_symbol
hecw1b,hecw1b,ENSDARG00000004291,external_gene_name
hecw1b,hecw1b,ENSDARG00000004291,zfin_id_symbol
hecw2a,hecw2a,ENSDARG00000062447,external_gene_name
hecw2a,hecw2a,ENSDARG00000062447,zfin_id_symbol
hecw2b,hecw2b,ENSDARG00000063253,external_gene_name
hecw2b,hecw2b,ENSDARG00000063253,zfin_id_symbol
helz2a,helz2a,ENSDARG00000016527,external_gene_name
helz2a,helz2a,ENSDARG00000016527,zfin_id_symbol
hemk1,hemk1,ENSDARG00000078894,external_gene_name
hemk1,hemk1,ENSDARG00000078894,zfin_id_symbol
herc1,herc1,ENSDARG00000077901,external_gene_name
herc1,herc1,ENSDARG00000077901,zfin_id_symbol
herc2,herc2,ENSDARG00000073841,external_gene_name
herc2,herc2,ENSDARG00000073841,zfin_id_symbol
herc3,herc3,ENSDARG00000075887,external_gene_name
herc3,herc3,ENSDARG00000075887,zfin_id_symbol
herc4,herc4,ENSDARG00000059936,external_gene_name
herc4,herc4,ENSDARG00000059936,zfin_id_symbol
hexa,hexa,ENSDARG00000052113,external_gene_name
hexa,hexa,ENSDARG00000052113,zfin_id_symbol
hexb,hexb,ENSDARG00000034368,external_gene_name
hexb,hexb,ENSDARG00000034368,zfin_id_symbol
hgd,hgd,ENSDARG00000058005,external_gene_name
hgd,hgd,ENSDARG00000058005,zfin_id_symbol
hgsnat,hgsnat,ENSDARG00000077804,external_gene_name
hgsnat,hgsnat,ENSDARG00000077804,zfin_id_symbol
hhat,hhat,ENSDARG00000074428,external_gene_name
hhat,hhat,ENSDARG00000074428,zfin_id_symbol
hibadha,hibadha,ENSDARG00000102906,external_gene_name
hibadha,hibadha,ENSDARG00000102906,zfin_id_symbol
hibch,hibch,ENSDARG00000054867,external_gene_name
hibch,hibch,ENSDARG00000054867,zfin_id_symbol
hif1ab,hif1ab,ENSDARG00000034293,external_gene_name
hif1ab,hif1ab,ENSDARG00000034293,zfin_id_symbol
hif1an,hif1an,ENSDARG00000031915,external_gene_name
hif1an,hif1an,ENSDARG00000031915,zfin_id_symbol
higd2a,higd2a,ENSDARG00000052371,external_gene_name
higd2a,higd2a,ENSDARG00000052371,zfin_id_symbol
hirip3,hirip3,ENSDARG00000027749,external_gene_name
hirip3,hirip3,ENSDARG00000027749,zfin_id_symbol
hk1,hk1,ENSDARG00000039452,external_gene_name
hk1,hk1,ENSDARG00000039452,zfin_id_symbol
hk2,hk2,ENSDARG00000101482,external_gene_name
hk2,hk2,ENSDARG00000101482,zfin_id_symbol
hkdc1,hkdc1,ENSDARG00000038703,external_gene_name
hkdc1,hkdc1,ENSDARG00000038703,zfin_id_symbol
hlcs,hlcs,ENSDARG00000039934,external_gene_name
hlcs,hlcs,ENSDARG00000039934,zfin_id_symbol
hltf,hltf,ENSDARG00000026053,external_gene_name
hltf,hltf,ENSDARG00000026053,zfin_id_symbol
hmbsa,hmbsa,ENSDARG00000008840,external_gene_name
hmbsa,hmbsa,ENSDARG00000008840,zfin_id_symbol
hmgcl,hmgcl,ENSDARG00000021220,external_gene_name
hmgcl,hmgcl,ENSDARG00000021220,zfin_id_symbol
hmgcll1,hmgcll1,ENSDARG00000088740,external_gene_name
hmgcll1,hmgcll1,ENSDARG00000088740,zfin_id_symbol
hmgcra,hmgcra,ENSDARG00000052734,external_gene_name
hmgcra,hmgcra,ENSDARG00000052734,zfin_id_symbol
hmgcs1,hmgcs1,ENSDARG00000103025,external_gene_name
hmgcs1,hmgcs1,ENSDARG00000103025,zfin_id_symbol
hmox1a,hmox1a,ENSDARG00000027529,external_gene_name
hmox1a,hmox1a,ENSDARG00000027529,zfin_id_symbol
hmox2a,hmox2a,ENSDARG00000114695,external_gene_name
hmox2a,hmox2a,ENSDARG00000114695,zfin_id_symbol
hnmt,hnmt,ENSDARG00000012796,external_gene_name
hnmt,hnmt,ENSDARG00000012796,zfin_id_symbol
hoga1,hoga1,ENSDARG00000018944,external_gene_name
hoga1,hoga1,ENSDARG00000018944,zfin_id_symbol
hpda,hpda,ENSDARG00000018351,external_gene_name
hpda,hpda,ENSDARG00000018351,zfin_id_symbol
hpgd,hpgd,ENSDARG00000012016,external_gene_name
hpgd,hpgd,ENSDARG00000012016,zfin_id_symbol
hprt1,hprt1,ENSDARG00000008884,external_gene_name
hprt1,hprt1,ENSDARG00000008884,zfin_id_symbol
hps3,hps3,ENSDARG00000015749,external_gene_name
hps3,hps3,ENSDARG00000015749,zfin_id_symbol
hpse,hpse,ENSDARG00000063634,external_gene_name
hpse,hpse,ENSDARG00000063634,zfin_id_symbol
hpse2,hpse2,ENSDARG00000078163,external_gene_name
hpse2,hpse2,ENSDARG00000078163,zfin_id_symbol
hs2st1b,hs2st1b,ENSDARG00000062008,external_gene_name
hs2st1b,hs2st1b,ENSDARG00000062008,zfin_id_symbol
hs3st2,hs3st2,ENSDARG00000059616,external_gene_name
hs3st2,hs3st2,ENSDARG00000059616,zfin_id_symbol
hs3st4,hs3st4,ENSDARG00000052648,external_gene_name
hs3st4,hs3st4,ENSDARG00000052648,zfin_id_symbol
hs6st1b,hs6st1b,ENSDARG00000071501,external_gene_name
hs6st1b,hs6st1b,ENSDARG00000071501,zfin_id_symbol
hs6st2,hs6st2,ENSDARG00000012025,external_gene_name
hs6st2,hs6st2,ENSDARG00000012025,zfin_id_symbol
hs6st3b,hs6st3b,ENSDARG00000069500,external_gene_name
hs6st3b,hs6st3b,ENSDARG00000069500,zfin_id_symbol
hsd11b1lb,hsd11b1lb,ENSDARG00000110341,external_gene_name
hsd11b1lb,hsd11b1lb,ENSDARG00000110341,zfin_id_symbol
hsd11b2,hsd11b2,ENSDARG00000001975,external_gene_name
hsd11b2,hsd11b2,ENSDARG00000001975,zfin_id_symbol
hsd17b1,hsd17b1,ENSDARG00000027469,external_gene_name
hsd17b1,hsd17b1,ENSDARG00000027469,zfin_id_symbol
hsd17b10,hsd17b10,ENSDARG00000017781,external_gene_name
hsd17b10,hsd17b10,ENSDARG00000017781,zfin_id_symbol
hsd17b12a,hsd17b12a,ENSDARG00000015709,external_gene_name
hsd17b12a,hsd17b12a,ENSDARG00000015709,zfin_id_symbol
hsd17b12b,hsd17b12b,ENSDARG00000035872,external_gene_name
hsd17b12b,hsd17b12b,ENSDARG00000035872,zfin_id_symbol
hsd17b14,hsd17b14,ENSDARG00000054842,external_gene_name
hsd17b14,hsd17b14,ENSDARG00000054842,zfin_id_symbol
hsd17b2,hsd17b2,ENSDARG00000045553,external_gene_name
hsd17b2,hsd17b2,ENSDARG00000045553,zfin_id_symbol
hsd17b3,hsd17b3,ENSDARG00000023287,external_gene_name
hsd17b3,hsd17b3,ENSDARG00000023287,zfin_id_symbol
hsd17b4,hsd17b4,ENSDARG00000101239,external_gene_name
hsd17b4,hsd17b4,ENSDARG00000101239,zfin_id_symbol
hsd17b7,hsd17b7,ENSDARG00000088140,external_gene_name
hsd17b7,hsd17b7,ENSDARG00000088140,zfin_id_symbol
hsd17b8,hsd17b8,ENSDARG00000001169,external_gene_name
hsd17b8,hsd17b8,ENSDARG00000001169,zfin_id_symbol
hsd3b1,hsd3b1,ENSDARG00000069926,external_gene_name
hsd3b1,hsd3b1,ENSDARG00000069926,zfin_id_symbol
hsd3b7,hsd3b7,ENSDARG00000036966,external_gene_name
hsd3b7,hsd3b7,ENSDARG00000036966,zfin_id_symbol
hspg2,hspg2,ENSDARG00000076564,external_gene_name
hspg2,hspg2,ENSDARG00000076564,zfin_id_symbol
htatip2,htatip2,ENSDARG00000028386,external_gene_name
htatip2,htatip2,ENSDARG00000028386,zfin_id_symbol
huwe1,huwe1,ENSDARG00000016782,external_gene_name
huwe1,huwe1,ENSDARG00000016782,zfin_id_symbol
hyal1,hyal1,ENSDARG00000059916,external_gene_name
hyal1,hyal1,ENSDARG00000059916,zfin_id_symbol
hyal2a,hyal2a,ENSDARG00000059931,external_gene_name
hyal2a,hyal2a,ENSDARG00000059931,zfin_id_symbol
hyal3,hyal3,ENSDARG00000036818,external_gene_name
hyal3,hyal3,ENSDARG00000036818,zfin_id_symbol
hyal4,hyal4,ENSDARG00000051823,external_gene_name
hyal4,hyal4,ENSDARG00000051823,zfin_id_symbol
hyi,hyi,ENSDARG00000030166,external_gene_name
hyi,hyi,ENSDARG00000030166,zfin_id_symbol
hykk.2,hykk.2,ENSDARG00000074341,external_gene_name
hykk.2,hykk.2,ENSDARG00000074341,zfin_id_symbol
iars1,iars1,ENSDARG00000007955,external_gene_name
iars1,iars1,ENSDARG00000007955,zfin_id_symbol
icmt,icmt,ENSDARG00000020241,external_gene_name
icmt,icmt,ENSDARG00000020241,zfin_id_symbol
idh1,idh1,ENSDARG00000025375,external_gene_name
idh1,idh1,ENSDARG00000025375,zfin_id_symbol
idh2,idh2,ENSDARG00000003795,external_gene_name
idh2,idh2,ENSDARG00000003795,zfin_id_symbol
idh3a,idh3a,ENSDARG00000030278,external_gene_name
idh3a,idh3a,ENSDARG00000030278,zfin_id_symbol
idh3b,idh3b,ENSDARG00000044753,external_gene_name
idh3b,idh3b,ENSDARG00000044753,zfin_id_symbol
idh3g,idh3g,ENSDARG00000023648,external_gene_name
idh3g,idh3g,ENSDARG00000023648,zfin_id_symbol
idi1,idi1,ENSDARG00000019976,external_gene_name
idi1,idi1,ENSDARG00000019976,zfin_id_symbol
ido1,ido1,ENSDARG00000033594,external_gene_name
ido1,ido1,ENSDARG00000033594,zfin_id_symbol
ids,ids,ENSDARG00000071699,external_gene_name
ids,ids,ENSDARG00000071699,zfin_id_symbol
idua,idua,ENSDARG00000062904,external_gene_name
idua,idua,ENSDARG00000062904,zfin_id_symbol
il4i1,il4i1,ENSDARG00000056804,external_gene_name
il4i1,il4i1,ENSDARG00000056804,zfin_id_symbol
impa1,impa1,ENSDARG00000003517,external_gene_name
impa1,impa1,ENSDARG00000003517,zfin_id_symbol
impa2,impa2,ENSDARG00000059411,external_gene_name
impa2,impa2,ENSDARG00000059411,zfin_id_symbol
impdh1a,impdh1a,ENSDARG00000042336,external_gene_name
impdh1a,impdh1a,ENSDARG00000042336,zfin_id_symbol
impdh1b,impdh1b,ENSDARG00000029524,external_gene_name
impdh1b,impdh1b,ENSDARG00000029524,zfin_id_symbol
impdh2,impdh2,ENSDARG00000006900,external_gene_name
impdh2,impdh2,ENSDARG00000006900,zfin_id_symbol
inpp4aa,inpp4aa,ENSDARG00000063352,external_gene_name
inpp4aa,inpp4aa,ENSDARG00000063352,zfin_id_symbol
inpp4b,inpp4b,ENSDARG00000075201,external_gene_name
inpp4b,inpp4b,ENSDARG00000075201,zfin_id_symbol
inpp5b,inpp5b,ENSDARG00000103683,external_gene_name
inpp5b,inpp5b,ENSDARG00000103683,zfin_id_symbol
inpp5d,inpp5d,ENSDARG00000074283,external_gene_name
inpp5d,inpp5d,ENSDARG00000074283,zfin_id_symbol
inpp5e,inpp5e,ENSDARG00000103926,external_gene_name
inpp5e,inpp5e,ENSDARG00000103926,zfin_id_symbol
inpp5f,inpp5f,ENSDARG00000061437,external_gene_name
inpp5f,inpp5f,ENSDARG00000061437,zfin_id_symbol
inpp5jb,inpp5jb,ENSDARG00000093359,external_gene_name
inpp5jb,inpp5jb,ENSDARG00000093359,zfin_id_symbol
inpp5kb,inpp5kb,ENSDARG00000078618,external_gene_name
inpp5kb,inpp5kb,ENSDARG00000078618,zfin_id_symbol
inpp5l,inpp5l,ENSDARG00000053878,external_gene_name
inpp5l,inpp5l,ENSDARG00000053878,zfin_id_symbol
inppl1a,inppl1a,ENSDARG00000104222,external_gene_name
inppl1a,inppl1a,ENSDARG00000104222,zfin_id_symbol
ip6k1,ip6k1,ENSDARG00000073744,external_gene_name
ip6k1,ip6k1,ENSDARG00000073744,zfin_id_symbol
ip6k2a,ip6k2a,ENSDARG00000008310,external_gene_name
ip6k2a,ip6k2a,ENSDARG00000008310,zfin_id_symbol
ip6k2b,ip6k2b,ENSDARG00000019613,external_gene_name
ip6k2b,ip6k2b,ENSDARG00000019613,zfin_id_symbol
ipmkb,ipmkb,ENSDARG00000029291,external_gene_name
ipmkb,ipmkb,ENSDARG00000029291,zfin_id_symbol
ippk,ippk,ENSDARG00000003446,external_gene_name
ippk,ippk,ENSDARG00000003446,zfin_id_symbol
ireb2,ireb2,ENSDARG00000021466,external_gene_name
ireb2,ireb2,ENSDARG00000021466,zfin_id_symbol
itcha,itcha,ENSDARG00000074903,external_gene_name
itcha,itcha,ENSDARG00000074903,zfin_id_symbol
itpa,itpa,ENSDARG00000057529,external_gene_name
itpa,itpa,ENSDARG00000057529,zfin_id_symbol
itpk1b,itpk1b,ENSDARG00000070583,external_gene_name
itpk1b,itpk1b,ENSDARG00000070583,zfin_id_symbol
itpka,itpka,ENSDARG00000042856,external_gene_name
itpka,itpka,ENSDARG00000042856,zfin_id_symbol
itpkb,itpkb,ENSDARG00000010059,external_gene_name
itpkb,itpkb,ENSDARG00000010059,zfin_id_symbol
itpkca,itpkca,ENSDARG00000002994,external_gene_name
itpkca,itpkca,ENSDARG00000002994,zfin_id_symbol
ivd,ivd,ENSDARG00000042853,external_gene_name
ivd,ivd,ENSDARG00000042853,zfin_id_symbol
kansl3,kansl3,ENSDARG00000029556,external_gene_name
kansl3,kansl3,ENSDARG00000029556,zfin_id_symbol
kars1,kars1,ENSDARG00000103799,external_gene_name
kars1,kars1,ENSDARG00000103799,zfin_id_symbol
kat2a,kat2a,ENSDARG00000104734,external_gene_name
kat2a,kat2a,ENSDARG00000104734,zfin_id_symbol
kat2b,kat2b,ENSDARG00000062634,external_gene_name
kat2b,kat2b,ENSDARG00000062634,zfin_id_symbol
kat5a,kat5a,ENSDARG00000004587,external_gene_name
kat5a,kat5a,ENSDARG00000004587,zfin_id_symbol
kat5b,kat5b,ENSDARG00000045951,external_gene_name
kat5b,kat5b,ENSDARG00000045951,zfin_id_symbol
kat6a,kat6a,ENSDARG00000018907,external_gene_name
kat6a,kat6a,ENSDARG00000018907,zfin_id_symbol
kat6b,kat6b,ENSDARG00000055429,external_gene_name
kat6b,kat6b,ENSDARG00000055429,zfin_id_symbol
kat7b,kat7b,ENSDARG00000031770,external_gene_name
kat7b,kat7b,ENSDARG00000031770,zfin_id_symbol
kat8,kat8,ENSDARG00000027187,external_gene_name
kat8,kat8,ENSDARG00000027187,zfin_id_symbol
kcnj11,kcnj11,ENSDARG00000051880,external_gene_name
kcnj11,kcnj11,ENSDARG00000051880,zfin_id_symbol
kcnj8,kcnj8,ENSDARG00000045589,external_gene_name
kcnj8,kcnj8,ENSDARG00000045589,zfin_id_symbol
kdsr,kdsr,ENSDARG00000012021,external_gene_name
kdsr,kdsr,ENSDARG00000012021,zfin_id_symbol
khk,khk,ENSDARG00000029874,external_gene_name
khk,khk,ENSDARG00000029874,zfin_id_symbol
kiaa0319,kiaa0319,ENSDARG00000103001,external_gene_name
kiaa0319,kiaa0319,ENSDARG00000103001,zfin_id_symbol
kl,kl,ENSDARG00000079862,external_gene_name
kl,kl,ENSDARG00000079862,zfin_id_symbol
klhl23,klhl23,ENSDARG00000078475,external_gene_name
klhl23,klhl23,ENSDARG00000078475,zfin_id_symbol
kmo,kmo,ENSDARG00000009160,external_gene_name
kmo,kmo,ENSDARG00000009160,zfin_id_symbol
kmt2a,kmt2a,ENSDARG00000004537,external_gene_name
kmt2a,kmt2a,ENSDARG00000004537,zfin_id_symbol
kmt2bb,kmt2bb,ENSDARG00000060697,external_gene_name
kmt2bb,kmt2bb,ENSDARG00000060697,zfin_id_symbol
kmt2ca,kmt2ca,ENSDARG00000079312,external_gene_name
kmt2ca,kmt2ca,ENSDARG00000079312,zfin_id_symbol
kmt2d,kmt2d,ENSDARG00000037060,external_gene_name
kmt2d,kmt2d,ENSDARG00000037060,zfin_id_symbol
kmt2e,kmt2e,ENSDARG00000007523,external_gene_name
kmt2e,kmt2e,ENSDARG00000007523,zfin_id_symbol
kmt5aa,kmt5aa,ENSDARG00000105231,external_gene_name
kmt5aa,kmt5aa,ENSDARG00000105231,zfin_id_symbol
kmt5b,kmt5b,ENSDARG00000041081,external_gene_name
kmt5b,kmt5b,ENSDARG00000041081,zfin_id_symbol
kmt5c,kmt5c,ENSDARG00000075461,external_gene_name
kmt5c,kmt5c,ENSDARG00000075461,zfin_id_symbol
kpna6,kpna6,ENSDARG00000044980,external_gene_name
kpna6,kpna6,ENSDARG00000044980,zfin_id_symbol
kyat1,kyat1,ENSDARG00000023645,external_gene_name
kyat1,kyat1,ENSDARG00000023645,zfin_id_symbol
kyat3.1,kyat3.1,ENSDARG00000100818,external_gene_name
kyat3.1,kyat3.1,ENSDARG00000100818,zfin_id_symbol
kyat3.2,kyat3.2,ENSDARG00000101791,external_gene_name
kyat3.2,kyat3.2,ENSDARG00000101791,zfin_id_symbol
kynu,kynu,ENSDARG00000099546,external_gene_name
kynu,kynu,ENSDARG00000099546,zfin_id_symbol
l1camb,l1camb,ENSDARG00000015025,external_gene_name
l1camb,l1camb,ENSDARG00000015025,zfin_id_symbol
l2hgdh,l2hgdh,ENSDARG00000060500,external_gene_name
l2hgdh,l2hgdh,ENSDARG00000060500,zfin_id_symbol
lap3,lap3,ENSDARG00000061981,external_gene_name
lap3,lap3,ENSDARG00000061981,zfin_id_symbol
lars1b,lars1b,ENSDARG00000019280,external_gene_name
lars1b,lars1b,ENSDARG00000019280,zfin_id_symbol
lbr,lbr,ENSDARG00000014013,external_gene_name
lbr,lbr,ENSDARG00000014013,zfin_id_symbol
lcat,lcat,ENSDARG00000099424,external_gene_name
lcat,lcat,ENSDARG00000099424,zfin_id_symbol
lclat1,lclat1,ENSDARG00000103320,external_gene_name
lclat1,lclat1,ENSDARG00000103320,zfin_id_symbol
lcmt1,lcmt1,ENSDARG00000045140,external_gene_name
lcmt1,lcmt1,ENSDARG00000045140,zfin_id_symbol
lcmt2,lcmt2,ENSDARG00000000747,external_gene_name
lcmt2,lcmt2,ENSDARG00000000747,zfin_id_symbol
lct,lct,ENSDARG00000060671,external_gene_name
lct,lct,ENSDARG00000060671,zfin_id_symbol
ldha,ldha,ENSDARG00000101251,external_gene_name
ldha,ldha,ENSDARG00000101251,zfin_id_symbol
ldhba,ldhba,ENSDARG00000019644,external_gene_name
ldhba,ldhba,ENSDARG00000019644,zfin_id_symbol
ldhd,ldhd,ENSDARG00000038845,external_gene_name
ldhd,ldhd,ENSDARG00000038845,zfin_id_symbol
ldlra,ldlra,ENSDARG00000029476,external_gene_name
ldlra,ldlra,ENSDARG00000029476,zfin_id_symbol
lenep,lenep,ENSDARG00000095553,external_gene_name
lenep,lenep,ENSDARG00000095553,zfin_id_symbol
leng9,leng9,ENSDARG00000062374,external_gene_name
leng9,leng9,ENSDARG00000062374,zfin_id_symbol
lft1,lft1,ENSDARG00000019920,external_gene_name
lft1,lft1,ENSDARG00000019920,zfin_id_symbol
lgmn,lgmn,ENSDARG00000039150,external_gene_name
lgmn,lgmn,ENSDARG00000039150,zfin_id_symbol
lgsn,lgsn,ENSDARG00000007715,external_gene_name
lgsn,lgsn,ENSDARG00000007715,zfin_id_symbol
lhpp,lhpp,ENSDARG00000060196,external_gene_name
lhpp,lhpp,ENSDARG00000060196,zfin_id_symbol
lias,lias,ENSDARG00000022845,external_gene_name
lias,lias,ENSDARG00000022845,zfin_id_symbol
lipca,lipca,ENSDARG00000053476,external_gene_name
lipca,lipca,ENSDARG00000053476,zfin_id_symbol
lipeb,lipeb,ENSDARG00000101145,external_gene_name
lipeb,lipeb,ENSDARG00000101145,zfin_id_symbol
lipf,lipf,ENSDARG00000018529,external_gene_name
lipf,lipf,ENSDARG00000018529,zfin_id_symbol
lipg,lipg,ENSDARG00000031044,external_gene_name
lipg,lipg,ENSDARG00000031044,zfin_id_symbol
lipt1,lipt1,ENSDARG00000025233,external_gene_name
lipt1,lipt1,ENSDARG00000025233,zfin_id_symbol
lipt2,lipt2,ENSDARG00000069852,external_gene_name
lipt2,lipt2,ENSDARG00000069852,zfin_id_symbol
loxa,loxa,ENSDARG00000003259,external_gene_name
loxa,loxa,ENSDARG00000003259,zfin_id_symbol
loxl2b,loxl2b,ENSDARG00000044074,external_gene_name
loxl2b,loxl2b,ENSDARG00000044074,zfin_id_symbol
lpcat1,lpcat1,ENSDARG00000011506,external_gene_name
lpcat1,lpcat1,ENSDARG00000011506,zfin_id_symbol
lpcat2,lpcat2,ENSDARG00000053010,external_gene_name
lpcat2,lpcat2,ENSDARG00000053010,zfin_id_symbol
lpcat3,lpcat3,ENSDARG00000075178,external_gene_name
lpcat3,lpcat3,ENSDARG00000075178,zfin_id_symbol
lpcat4,lpcat4,ENSDARG00000035028,external_gene_name
lpcat4,lpcat4,ENSDARG00000035028,zfin_id_symbol
lpgat1,lpgat1,ENSDARG00000013542,external_gene_name
lpgat1,lpgat1,ENSDARG00000013542,zfin_id_symbol
lpin1a,lpin1a,ENSDARG00000020239,external_gene_name
lpin1a,lpin1a,ENSDARG00000020239,zfin_id_symbol
lpin2,lpin2,ENSDARG00000061214,external_gene_name
lpin2,lpin2,ENSDARG00000061214,zfin_id_symbol
lrata,lrata,ENSDARG00000037278,external_gene_name
lrata,lrata,ENSDARG00000037278,zfin_id_symbol
lrp2a,lrp2a,ENSDARG00000102506,external_gene_name
lrp2a,lrp2a,ENSDARG00000102506,zfin_id_symbol
lrsam1,lrsam1,ENSDARG00000060683,external_gene_name
lrsam1,lrsam1,ENSDARG00000060683,zfin_id_symbol
lss,lss,ENSDARG00000061274,external_gene_name
lss,lss,ENSDARG00000061274,zfin_id_symbol
lta4h,lta4h,ENSDARG00000006029,external_gene_name
lta4h,lta4h,ENSDARG00000006029,zfin_id_symbol
ltc4s,ltc4s,ENSDARG00000062598,external_gene_name
ltc4s,ltc4s,ENSDARG00000062598,zfin_id_symbol
lypla1,lypla1,ENSDARG00000104228,external_gene_name
lypla1,lypla1,ENSDARG00000104228,zfin_id_symbol
lypla2,lypla2,ENSDARG00000053656,external_gene_name
lypla2,lypla2,ENSDARG00000053656,zfin_id_symbol
lyz,lyz,ENSDARG00000057789,external_gene_name
lyz,lyz,ENSDARG00000057789,zfin_id_symbol
macrod1,macrod1,ENSDARG00000029609,external_gene_name
macrod1,macrod1,ENSDARG00000029609,zfin_id_symbol
macrod2,macrod2,ENSDARG00000032601,external_gene_name
macrod2,macrod2,ENSDARG00000032601,zfin_id_symbol
man1a1,man1a1,ENSDARG00000005652,external_gene_name
man1a1,man1a1,ENSDARG00000005652,zfin_id_symbol
man1a2,man1a2,ENSDARG00000041728,external_gene_name
man1a2,man1a2,ENSDARG00000041728,zfin_id_symbol
man1b1b,man1b1b,ENSDARG00000076592,external_gene_name
man1b1b,man1b1b,ENSDARG00000076592,zfin_id_symbol
man2a1,man2a1,ENSDARG00000102200,external_gene_name
man2a1,man2a1,ENSDARG00000102200,zfin_id_symbol
man2a2,man2a2,ENSDARG00000063101,external_gene_name
man2a2,man2a2,ENSDARG00000063101,zfin_id_symbol
man2b1,man2b1,ENSDARG00000001897,external_gene_name
man2b1,man2b1,ENSDARG00000001897,zfin_id_symbol
man2b2,man2b2,ENSDARG00000079463,external_gene_name
man2b2,man2b2,ENSDARG00000079463,zfin_id_symbol
man2c1,man2c1,ENSDARG00000079835,external_gene_name
man2c1,man2c1,ENSDARG00000079835,zfin_id_symbol
manba,manba,ENSDARG00000008238,external_gene_name
manba,manba,ENSDARG00000008238,zfin_id_symbol
mansc1,mansc1,ENSDARG00000104839,external_gene_name
mansc1,mansc1,ENSDARG00000104839,zfin_id_symbol
mao,mao,ENSDARG00000023712,external_gene_name
mao,mao,ENSDARG00000023712,zfin_id_symbol
marchf7,marchf7,ENSDARG00000057772,external_gene_name
marchf7,marchf7,ENSDARG00000057772,zfin_id_symbol
mars1,mars1,ENSDARG00000034396,external_gene_name
mars1,mars1,ENSDARG00000034396,zfin_id_symbol
mars2,mars2,ENSDARG00000009218,external_gene_name
mars2,mars2,ENSDARG00000009218,zfin_id_symbol
mat1a,mat1a,ENSDARG00000039605,external_gene_name
mat1a,mat1a,ENSDARG00000039605,zfin_id_symbol
mat2ab,mat2ab,ENSDARG00000037121,external_gene_name
mat2ab,mat2ab,ENSDARG00000037121,zfin_id_symbol
mat2b,mat2b,ENSDARG00000012932,external_gene_name
mat2b,mat2b,ENSDARG00000012932,zfin_id_symbol
mboat1,mboat1,ENSDARG00000029356,external_gene_name
mboat1,mboat1,ENSDARG00000029356,zfin_id_symbol
mboat2a,mboat2a,ENSDARG00000031845,external_gene_name
mboat2a,mboat2a,ENSDARG00000031845,zfin_id_symbol
mboat4,mboat4,ENSDARG00000052110,external_gene_name
mboat4,mboat4,ENSDARG00000052110,zfin_id_symbol
mboat7,mboat7,ENSDARG00000033436,external_gene_name
mboat7,mboat7,ENSDARG00000033436,zfin_id_symbol
mcat,mcat,ENSDARG00000016613,external_gene_name
mcat,mcat,ENSDARG00000016613,zfin_id_symbol
mcat,mcat,ENSDARG00000096473,external_gene_name
mcat,mcat,ENSDARG00000096473,zfin_id_symbol
mccc1,mccc1,ENSDARG00000102538,external_gene_name
mccc1,mccc1,ENSDARG00000102538,zfin_id_symbol
mccc2,mccc2,ENSDARG00000017571,external_gene_name
mccc2,mccc2,ENSDARG00000017571,zfin_id_symbol
mcee,mcee,ENSDARG00000045428,external_gene_name
mcee,mcee,ENSDARG00000045428,zfin_id_symbol
mdh1aa,mdh1aa,ENSDARG00000017772,external_gene_name
mdh1aa,mdh1aa,ENSDARG00000017772,zfin_id_symbol
mdh1b,mdh1b,ENSDARG00000018008,external_gene_name
mdh1b,mdh1b,ENSDARG00000018008,zfin_id_symbol
mdh2,mdh2,ENSDARG00000043371,external_gene_name
mdh2,mdh2,ENSDARG00000043371,zfin_id_symbol
mdm2,mdm2,ENSDARG00000033443,external_gene_name
mdm2,mdm2,ENSDARG00000033443,zfin_id_symbol
mdp1,mdp1,ENSDARG00000088040,external_gene_name
mdp1,mdp1,ENSDARG00000088040,zfin_id_symbol
me1,me1,ENSDARG00000053215,external_gene_name
me1,me1,ENSDARG00000053215,zfin_id_symbol
me2,me2,ENSDARG00000100718,external_gene_name
me2,me2,ENSDARG00000100718,zfin_id_symbol
me3,me3,ENSDARG00000002305,external_gene_name
me3,me3,ENSDARG00000002305,zfin_id_symbol
mecr,mecr,ENSDARG00000032326,external_gene_name
mecr,mecr,ENSDARG00000032326,zfin_id_symbol
mepcea,mepcea,ENSDARG00000059461,external_gene_name
mepcea,mepcea,ENSDARG00000059461,zfin_id_symbol
mettl1,mettl1,ENSDARG00000076518,external_gene_name
mettl1,mettl1,ENSDARG00000076518,zfin_id_symbol
mettl14,mettl14,ENSDARG00000070278,external_gene_name
mettl14,mettl14,ENSDARG00000070278,zfin_id_symbol
mettl15,mettl15,ENSDARG00000089236,external_gene_name
mettl15,mettl15,ENSDARG00000089236,zfin_id_symbol
mettl16,mettl16,ENSDARG00000055838,external_gene_name
mettl16,mettl16,ENSDARG00000055838,zfin_id_symbol
mettl17,mettl17,ENSDARG00000103889,external_gene_name
mettl17,mettl17,ENSDARG00000103889,zfin_id_symbol
mettl18,mettl18,ENSDARG00000074588,external_gene_name
mettl18,mettl18,ENSDARG00000074588,zfin_id_symbol
mettl21a,mettl21a,ENSDARG00000012051,external_gene_name
mettl21a,mettl21a,ENSDARG00000012051,zfin_id_symbol
mettl21cb,mettl21cb,ENSDARG00000055437,external_gene_name
mettl21cb,mettl21cb,ENSDARG00000055437,zfin_id_symbol
mettl22,mettl22,ENSDARG00000077863,external_gene_name
mettl22,mettl22,ENSDARG00000077863,zfin_id_symbol
mettl23,mettl23,ENSDARG00000099516,external_gene_name
mettl23,mettl23,ENSDARG00000099516,zfin_id_symbol
mettl2a,mettl2a,ENSDARG00000008105,external_gene_name
mettl2a,mettl2a,ENSDARG00000008105,zfin_id_symbol
mettl3,mettl3,ENSDARG00000012827,external_gene_name
mettl3,mettl3,ENSDARG00000012827,zfin_id_symbol
mettl4,mettl4,ENSDARG00000088999,external_gene_name
mettl4,mettl4,ENSDARG00000088999,zfin_id_symbol
mettl5,mettl5,ENSDARG00000068893,external_gene_name
mettl5,mettl5,ENSDARG00000068893,zfin_id_symbol
mettl6,mettl6,ENSDARG00000070085,external_gene_name
mettl6,mettl6,ENSDARG00000070085,zfin_id_symbol
mettl8,mettl8,ENSDARG00000017359,external_gene_name
mettl8,mettl8,ENSDARG00000017359,zfin_id_symbol
mgat1a,mgat1a,ENSDARG00000012407,external_gene_name
mgat1a,mgat1a,ENSDARG00000012407,zfin_id_symbol
mgat1b,mgat1b,ENSDARG00000036065,external_gene_name
mgat1b,mgat1b,ENSDARG00000036065,zfin_id_symbol
mgat2,mgat2,ENSDARG00000052408,external_gene_name
mgat2,mgat2,ENSDARG00000052408,zfin_id_symbol
mgat3a,mgat3a,ENSDARG00000038069,external_gene_name
mgat3a,mgat3a,ENSDARG00000038069,zfin_id_symbol
mgat3b,mgat3b,ENSDARG00000036619,external_gene_name
mgat3b,mgat3b,ENSDARG00000036619,zfin_id_symbol
mgat4a,mgat4a,ENSDARG00000063330,external_gene_name
mgat4a,mgat4a,ENSDARG00000063330,zfin_id_symbol
mgat4b,mgat4b,ENSDARG00000004115,external_gene_name
mgat4b,mgat4b,ENSDARG00000004115,zfin_id_symbol
mgat4c,mgat4c,ENSDARG00000041791,external_gene_name
mgat4c,mgat4c,ENSDARG00000041791,zfin_id_symbol
mgat5,mgat5,ENSDARG00000071506,external_gene_name
mgat5,mgat5,ENSDARG00000071506,zfin_id_symbol
mgll,mgll,ENSDARG00000036820,external_gene_name
mgll,mgll,ENSDARG00000036820,zfin_id_symbol
mgmt,mgmt,ENSDARG00000043275,external_gene_name
mgmt,mgmt,ENSDARG00000043275,zfin_id_symbol
mgrn1a,mgrn1a,ENSDARG00000100072,external_gene_name
mgrn1a,mgrn1a,ENSDARG00000100072,zfin_id_symbol
mgst1.1,mgst1.1,ENSDARG00000032618,external_gene_name
mgst1.1,mgst1.1,ENSDARG00000032618,zfin_id_symbol
mgst2,mgst2,ENSDARG00000071345,external_gene_name
mgst2,mgst2,ENSDARG00000071345,zfin_id_symbol
mgst3a,mgst3a,ENSDARG00000102744,external_gene_name
mgst3a,mgst3a,ENSDARG00000102744,zfin_id_symbol
mia3,mia3,ENSDARG00000008184,external_gene_name
mia3,mia3,ENSDARG00000008184,zfin_id_symbol
mib1,mib1,ENSDARG00000102184,external_gene_name
mib1,mib1,ENSDARG00000102184,zfin_id_symbol
mib2,mib2,ENSDARG00000103609,external_gene_name
mib2,mib2,ENSDARG00000103609,zfin_id_symbol
mid1,mid1,ENSDARG00000060482,external_gene_name
mid1,mid1,ENSDARG00000060482,zfin_id_symbol
mif,mif,ENSDARG00000071336,external_gene_name
mif,mif,ENSDARG00000071336,zfin_id_symbol
minpp1a,minpp1a,ENSDARG00000057058,external_gene_name
minpp1a,minpp1a,ENSDARG00000057058,zfin_id_symbol
miox,miox,ENSDARG00000002764,external_gene_name
miox,miox,ENSDARG00000002764,zfin_id_symbol
mkrn1,mkrn1,ENSDARG00000041665,external_gene_name
mkrn1,mkrn1,ENSDARG00000041665,zfin_id_symbol
mkrn2,mkrn2,ENSDARG00000007630,external_gene_name
mkrn2,mkrn2,ENSDARG00000007630,zfin_id_symbol
mlycd,mlycd,ENSDARG00000104732,external_gene_name
mlycd,mlycd,ENSDARG00000104732,zfin_id_symbol
mmaa,mmaa,ENSDARG00000060383,external_gene_name
mmaa,mmaa,ENSDARG00000060383,zfin_id_symbol
mmab,mmab,ENSDARG00000068344,external_gene_name
mmab,mmab,ENSDARG00000068344,zfin_id_symbol
mmut,mmut,ENSDARG00000060554,external_gene_name
mmut,mmut,ENSDARG00000060554,zfin_id_symbol
mocs1,mocs1,ENSDARG00000078479,external_gene_name
mocs1,mocs1,ENSDARG00000078479,zfin_id_symbol
mogat2,mogat2,ENSDARG00000019228,external_gene_name
mogat2,mogat2,ENSDARG00000019228,zfin_id_symbol
mogat3b,mogat3b,ENSDARG00000003635,external_gene_name
mogat3b,mogat3b,ENSDARG00000003635,zfin_id_symbol
mogs,mogs,ENSDARG00000060252,external_gene_name
mogs,mogs,ENSDARG00000060252,zfin_id_symbol
mpc1,mpc1,ENSDARG00000093448,external_gene_name
mpc1,mpc1,ENSDARG00000093448,zfin_id_symbol
mpc2b,mpc2b,ENSDARG00000024478,external_gene_name
mpc2b,mpc2b,ENSDARG00000024478,zfin_id_symbol
mpi,mpi,ENSDARG00000030786,external_gene_name
mpi,mpi,ENSDARG00000030786,zfin_id_symbol
mpst,mpst,ENSDARG00000093235,external_gene_name
mpst,mpst,ENSDARG00000093235,zfin_id_symbol
mri1,mri1,ENSDARG00000075754,external_gene_name
mri1,mri1,ENSDARG00000075754,zfin_id_symbol
mrm1,mrm1,ENSDARG00000059658,external_gene_name
mrm1,mrm1,ENSDARG00000059658,zfin_id_symbol
mrm2,mrm2,ENSDARG00000075368,external_gene_name
mrm2,mrm2,ENSDARG00000075368,zfin_id_symbol
mrm3a,mrm3a,ENSDARG00000016543,external_gene_name
mrm3a,mrm3a,ENSDARG00000016543,zfin_id_symbol
mrpl58,mrpl58,ENSDARG00000078835,external_gene_name
mrpl58,mrpl58,ENSDARG00000078835,zfin_id_symbol
msmo1,msmo1,ENSDARG00000055876,external_gene_name
msmo1,msmo1,ENSDARG00000055876,zfin_id_symbol
mt-atp6,mt-atp6,ENSDARG00000063911,external_gene_name
mt-atp6,mt-atp6,ENSDARG00000063911,zfin_id_symbol
mt-co1,mt-co1,ENSDARG00000063905,external_gene_name
mt-co1,mt-co1,ENSDARG00000063905,zfin_id_symbol
mt-co3,mt-co3,ENSDARG00000063912,external_gene_name
mt-co3,mt-co3,ENSDARG00000063912,zfin_id_symbol
mt-cyb,mt-cyb,ENSDARG00000063924,external_gene_name
mt-cyb,mt-cyb,ENSDARG00000063924,zfin_id_symbol
mt-nd1,mt-nd1,ENSDARG00000063895,external_gene_name
mt-nd1,mt-nd1,ENSDARG00000063895,zfin_id_symbol
mt-nd2,mt-nd2,ENSDARG00000063899,external_gene_name
mt-nd2,mt-nd2,ENSDARG00000063899,zfin_id_symbol
mt-nd3,mt-nd3,ENSDARG00000063914,external_gene_name
mt-nd3,mt-nd3,ENSDARG00000063914,zfin_id_symbol
mt-nd4,mt-nd4,ENSDARG00000063917,external_gene_name
mt-nd4,mt-nd4,ENSDARG00000063917,zfin_id_symbol
mt-nd4l,mt-nd4l,ENSDARG00000063916,external_gene_name
mt-nd4l,mt-nd4l,ENSDARG00000063916,zfin_id_symbol
mt-nd5,mt-nd5,ENSDARG00000063921,external_gene_name
mt-nd5,mt-nd5,ENSDARG00000063921,zfin_id_symbol
mt-nd6,mt-nd6,ENSDARG00000063922,external_gene_name
mt-nd6,mt-nd6,ENSDARG00000063922,zfin_id_symbol
mtap,mtap,ENSDARG00000037261,external_gene_name
mtap,mtap,ENSDARG00000037261,zfin_id_symbol
mtfmt,mtfmt,ENSDARG00000005448,external_gene_name
mtfmt,mtfmt,ENSDARG00000005448,zfin_id_symbol
mthfd1a,mthfd1a,ENSDARG00000018266,external_gene_name
mthfd1a,mthfd1a,ENSDARG00000018266,zfin_id_symbol
mthfd1l,mthfd1l,ENSDARG00000042221,external_gene_name
mthfd1l,mthfd1l,ENSDARG00000042221,zfin_id_symbol
mthfd2,mthfd2,ENSDARG00000098646,external_gene_name
mthfd2,mthfd2,ENSDARG00000098646,zfin_id_symbol
mthfd2l,mthfd2l,ENSDARG00000054199,external_gene_name
mthfd2l,mthfd2l,ENSDARG00000054199,zfin_id_symbol
mthfr,mthfr,ENSDARG00000053087,external_gene_name
mthfr,mthfr,ENSDARG00000053087,zfin_id_symbol
mthfs,mthfs,ENSDARG00000104487,external_gene_name
mthfs,mthfs,ENSDARG00000104487,zfin_id_symbol
mtm1,mtm1,ENSDARG00000037560,external_gene_name
mtm1,mtm1,ENSDARG00000037560,zfin_id_symbol
mtmr12,mtmr12,ENSDARG00000059817,external_gene_name
mtmr12,mtmr12,ENSDARG00000059817,zfin_id_symbol
mtmr14,mtmr14,ENSDARG00000059642,external_gene_name
mtmr14,mtmr14,ENSDARG00000059642,zfin_id_symbol
mtmr1b,mtmr1b,ENSDARG00000022378,external_gene_name
mtmr1b,mtmr1b,ENSDARG00000022378,zfin_id_symbol
mtmr2,mtmr2,ENSDARG00000004616,external_gene_name
mtmr2,mtmr2,ENSDARG00000004616,zfin_id_symbol
mtmr6,mtmr6,ENSDARG00000016794,external_gene_name
mtmr6,mtmr6,ENSDARG00000016794,zfin_id_symbol
mtmr7a,mtmr7a,ENSDARG00000037101,external_gene_name
mtmr7a,mtmr7a,ENSDARG00000037101,zfin_id_symbol
mtmr7b,mtmr7b,ENSDARG00000070412,external_gene_name
mtmr7b,mtmr7b,ENSDARG00000070412,zfin_id_symbol
mtmr8,mtmr8,ENSDARG00000008592,external_gene_name
mtmr8,mtmr8,ENSDARG00000008592,zfin_id_symbol
mtpap,mtpap,ENSDARG00000076155,external_gene_name
mtpap,mtpap,ENSDARG00000076155,zfin_id_symbol
mtr,mtr,ENSDARG00000104906,external_gene_name
mtr,mtr,ENSDARG00000104906,zfin_id_symbol
mtrex,mtrex,ENSDARG00000013457,external_gene_name
mtrex,mtrex,ENSDARG00000013457,zfin_id_symbol
mtrr,mtrr,ENSDARG00000045398,external_gene_name
mtrr,mtrr,ENSDARG00000045398,zfin_id_symbol
mttp,mttp,ENSDARG00000008637,external_gene_name
mttp,mttp,ENSDARG00000008637,zfin_id_symbol
mvda,mvda,ENSDARG00000099336,external_gene_name
mvda,mvda,ENSDARG00000099336,zfin_id_symbol
mvk,mvk,ENSDARG00000004130,external_gene_name
mvk,mvk,ENSDARG00000004130,zfin_id_symbol
mybbp1a,mybbp1a,ENSDARG00000078214,external_gene_name
mybbp1a,mybbp1a,ENSDARG00000078214,zfin_id_symbol
mycbp2,mycbp2,ENSDARG00000001220,external_gene_name
mycbp2,mycbp2,ENSDARG00000001220,zfin_id_symbol
mylipa,mylipa,ENSDARG00000008859,external_gene_name
mylipa,mylipa,ENSDARG00000008859,zfin_id_symbol
mylk2,mylk2,ENSDARG00000031698,external_gene_name
mylk2,mylk2,ENSDARG00000031698,zfin_id_symbol
mylk3,mylk3,ENSDARG00000076348,external_gene_name
mylk3,mylk3,ENSDARG00000076348,zfin_id_symbol
mylk4b,mylk4b,ENSDARG00000055412,external_gene_name
mylk4b,mylk4b,ENSDARG00000055412,zfin_id_symbol
mylkb,mylkb,ENSDARG00000004753,external_gene_name
mylkb,mylkb,ENSDARG00000004753,zfin_id_symbol
myo5b,myo5b,ENSDARG00000062003,external_gene_name
myo5b,myo5b,ENSDARG00000062003,zfin_id_symbol
naa10,naa10,ENSDARG00000071060,external_gene_name
naa10,naa10,ENSDARG00000071060,zfin_id_symbol
naa15b,naa15b,ENSDARG00000030368,external_gene_name
naa15b,naa15b,ENSDARG00000030368,zfin_id_symbol
naa20,naa20,ENSDARG00000039493,external_gene_name
naa20,naa20,ENSDARG00000039493,zfin_id_symbol
naa30,naa30,ENSDARG00000079686,external_gene_name
naa30,naa30,ENSDARG00000079686,zfin_id_symbol
naa40,naa40,ENSDARG00000024109,external_gene_name
naa40,naa40,ENSDARG00000024109,zfin_id_symbol
naa50,naa50,ENSDARG00000027825,external_gene_name
naa50,naa50,ENSDARG00000027825,zfin_id_symbol
nadk2,nadk2,ENSDARG00000007181,external_gene_name
nadk2,nadk2,ENSDARG00000007181,zfin_id_symbol
nadkb,nadkb,ENSDARG00000060362,external_gene_name
nadkb,nadkb,ENSDARG00000060362,zfin_id_symbol
nadsyn1,nadsyn1,ENSDARG00000101378,external_gene_name
nadsyn1,nadsyn1,ENSDARG00000101378,zfin_id_symbol
nadsyn1,nadsyn1,ENSDARG00000117533,external_gene_name
nae1,nae1,ENSDARG00000011301,external_gene_name
nae1,nae1,ENSDARG00000011301,zfin_id_symbol
naga,naga,ENSDARG00000099313,external_gene_name
naga,naga,ENSDARG00000099313,zfin_id_symbol
nagk,nagk,ENSDARG00000099116,external_gene_name
nagk,nagk,ENSDARG00000099116,zfin_id_symbol
naglu,naglu,ENSDARG00000030156,external_gene_name
naglu,naglu,ENSDARG00000030156,zfin_id_symbol
nagpa,nagpa,ENSDARG00000075149,external_gene_name
nagpa,nagpa,ENSDARG00000075149,zfin_id_symbol
nags,nags,ENSDARG00000077193,external_gene_name
nags,nags,ENSDARG00000077193,zfin_id_symbol
nampt1,nampt1,ENSDARG00000030598,external_gene_name
nampt1,nampt1,ENSDARG00000030598,zfin_id_symbol
nanp,nanp,ENSDARG00000075143,external_gene_name
nanp,nanp,ENSDARG00000075143,zfin_id_symbol
nansa,nansa,ENSDARG00000045620,external_gene_name
nansa,nansa,ENSDARG00000045620,zfin_id_symbol
naprt,naprt,ENSDARG00000027930,external_gene_name
naprt,naprt,ENSDARG00000027930,zfin_id_symbol
napsa,napsa,ENSDARG00000009313,external_gene_name
napsa,napsa,ENSDARG00000009313,zfin_id_symbol
nars1,nars1,ENSDARG00000061100,external_gene_name
nars1,nars1,ENSDARG00000061100,zfin_id_symbol
nat10,nat10,ENSDARG00000054259,external_gene_name
nat10,nat10,ENSDARG00000054259,zfin_id_symbol
nat14,nat14,ENSDARG00000115349,external_gene_name
nat14,nat14,ENSDARG00000115349,zfin_id_symbol
nat16,nat16,ENSDARG00000086222,external_gene_name
nat16,nat16,ENSDARG00000086222,zfin_id_symbol
nat8,nat8,ENSDARG00000078991,external_gene_name
nat8,nat8,ENSDARG00000078991,zfin_id_symbol
nat8l,nat8l,ENSDARG00000077256,external_gene_name
nat8l,nat8l,ENSDARG00000077256,zfin_id_symbol
nat9,nat9,ENSDARG00000071425,external_gene_name
nat9,nat9,ENSDARG00000071425,zfin_id_symbol
ncoa1,ncoa1,ENSDARG00000018257,external_gene_name
ncoa1,ncoa1,ENSDARG00000018257,zfin_id_symbol
ncoa2,ncoa2,ENSDARG00000017929,external_gene_name
ncoa2,ncoa2,ENSDARG00000017929,zfin_id_symbol
ncoa3,ncoa3,ENSDARG00000077404,external_gene_name
ncoa3,ncoa3,ENSDARG00000077404,zfin_id_symbol
ncoa6,ncoa6,ENSDARG00000071272,external_gene_name
ncoa6,ncoa6,ENSDARG00000071272,zfin_id_symbol
ncor1,ncor1,ENSDARG00000035285,external_gene_name
ncor1,ncor1,ENSDARG00000035285,zfin_id_symbol
ncor2,ncor2,ENSDARG00000000966,external_gene_name
ncor2,ncor2,ENSDARG00000000966,zfin_id_symbol
ndc1,ndc1,ENSDARG00000021120,external_gene_name
ndc1,ndc1,ENSDARG00000021120,zfin_id_symbol
ndnl2,ndnl2,ENSDARG00000058212,external_gene_name
ndnl2,ndnl2,ENSDARG00000058212,zfin_id_symbol
ndst1a,ndst1a,ENSDARG00000062397,external_gene_name
ndst1a,ndst1a,ENSDARG00000062397,zfin_id_symbol
ndst1b,ndst1b,ENSDARG00000103606,external_gene_name
ndst1b,ndst1b,ENSDARG00000103606,zfin_id_symbol
ndst2b,ndst2b,ENSDARG00000060678,external_gene_name
ndst2b,ndst2b,ENSDARG00000060678,zfin_id_symbol
ndst3,ndst3,ENSDARG00000041776,external_gene_name
ndst3,ndst3,ENSDARG00000041776,zfin_id_symbol
ndufa1,ndufa1,ENSDARG00000036329,external_gene_name
ndufa1,ndufa1,ENSDARG00000036329,zfin_id_symbol
ndufa10,ndufa10,ENSDARG00000013333,external_gene_name
ndufa10,ndufa10,ENSDARG00000013333,zfin_id_symbol
ndufa11,ndufa11,ENSDARG00000042777,external_gene_name
ndufa11,ndufa11,ENSDARG00000042777,zfin_id_symbol
ndufa12,ndufa12,ENSDARG00000042469,external_gene_name
ndufa12,ndufa12,ENSDARG00000042469,zfin_id_symbol
ndufa2,ndufa2,ENSDARG00000021984,external_gene_name
ndufa2,ndufa2,ENSDARG00000021984,zfin_id_symbol
ndufa3,ndufa3,ENSDARG00000041400,external_gene_name
ndufa3,ndufa3,ENSDARG00000041400,zfin_id_symbol
ndufa4b,ndufa4b,ENSDARG00000056108,external_gene_name
ndufa4b,ndufa4b,ENSDARG00000056108,zfin_id_symbol
ndufa5,ndufa5,ENSDARG00000039346,external_gene_name
ndufa5,ndufa5,ENSDARG00000039346,zfin_id_symbol
ndufa6,ndufa6,ENSDARG00000038028,external_gene_name
ndufa6,ndufa6,ENSDARG00000038028,zfin_id_symbol
ndufa8,ndufa8,ENSDARG00000058041,external_gene_name
ndufa8,ndufa8,ENSDARG00000058041,zfin_id_symbol
ndufa9a,ndufa9a,ENSDARG00000070723,external_gene_name
ndufa9a,ndufa9a,ENSDARG00000070723,zfin_id_symbol
ndufab1b,ndufab1b,ENSDARG00000014915,external_gene_name
ndufab1b,ndufab1b,ENSDARG00000014915,zfin_id_symbol
ndufaf5,ndufaf5,ENSDARG00000061629,external_gene_name
ndufaf5,ndufaf5,ENSDARG00000061629,zfin_id_symbol
ndufb10,ndufb10,ENSDARG00000028889,external_gene_name
ndufb10,ndufb10,ENSDARG00000028889,zfin_id_symbol
ndufb11,ndufb11,ENSDARG00000043467,external_gene_name
ndufb11,ndufb11,ENSDARG00000043467,zfin_id_symbol
ndufb2,ndufb2,ENSDARG00000045490,external_gene_name
ndufb2,ndufb2,ENSDARG00000045490,zfin_id_symbol
ndufb3,ndufb3,ENSDARG00000075709,external_gene_name
ndufb3,ndufb3,ENSDARG00000075709,zfin_id_symbol
ndufb4,ndufb4,ENSDARG00000019332,external_gene_name
ndufb4,ndufb4,ENSDARG00000019332,zfin_id_symbol
ndufb5,ndufb5,ENSDARG00000070824,external_gene_name
ndufb5,ndufb5,ENSDARG00000070824,zfin_id_symbol
ndufb6,ndufb6,ENSDARG00000037259,external_gene_name
ndufb6,ndufb6,ENSDARG00000037259,zfin_id_symbol
ndufb7,ndufb7,ENSDARG00000033789,external_gene_name
ndufb7,ndufb7,ENSDARG00000033789,zfin_id_symbol
ndufb8,ndufb8,ENSDARG00000010113,external_gene_name
ndufb8,ndufb8,ENSDARG00000010113,zfin_id_symbol
ndufb9,ndufb9,ENSDARG00000041314,external_gene_name
ndufb9,ndufb9,ENSDARG00000041314,zfin_id_symbol
ndufc1,ndufc1,ENSDARG00000103101,external_gene_name
ndufc1,ndufc1,ENSDARG00000103101,zfin_id_symbol
ndufc2,ndufc2,ENSDARG00000102115,external_gene_name
ndufc2,ndufc2,ENSDARG00000102115,zfin_id_symbol
ndufs1,ndufs1,ENSDARG00000028546,external_gene_name
ndufs1,ndufs1,ENSDARG00000028546,zfin_id_symbol
ndufs2,ndufs2,ENSDARG00000007526,external_gene_name
ndufs2,ndufs2,ENSDARG00000007526,zfin_id_symbol
ndufs3,ndufs3,ENSDARG00000015385,external_gene_name
ndufs3,ndufs3,ENSDARG00000015385,zfin_id_symbol
ndufs4,ndufs4,ENSDARG00000052840,external_gene_name
ndufs4,ndufs4,ENSDARG00000052840,zfin_id_symbol
ndufs5,ndufs5,ENSDARG00000006290,external_gene_name
ndufs5,ndufs5,ENSDARG00000006290,zfin_id_symbol
ndufs6,ndufs6,ENSDARG00000056583,external_gene_name
ndufs6,ndufs6,ENSDARG00000056583,zfin_id_symbol
ndufs7,ndufs7,ENSDARG00000074552,external_gene_name
ndufs7,ndufs7,ENSDARG00000074552,zfin_id_symbol
ndufs8a,ndufs8a,ENSDARG00000051986,external_gene_name
ndufs8a,ndufs8a,ENSDARG00000051986,zfin_id_symbol
ndufv1,ndufv1,ENSDARG00000036438,external_gene_name
ndufv1,ndufv1,ENSDARG00000036438,zfin_id_symbol
ndufv2,ndufv2,ENSDARG00000013044,external_gene_name
ndufv2,ndufv2,ENSDARG00000013044,zfin_id_symbol
ndufv3,ndufv3,ENSDARG00000090389,external_gene_name
ndufv3,ndufv3,ENSDARG00000090389,zfin_id_symbol
nedd4a,nedd4a,ENSDARG00000099843,external_gene_name
nedd4a,nedd4a,ENSDARG00000099843,zfin_id_symbol
nedd4l,nedd4l,ENSDARG00000060006,external_gene_name
nedd4l,nedd4l,ENSDARG00000060006,zfin_id_symbol
neu1,neu1,ENSDARG00000008832,external_gene_name
neu1,neu1,ENSDARG00000008832,zfin_id_symbol
neu3.5,neu3.5,ENSDARG00000096368,external_gene_name
neu3.5,neu3.5,ENSDARG00000096368,zfin_id_symbol
neu4,neu4,ENSDARG00000057677,external_gene_name
neu4,neu4,ENSDARG00000057677,zfin_id_symbol
neurl1aa,neurl1aa,ENSDARG00000069438,external_gene_name
neurl1aa,neurl1aa,ENSDARG00000069438,zfin_id_symbol
neurl1b,neurl1b,ENSDARG00000099694,external_gene_name
neurl1b,neurl1b,ENSDARG00000099694,zfin_id_symbol
ngly1,ngly1,ENSDARG00000003205,external_gene_name
ngly1,ngly1,ENSDARG00000003205,zfin_id_symbol
nit2,nit2,ENSDARG00000017590,external_gene_name
nit2,nit2,ENSDARG00000017590,zfin_id_symbol
nktr,nktr,ENSDARG00000059097,external_gene_name
nktr,nktr,ENSDARG00000059097,zfin_id_symbol
nln,nln,ENSDARG00000019233,external_gene_name
nln,nln,ENSDARG00000019233,zfin_id_symbol
nme2a,nme2a,ENSDARG00000043820,external_gene_name
nme2a,nme2a,ENSDARG00000043820,zfin_id_symbol
nme2b.1,nme2b.1,ENSDARG00000103791,external_gene_name
nme2b.1,nme2b.1,ENSDARG00000103791,zfin_id_symbol
nme3,nme3,ENSDARG00000100990,external_gene_name
nme3,nme3,ENSDARG00000100990,zfin_id_symbol
nme4,nme4,ENSDARG00000088390,external_gene_name
nme4,nme4,ENSDARG00000088390,zfin_id_symbol
nme5,nme5,ENSDARG00000041617,external_gene_name
nme5,nme5,ENSDARG00000041617,zfin_id_symbol
nme6,nme6,ENSDARG00000016138,external_gene_name
nme6,nme6,ENSDARG00000016138,zfin_id_symbol
nme7,nme7,ENSDARG00000056193,external_gene_name
nme7,nme7,ENSDARG00000056193,zfin_id_symbol
nmnat1,nmnat1,ENSDARG00000105748,external_gene_name
nmnat1,nmnat1,ENSDARG00000105748,zfin_id_symbol
nmnat2,nmnat2,ENSDARG00000004580,external_gene_name
nmnat2,nmnat2,ENSDARG00000004580,zfin_id_symbol
nmnat3,nmnat3,ENSDARG00000077034,external_gene_name
nmnat3,nmnat3,ENSDARG00000077034,zfin_id_symbol
nmrk1,nmrk1,ENSDARG00000037913,external_gene_name
nmrk1,nmrk1,ENSDARG00000037913,zfin_id_symbol
nmrk2,nmrk2,ENSDARG00000067848,external_gene_name
nmrk2,nmrk2,ENSDARG00000067848,zfin_id_symbol
nmt1b,nmt1b,ENSDARG00000057206,external_gene_name
nmt1b,nmt1b,ENSDARG00000057206,zfin_id_symbol
nmt2,nmt2,ENSDARG00000021808,external_gene_name
nmt2,nmt2,ENSDARG00000021808,zfin_id_symbol
nnt,nnt,ENSDARG00000023536,external_gene_name
nnt,nnt,ENSDARG00000023536,zfin_id_symbol
nol9,nol9,ENSDARG00000077751,external_gene_name
nol9,nol9,ENSDARG00000077751,zfin_id_symbol
nop2,nop2,ENSDARG00000043304,external_gene_name
nop2,nop2,ENSDARG00000043304,zfin_id_symbol
nos1,nos1,ENSDARG00000068910,external_gene_name
nos1,nos1,ENSDARG00000068910,zfin_id_symbol
nos2a,nos2a,ENSDARG00000026925,external_gene_name
nos2a,nos2a,ENSDARG00000026925,zfin_id_symbol
nos2b,nos2b,ENSDARG00000031976,external_gene_name
nos2b,nos2b,ENSDARG00000031976,zfin_id_symbol
npas2,npas2,ENSDARG00000016536,external_gene_name
npas2,npas2,ENSDARG00000016536,zfin_id_symbol
npc1,npc1,ENSDARG00000017180,external_gene_name
npc1,npc1,ENSDARG00000017180,zfin_id_symbol
npepps,npepps,ENSDARG00000044943,external_gene_name
npepps,npepps,ENSDARG00000044943,zfin_id_symbol
npl,npl,ENSDARG00000009390,external_gene_name
npl,npl,ENSDARG00000009390,zfin_id_symbol
npr1a,npr1a,ENSDARG00000031751,external_gene_name
npr1a,npr1a,ENSDARG00000031751,zfin_id_symbol
nqo1,nqo1,ENSDARG00000010250,external_gene_name
nqo1,nqo1,ENSDARG00000010250,zfin_id_symbol
nr1d1,nr1d1,ENSDARG00000033160,external_gene_name
nr1d1,nr1d1,ENSDARG00000033160,zfin_id_symbol
nrf1,nrf1,ENSDARG00000000018,external_gene_name
nrf1,nrf1,ENSDARG00000000018,zfin_id_symbol
nsd1a,nsd1a,ENSDARG00000060016,external_gene_name
nsd1a,nsd1a,ENSDARG00000060016,zfin_id_symbol
nsd1b,nsd1b,ENSDARG00000060705,external_gene_name
nsd1b,nsd1b,ENSDARG00000060705,zfin_id_symbol
nsd2,nsd2,ENSDARG00000026225,external_gene_name
nsd2,nsd2,ENSDARG00000026225,zfin_id_symbol
nsd3,nsd3,ENSDARG00000062765,external_gene_name
nsd3,nsd3,ENSDARG00000062765,zfin_id_symbol
nsdhl,nsdhl,ENSDARG00000099315,external_gene_name
nsdhl,nsdhl,ENSDARG00000099315,zfin_id_symbol
nsun3,nsun3,ENSDARG00000013023,external_gene_name
nsun3,nsun3,ENSDARG00000013023,zfin_id_symbol
nsun4,nsun4,ENSDARG00000021324,external_gene_name
nsun4,nsun4,ENSDARG00000021324,zfin_id_symbol
nsun5,nsun5,ENSDARG00000043209,external_gene_name
nsun5,nsun5,ENSDARG00000043209,zfin_id_symbol
nsun6,nsun6,ENSDARG00000103478,external_gene_name
nsun6,nsun6,ENSDARG00000103478,zfin_id_symbol
nt5c1ab,nt5c1ab,ENSDARG00000070590,external_gene_name
nt5c1ab,nt5c1ab,ENSDARG00000070590,zfin_id_symbol
nt5c1ba,nt5c1ba,ENSDARG00000018153,external_gene_name
nt5c1ba,nt5c1ba,ENSDARG00000018153,zfin_id_symbol
nt5c1bb,nt5c1bb,ENSDARG00000033742,external_gene_name
nt5c1bb,nt5c1bb,ENSDARG00000033742,zfin_id_symbol
nt5c2b,nt5c2b,ENSDARG00000058231,external_gene_name
nt5c2b,nt5c2b,ENSDARG00000058231,zfin_id_symbol
nt5c3a,nt5c3a,ENSDARG00000058597,external_gene_name
nt5c3a,nt5c3a,ENSDARG00000058597,zfin_id_symbol
nt5dc3,nt5dc3,ENSDARG00000062949,external_gene_name
nt5dc3,nt5dc3,ENSDARG00000062949,zfin_id_symbol
nt5e,nt5e,ENSDARG00000071017,external_gene_name
nt5e,nt5e,ENSDARG00000071017,zfin_id_symbol
ntan1,ntan1,ENSDARG00000105182,external_gene_name
ntan1,ntan1,ENSDARG00000105182,zfin_id_symbol
ntpcr,ntpcr,ENSDARG00000021853,external_gene_name
ntpcr,ntpcr,ENSDARG00000021853,zfin_id_symbol
nudt12,nudt12,ENSDARG00000100813,external_gene_name
nudt12,nudt12,ENSDARG00000100813,zfin_id_symbol
nudt14,nudt14,ENSDARG00000062335,external_gene_name
nudt14,nudt14,ENSDARG00000062335,zfin_id_symbol
nudt2,nudt2,ENSDARG00000058728,external_gene_name
nudt2,nudt2,ENSDARG00000058728,zfin_id_symbol
nudt3b,nudt3b,ENSDARG00000042123,external_gene_name
nudt3b,nudt3b,ENSDARG00000042123,zfin_id_symbol
nudt4a,nudt4a,ENSDARG00000057767,external_gene_name
nudt4a,nudt4a,ENSDARG00000057767,zfin_id_symbol
nudt5,nudt5,ENSDARG00000078073,external_gene_name
nudt5,nudt5,ENSDARG00000078073,zfin_id_symbol
nudt9,nudt9,ENSDARG00000087927,external_gene_name
nudt9,nudt9,ENSDARG00000087927,zfin_id_symbol
nup107,nup107,ENSDARG00000016010,external_gene_name
nup107,nup107,ENSDARG00000016010,zfin_id_symbol
nup133,nup133,ENSDARG00000010078,external_gene_name
nup133,nup133,ENSDARG00000010078,zfin_id_symbol
nup153,nup153,ENSDARG00000099972,external_gene_name
nup153,nup153,ENSDARG00000099972,zfin_id_symbol
nup155,nup155,ENSDARG00000001777,external_gene_name
nup155,nup155,ENSDARG00000001777,zfin_id_symbol
nup160,nup160,ENSDARG00000027140,external_gene_name
nup160,nup160,ENSDARG00000027140,zfin_id_symbol
nup188,nup188,ENSDARG00000030022,external_gene_name
nup188,nup188,ENSDARG00000030022,zfin_id_symbol
nup205,nup205,ENSDARG00000042530,external_gene_name
nup205,nup205,ENSDARG00000042530,zfin_id_symbol
nup210,nup210,ENSDARG00000063333,external_gene_name
nup210,nup210,ENSDARG00000063333,zfin_id_symbol
nup214,nup214,ENSDARG00000016212,external_gene_name
nup214,nup214,ENSDARG00000016212,zfin_id_symbol
nup35,nup35,ENSDARG00000012222,external_gene_name
nup35,nup35,ENSDARG00000012222,zfin_id_symbol
nup37,nup37,ENSDARG00000094191,external_gene_name
nup37,nup37,ENSDARG00000094191,zfin_id_symbol
nup42,nup42,ENSDARG00000029043,external_gene_name
nup42,nup42,ENSDARG00000029043,zfin_id_symbol
nup43,nup43,ENSDARG00000043884,external_gene_name
nup43,nup43,ENSDARG00000043884,zfin_id_symbol
nup50,nup50,ENSDARG00000017454,external_gene_name
nup50,nup50,ENSDARG00000017454,zfin_id_symbol
nup54,nup54,ENSDARG00000103296,external_gene_name
nup54,nup54,ENSDARG00000103296,zfin_id_symbol
nup58,nup58,ENSDARG00000033965,external_gene_name
nup58,nup58,ENSDARG00000033965,zfin_id_symbol
nup62l,nup62l,ENSDARG00000020527,external_gene_name
nup62l,nup62l,ENSDARG00000020527,zfin_id_symbol
nup85,nup85,ENSDARG00000098679,external_gene_name
nup85,nup85,ENSDARG00000098679,zfin_id_symbol
nup88,nup88,ENSDARG00000003235,external_gene_name
nup88,nup88,ENSDARG00000003235,zfin_id_symbol
nup93,nup93,ENSDARG00000003487,external_gene_name
nup93,nup93,ENSDARG00000003487,zfin_id_symbol
nup98,nup98,ENSDARG00000074955,external_gene_name
nup98,nup98,ENSDARG00000074955,zfin_id_symbol
oard1,oard1,ENSDARG00000057426,external_gene_name
oard1,oard1,ENSDARG00000057426,zfin_id_symbol
oat,oat,ENSDARG00000078425,external_gene_name
oat,oat,ENSDARG00000078425,zfin_id_symbol
obsl1a,obsl1a,ENSDARG00000003684,external_gene_name
obsl1a,obsl1a,ENSDARG00000003684,zfin_id_symbol
oca2,oca2,ENSDARG00000061303,external_gene_name
oca2,oca2,ENSDARG00000061303,zfin_id_symbol
ocrl,ocrl,ENSDARG00000078106,external_gene_name
ocrl,ocrl,ENSDARG00000078106,zfin_id_symbol
odc1,odc1,ENSDARG00000007377,external_gene_name
odc1,odc1,ENSDARG00000007377,zfin_id_symbol
oga,oga,ENSDARG00000074686,external_gene_name
oga,oga,ENSDARG00000074686,zfin_id_symbol
ogdhb,ogdhb,ENSDARG00000103428,external_gene_name
ogdhb,ogdhb,ENSDARG00000103428,zfin_id_symbol
ogdhl,ogdhl,ENSDARG00000079249,external_gene_name
ogdhl,ogdhl,ENSDARG00000079249,zfin_id_symbol
ogt.2,ogt.2,ENSDARG00000099455,external_gene_name
ogt.2,ogt.2,ENSDARG00000099455,zfin_id_symbol
olah,olah,ENSDARG00000058502,external_gene_name
olah,olah,ENSDARG00000058502,zfin_id_symbol
oplah,oplah,ENSDARG00000045123,external_gene_name
oplah,oplah,ENSDARG00000045123,zfin_id_symbol
otc,otc,ENSDARG00000062147,external_gene_name
otc,otc,ENSDARG00000062147,zfin_id_symbol
otud5a,otud5a,ENSDARG00000059006,external_gene_name
otud5a,otud5a,ENSDARG00000059006,zfin_id_symbol
otud5b,otud5b,ENSDARG00000056840,external_gene_name
otud5b,otud5b,ENSDARG00000056840,zfin_id_symbol
oxct1a,oxct1a,ENSDARG00000013063,external_gene_name
oxct1a,oxct1a,ENSDARG00000013063,zfin_id_symbol
oxsm,oxsm,ENSDARG00000098855,external_gene_name
oxsm,oxsm,ENSDARG00000098855,zfin_id_symbol
p4ha1a,p4ha1a,ENSDARG00000033537,external_gene_name
p4ha1a,p4ha1a,ENSDARG00000033537,zfin_id_symbol
p4ha1b,p4ha1b,ENSDARG00000071082,external_gene_name
p4ha1b,p4ha1b,ENSDARG00000071082,zfin_id_symbol
p4ha2,p4ha2,ENSDARG00000010085,external_gene_name
p4ha2,p4ha2,ENSDARG00000010085,zfin_id_symbol
p4hb,p4hb,ENSDARG00000105116,external_gene_name
p4hb,p4hb,ENSDARG00000105116,zfin_id_symbol
padi2,padi2,ENSDARG00000044167,external_gene_name
padi2,padi2,ENSDARG00000044167,zfin_id_symbol
pafah1b1b,pafah1b1b,ENSDARG00000026595,external_gene_name
pafah1b1b,pafah1b1b,ENSDARG00000026595,zfin_id_symbol
pafah1b2,pafah1b2,ENSDARG00000035352,external_gene_name
pafah1b2,pafah1b2,ENSDARG00000035352,zfin_id_symbol
pafah1b3,pafah1b3,ENSDARG00000058047,external_gene_name
pafah1b3,pafah1b3,ENSDARG00000058047,zfin_id_symbol
pah,pah,ENSDARG00000020143,external_gene_name
pah,pah,ENSDARG00000020143,zfin_id_symbol
paics,paics,ENSDARG00000033539,external_gene_name
paics,paics,ENSDARG00000033539,zfin_id_symbol
pam,pam,ENSDARG00000100170,external_gene_name
pam,pam,ENSDARG00000100170,zfin_id_symbol
pan2,pan2,ENSDARG00000074675,external_gene_name
pan2,pan2,ENSDARG00000074675,zfin_id_symbol
pank1a,pank1a,ENSDARG00000008192,external_gene_name
pank1a,pank1a,ENSDARG00000008192,zfin_id_symbol
pank2,pank2,ENSDARG00000003311,external_gene_name
pank2,pank2,ENSDARG00000003311,zfin_id_symbol
pank4,pank4,ENSDARG00000098453,external_gene_name
pank4,pank4,ENSDARG00000098453,zfin_id_symbol
paox,paox,ENSDARG00000003380,external_gene_name
paox,paox,ENSDARG00000003380,zfin_id_symbol
papola,papola,ENSDARG00000009585,external_gene_name
papola,papola,ENSDARG00000009585,zfin_id_symbol
papolg,papolg,ENSDARG00000012141,external_gene_name
papolg,papolg,ENSDARG00000012141,zfin_id_symbol
papss1,papss1,ENSDARG00000057099,external_gene_name
papss1,papss1,ENSDARG00000057099,zfin_id_symbol
papss2b,papss2b,ENSDARG00000056600,external_gene_name
papss2b,papss2b,ENSDARG00000056600,zfin_id_symbol
parp1,parp1,ENSDARG00000019529,external_gene_name
parp1,parp1,ENSDARG00000019529,zfin_id_symbol
parp10,parp10,ENSDARG00000087145,external_gene_name
parp10,parp10,ENSDARG00000087145,zfin_id_symbol
parp12a,parp12a,ENSDARG00000042496,external_gene_name
parp12a,parp12a,ENSDARG00000042496,zfin_id_symbol
parp12b,parp12b,ENSDARG00000057974,external_gene_name
parp12b,parp12b,ENSDARG00000057974,zfin_id_symbol
parp14rs1,parp14rs1,ENSDARG00000040445,external_gene_name
parp14rs1,parp14rs1,ENSDARG00000040445,zfin_id_symbol
parp16,parp16,ENSDARG00000018593,external_gene_name
parp16,parp16,ENSDARG00000018593,zfin_id_symbol
parp2,parp2,ENSDARG00000079202,external_gene_name
parp2,parp2,ENSDARG00000079202,zfin_id_symbol
parp3,parp3,ENSDARG00000003961,external_gene_name
parp3,parp3,ENSDARG00000003961,zfin_id_symbol
parp4,parp4,ENSDARG00000069934,external_gene_name
parp4,parp4,ENSDARG00000069934,zfin_id_symbol
parp6b,parp6b,ENSDARG00000070473,external_gene_name
parp6b,parp6b,ENSDARG00000070473,zfin_id_symbol
parp8,parp8,ENSDARG00000059789,external_gene_name
parp8,parp8,ENSDARG00000059789,zfin_id_symbol
parp9,parp9,ENSDARG00000006848,external_gene_name
parp9,parp9,ENSDARG00000006848,zfin_id_symbol
pcbd1,pcbd1,ENSDARG00000031981,external_gene_name
pcbd1,pcbd1,ENSDARG00000031981,zfin_id_symbol
pcca,pcca,ENSDARG00000028982,external_gene_name
pcca,pcca,ENSDARG00000028982,zfin_id_symbol
pccb,pccb,ENSDARG00000038910,external_gene_name
pccb,pccb,ENSDARG00000038910,zfin_id_symbol
pck1,pck1,ENSDARG00000013522,external_gene_name
pck1,pck1,ENSDARG00000013522,zfin_id_symbol
pck2,pck2,ENSDARG00000020956,external_gene_name
pck2,pck2,ENSDARG00000020956,zfin_id_symbol
pcmt,pcmt,ENSDARG00000015201,external_gene_name
pcmt,pcmt,ENSDARG00000015201,zfin_id_symbol
pctp,pctp,ENSDARG00000073985,external_gene_name
pctp,pctp,ENSDARG00000073985,zfin_id_symbol
pcxb,pcxb,ENSDARG00000051939,external_gene_name
pcxb,pcxb,ENSDARG00000051939,zfin_id_symbol
pcyox1,pcyox1,ENSDARG00000103052,external_gene_name
pcyox1,pcyox1,ENSDARG00000103052,zfin_id_symbol
pcyt1aa,pcyt1aa,ENSDARG00000011233,external_gene_name
pcyt1aa,pcyt1aa,ENSDARG00000011233,zfin_id_symbol
pcyt1ab,pcyt1ab,ENSDARG00000004492,external_gene_name
pcyt1ab,pcyt1ab,ENSDARG00000004492,zfin_id_symbol
pcyt1bb,pcyt1bb,ENSDARG00000104207,external_gene_name
pcyt1bb,pcyt1bb,ENSDARG00000104207,zfin_id_symbol
pcyt2,pcyt2,ENSDARG00000043003,external_gene_name
pcyt2,pcyt2,ENSDARG00000043003,zfin_id_symbol
pde10a,pde10a,ENSDARG00000003449,external_gene_name
pde10a,pde10a,ENSDARG00000003449,zfin_id_symbol
pde11a,pde11a,ENSDARG00000063732,external_gene_name
pde11a,pde11a,ENSDARG00000063732,zfin_id_symbol
pde1a,pde1a,ENSDARG00000060875,external_gene_name
pde1a,pde1a,ENSDARG00000060875,zfin_id_symbol
pde3a,pde3a,ENSDARG00000004227,external_gene_name
pde3a,pde3a,ENSDARG00000004227,zfin_id_symbol
pde3b,pde3b,ENSDARG00000062190,external_gene_name
pde3b,pde3b,ENSDARG00000062190,zfin_id_symbol
pde4a,pde4a,ENSDARG00000032344,external_gene_name
pde4a,pde4a,ENSDARG00000032344,zfin_id_symbol
pde4bb,pde4bb,ENSDARG00000074233,external_gene_name
pde4bb,pde4bb,ENSDARG00000074233,zfin_id_symbol
pde4ca,pde4ca,ENSDARG00000013221,external_gene_name
pde4ca,pde4ca,ENSDARG00000013221,zfin_id_symbol
pde4cb,pde4cb,ENSDARG00000002411,external_gene_name
pde4cb,pde4cb,ENSDARG00000002411,zfin_id_symbol
pde4d,pde4d,ENSDARG00000032761,external_gene_name
pde4d,pde4d,ENSDARG00000032761,zfin_id_symbol
pde5ab,pde5ab,ENSDARG00000051915,external_gene_name
pde5ab,pde5ab,ENSDARG00000051915,zfin_id_symbol
pde6a,pde6a,ENSDARG00000000380,external_gene_name
pde6a,pde6a,ENSDARG00000000380,zfin_id_symbol
pde6b,pde6b,ENSDARG00000011671,external_gene_name
pde6b,pde6b,ENSDARG00000011671,zfin_id_symbol
pde6c,pde6c,ENSDARG00000100397,external_gene_name
pde6c,pde6c,ENSDARG00000100397,zfin_id_symbol
pde6d,pde6d,ENSDARG00000074892,external_gene_name
pde6d,pde6d,ENSDARG00000074892,zfin_id_symbol
pde6ga,pde6ga,ENSDARG00000056791,external_gene_name
pde6ga,pde6ga,ENSDARG00000056791,zfin_id_symbol
pde6gb,pde6gb,ENSDARG00000101984,external_gene_name
pde6gb,pde6gb,ENSDARG00000101984,zfin_id_symbol
pde7a,pde7a,ENSDARG00000045305,external_gene_name
pde7a,pde7a,ENSDARG00000045305,zfin_id_symbol
pde8a,pde8a,ENSDARG00000087941,external_gene_name
pde8a,pde8a,ENSDARG00000087941,zfin_id_symbol
pde8b,pde8b,ENSDARG00000063706,external_gene_name
pde8b,pde8b,ENSDARG00000063706,zfin_id_symbol
pde9aa,pde9aa,ENSDARG00000060280,external_gene_name
pde9aa,pde9aa,ENSDARG00000060280,zfin_id_symbol
pdf,pdf,ENSDARG00000013950,external_gene_name
pdf,pdf,ENSDARG00000013950,zfin_id_symbol
pdha1a,pdha1a,ENSDARG00000012387,external_gene_name
pdha1a,pdha1a,ENSDARG00000012387,zfin_id_symbol
pdhb,pdhb,ENSDARG00000021346,external_gene_name
pdhb,pdhb,ENSDARG00000021346,zfin_id_symbol
pdhx,pdhx,ENSDARG00000051756,external_gene_name
pdhx,pdhx,ENSDARG00000051756,zfin_id_symbol
pdia2,pdia2,ENSDARG00000018263,external_gene_name
pdia2,pdia2,ENSDARG00000018263,zfin_id_symbol
pdia3,pdia3,ENSDARG00000102640,external_gene_name
pdia3,pdia3,ENSDARG00000102640,zfin_id_symbol
pdia4,pdia4,ENSDARG00000018491,external_gene_name
pdia4,pdia4,ENSDARG00000018491,zfin_id_symbol
pdia5,pdia5,ENSDARG00000069242,external_gene_name
pdia5,pdia5,ENSDARG00000069242,zfin_id_symbol
pdia6,pdia6,ENSDARG00000009001,external_gene_name
pdia6,pdia6,ENSDARG00000009001,zfin_id_symbol
pdk1,pdk1,ENSDARG00000013128,external_gene_name
pdk1,pdk1,ENSDARG00000013128,zfin_id_symbol
pdk2a,pdk2a,ENSDARG00000020876,external_gene_name
pdk2a,pdk2a,ENSDARG00000020876,zfin_id_symbol
pdk3a,pdk3a,ENSDARG00000014527,external_gene_name
pdk3a,pdk3a,ENSDARG00000014527,zfin_id_symbol
pdk4,pdk4,ENSDARG00000054848,external_gene_name
pdk4,pdk4,ENSDARG00000054848,zfin_id_symbol
pdp1,pdp1,ENSDARG00000076308,external_gene_name
pdp1,pdp1,ENSDARG00000076308,zfin_id_symbol
pdp2,pdp2,ENSDARG00000058571,external_gene_name
pdp2,pdp2,ENSDARG00000058571,zfin_id_symbol
pdpr,pdpr,ENSDARG00000103288,external_gene_name
pdpr,pdpr,ENSDARG00000103288,zfin_id_symbol
pdss1,pdss1,ENSDARG00000017910,external_gene_name
pdss1,pdss1,ENSDARG00000017910,zfin_id_symbol
pdss2,pdss2,ENSDARG00000012563,external_gene_name
pdss2,pdss2,ENSDARG00000012563,zfin_id_symbol
pdxkb,pdxkb,ENSDARG00000036546,external_gene_name
pdxkb,pdxkb,ENSDARG00000036546,zfin_id_symbol
pdxp,pdxp,ENSDARG00000109823,external_gene_name
pdxp,pdxp,ENSDARG00000109823,zfin_id_symbol
pecr,pecr,ENSDARG00000055976,external_gene_name
pecr,pecr,ENSDARG00000055976,zfin_id_symbol
pemt,pemt,ENSDARG00000103614,external_gene_name
pemt,pemt,ENSDARG00000103614,zfin_id_symbol
pepd,pepd,ENSDARG00000102249,external_gene_name
pepd,pepd,ENSDARG00000102249,zfin_id_symbol
pex11a,pex11a,ENSDARG00000060707,external_gene_name
pex11a,pex11a,ENSDARG00000060707,zfin_id_symbol
pfas,pfas,ENSDARG00000003750,external_gene_name
pfas,pfas,ENSDARG00000003750,zfin_id_symbol
pfkfb1,pfkfb1,ENSDARG00000037140,external_gene_name
pfkfb1,pfkfb1,ENSDARG00000037140,zfin_id_symbol
pfkfb2a,pfkfb2a,ENSDARG00000023840,external_gene_name
pfkfb2a,pfkfb2a,ENSDARG00000023840,zfin_id_symbol
pfkfb2b,pfkfb2b,ENSDARG00000002037,external_gene_name
pfkfb2b,pfkfb2b,ENSDARG00000002037,zfin_id_symbol
pfkfb3,pfkfb3,ENSDARG00000001953,external_gene_name
pfkfb3,pfkfb3,ENSDARG00000001953,zfin_id_symbol
pfkfb4b,pfkfb4b,ENSDARG00000029075,external_gene_name
pfkfb4b,pfkfb4b,ENSDARG00000029075,zfin_id_symbol
pfkla,pfkla,ENSDARG00000060504,external_gene_name
pfkla,pfkla,ENSDARG00000060504,zfin_id_symbol
pfkma,pfkma,ENSDARG00000014179,external_gene_name
pfkma,pfkma,ENSDARG00000014179,zfin_id_symbol
pfkpa,pfkpa,ENSDARG00000028000,external_gene_name
pfkpa,pfkpa,ENSDARG00000028000,zfin_id_symbol
pgam1a,pgam1a,ENSDARG00000005423,external_gene_name
pgam1a,pgam1a,ENSDARG00000005423,zfin_id_symbol
pgam1b,pgam1b,ENSDARG00000014068,external_gene_name
pgam1b,pgam1b,ENSDARG00000014068,zfin_id_symbol
pgam2,pgam2,ENSDARG00000057571,external_gene_name
pgam2,pgam2,ENSDARG00000057571,zfin_id_symbol
pgap1,pgap1,ENSDARG00000062465,external_gene_name
pgap1,pgap1,ENSDARG00000062465,zfin_id_symbol
pgd,pgd,ENSDARG00000015343,external_gene_name
pgd,pgd,ENSDARG00000015343,zfin_id_symbol
pgghg,pgghg,ENSDARG00000014311,external_gene_name
pgghg,pgghg,ENSDARG00000014311,zfin_id_symbol
pgk1,pgk1,ENSDARG00000054191,external_gene_name
pgk1,pgk1,ENSDARG00000054191,zfin_id_symbol
pgls,pgls,ENSDARG00000021233,external_gene_name
pgls,pgls,ENSDARG00000021233,zfin_id_symbol
pglyrp6,pglyrp6,ENSDARG00000103642,external_gene_name
pglyrp6,pglyrp6,ENSDARG00000103642,zfin_id_symbol
pgm1,pgm1,ENSDARG00000013561,external_gene_name
pgm1,pgm1,ENSDARG00000013561,zfin_id_symbol
pgm2,pgm2,ENSDARG00000018178,external_gene_name
pgm2,pgm2,ENSDARG00000018178,zfin_id_symbol
pgm2l1,pgm2l1,ENSDARG00000014704,external_gene_name
pgm2l1,pgm2l1,ENSDARG00000014704,zfin_id_symbol
pgm3,pgm3,ENSDARG00000024654,external_gene_name
pgm3,pgm3,ENSDARG00000024654,zfin_id_symbol
pgm5,pgm5,ENSDARG00000060745,external_gene_name
pgm5,pgm5,ENSDARG00000060745,zfin_id_symbol
pgp,pgp,ENSDARG00000029695,external_gene_name
pgp,pgp,ENSDARG00000029695,zfin_id_symbol
phgdh,phgdh,ENSDARG00000001873,external_gene_name
phgdh,phgdh,ENSDARG00000001873,zfin_id_symbol
phka1b,phka1b,ENSDARG00000105039,external_gene_name
phka1b,phka1b,ENSDARG00000105039,zfin_id_symbol
phka2,phka2,ENSDARG00000030687,external_gene_name
phka2,phka2,ENSDARG00000030687,zfin_id_symbol
phkb,phkb,ENSDARG00000078284,external_gene_name
phkb,phkb,ENSDARG00000078284,zfin_id_symbol
phkg1a,phkg1a,ENSDARG00000030604,external_gene_name
phkg1a,phkg1a,ENSDARG00000030604,zfin_id_symbol
phkg2,phkg2,ENSDARG00000054208,external_gene_name
phkg2,phkg2,ENSDARG00000054208,zfin_id_symbol
phospho1,phospho1,ENSDARG00000008403,external_gene_name
phospho1,phospho1,ENSDARG00000008403,zfin_id_symbol
phospho2,phospho2,ENSDARG00000102202,external_gene_name
phospho2,phospho2,ENSDARG00000102202,zfin_id_symbol
phpt1,phpt1,ENSDARG00000045567,external_gene_name
phpt1,phpt1,ENSDARG00000045567,zfin_id_symbol
phyh,phyh,ENSDARG00000086740,external_gene_name
phyh,phyh,ENSDARG00000086740,zfin_id_symbol
phykpl,phykpl,ENSDARG00000040566,external_gene_name
phykpl,phykpl,ENSDARG00000040566,zfin_id_symbol
pi4k2a,pi4k2a,ENSDARG00000033666,external_gene_name
pi4k2a,pi4k2a,ENSDARG00000033666,zfin_id_symbol
pi4k2b,pi4k2b,ENSDARG00000013881,external_gene_name
pi4k2b,pi4k2b,ENSDARG00000013881,zfin_id_symbol
pi4kaa,pi4kaa,ENSDARG00000076724,external_gene_name
pi4kaa,pi4kaa,ENSDARG00000076724,zfin_id_symbol
pi4kb,pi4kb,ENSDARG00000040111,external_gene_name
pi4kb,pi4kb,ENSDARG00000040111,zfin_id_symbol
piga,piga,ENSDARG00000041040,external_gene_name
piga,piga,ENSDARG00000041040,zfin_id_symbol
pigb,pigb,ENSDARG00000105011,external_gene_name
pigb,pigb,ENSDARG00000105011,zfin_id_symbol
pigc,pigc,ENSDARG00000009113,external_gene_name
pigc,pigc,ENSDARG00000009113,zfin_id_symbol
pigf,pigf,ENSDARG00000032780,external_gene_name
pigf,pigf,ENSDARG00000032780,zfin_id_symbol
pigg,pigg,ENSDARG00000038270,external_gene_name
pigg,pigg,ENSDARG00000038270,zfin_id_symbol
pigh,pigh,ENSDARG00000038348,external_gene_name
pigh,pigh,ENSDARG00000038348,zfin_id_symbol
pigk,pigk,ENSDARG00000024479,external_gene_name
pigk,pigk,ENSDARG00000024479,zfin_id_symbol
pigl,pigl,ENSDARG00000067752,external_gene_name
pigl,pigl,ENSDARG00000067752,zfin_id_symbol
pigm,pigm,ENSDARG00000024277,external_gene_name
pigm,pigm,ENSDARG00000024277,zfin_id_symbol
pign,pign,ENSDARG00000077532,external_gene_name
pign,pign,ENSDARG00000077532,zfin_id_symbol
pigo,pigo,ENSDARG00000011743,external_gene_name
pigo,pigo,ENSDARG00000011743,zfin_id_symbol
pigp,pigp,ENSDARG00000038805,external_gene_name
pigp,pigp,ENSDARG00000038805,zfin_id_symbol
pigq,pigq,ENSDARG00000038097,external_gene_name
pigq,pigq,ENSDARG00000038097,zfin_id_symbol
pigs,pigs,ENSDARG00000017813,external_gene_name
pigs,pigs,ENSDARG00000017813,zfin_id_symbol
pigt,pigt,ENSDARG00000075842,external_gene_name
pigt,pigt,ENSDARG00000075842,zfin_id_symbol
pigu,pigu,ENSDARG00000075530,external_gene_name
pigu,pigu,ENSDARG00000075530,zfin_id_symbol
pigv,pigv,ENSDARG00000101952,external_gene_name
pigv,pigv,ENSDARG00000101952,zfin_id_symbol
pigw,pigw,ENSDARG00000079244,external_gene_name
pigw,pigw,ENSDARG00000079244,zfin_id_symbol
pigx,pigx,ENSDARG00000063559,external_gene_name
pigx,pigx,ENSDARG00000063559,zfin_id_symbol
pik3c2a,pik3c2a,ENSDARG00000060841,external_gene_name
pik3c2a,pik3c2a,ENSDARG00000060841,zfin_id_symbol
pik3c2b,pik3c2b,ENSDARG00000086927,external_gene_name
pik3c2b,pik3c2b,ENSDARG00000086927,zfin_id_symbol
pik3c2g,pik3c2g,ENSDARG00000099803,external_gene_name
pik3c2g,pik3c2g,ENSDARG00000099803,zfin_id_symbol
pik3c3,pik3c3,ENSDARG00000054829,external_gene_name
pik3c3,pik3c3,ENSDARG00000054829,zfin_id_symbol
pik3ca,pik3ca,ENSDARG00000075456,external_gene_name
pik3ca,pik3ca,ENSDARG00000075456,zfin_id_symbol
pik3cb,pik3cb,ENSDARG00000075253,external_gene_name
pik3cb,pik3cb,ENSDARG00000075253,zfin_id_symbol
pik3cd,pik3cd,ENSDARG00000003250,external_gene_name
pik3cd,pik3cd,ENSDARG00000003250,zfin_id_symbol
pik3cg,pik3cg,ENSDARG00000017757,external_gene_name
pik3cg,pik3cg,ENSDARG00000017757,zfin_id_symbol
pik3r1,pik3r1,ENSDARG00000038524,external_gene_name
pik3r1,pik3r1,ENSDARG00000038524,zfin_id_symbol
pik3r2,pik3r2,ENSDARG00000018060,external_gene_name
pik3r2,pik3r2,ENSDARG00000018060,zfin_id_symbol
pik3r3b,pik3r3b,ENSDARG00000034409,external_gene_name
pik3r3b,pik3r3b,ENSDARG00000034409,zfin_id_symbol
pik3r5,pik3r5,ENSDARG00000102762,external_gene_name
pik3r5,pik3r5,ENSDARG00000102762,zfin_id_symbol
pik3r6b,pik3r6b,ENSDARG00000091140,external_gene_name
pik3r6b,pik3r6b,ENSDARG00000091140,zfin_id_symbol
pikfyve,pikfyve,ENSDARG00000056112,external_gene_name
pikfyve,pikfyve,ENSDARG00000056112,zfin_id_symbol
pin1,pin1,ENSDARG00000101915,external_gene_name
pin1,pin1,ENSDARG00000101915,zfin_id_symbol
pin4,pin4,ENSDARG00000004527,external_gene_name
pin4,pin4,ENSDARG00000004527,zfin_id_symbol
pip4k2aa,pip4k2aa,ENSDARG00000003776,external_gene_name
pip4k2aa,pip4k2aa,ENSDARG00000003776,zfin_id_symbol
pip4k2ca,pip4k2ca,ENSDARG00000031020,external_gene_name
pip4k2ca,pip4k2ca,ENSDARG00000031020,zfin_id_symbol
pip4p1a,pip4p1a,ENSDARG00000038615,external_gene_name
pip4p1a,pip4p1a,ENSDARG00000038615,zfin_id_symbol
pip4p2,pip4p2,ENSDARG00000056034,external_gene_name
pip4p2,pip4p2,ENSDARG00000056034,zfin_id_symbol
pip5k1aa,pip5k1aa,ENSDARG00000100396,external_gene_name
pip5k1aa,pip5k1aa,ENSDARG00000100396,zfin_id_symbol
pip5k1bb,pip5k1bb,ENSDARG00000006508,external_gene_name
pip5k1bb,pip5k1bb,ENSDARG00000006508,zfin_id_symbol
pip5k1ca,pip5k1ca,ENSDARG00000076001,external_gene_name
pip5k1ca,pip5k1ca,ENSDARG00000076001,zfin_id_symbol
pip5kl1,pip5kl1,ENSDARG00000060946,external_gene_name
pip5kl1,pip5kl1,ENSDARG00000060946,zfin_id_symbol
pipox,pipox,ENSDARG00000055591,external_gene_name
pipox,pipox,ENSDARG00000055591,zfin_id_symbol
pisd,pisd,ENSDARG00000052462,external_gene_name
pisd,pisd,ENSDARG00000052462,zfin_id_symbol
pja2,pja2,ENSDARG00000100296,external_gene_name
pja2,pja2,ENSDARG00000100296,zfin_id_symbol
pklr,pklr,ENSDARG00000042010,external_gene_name
pklr,pklr,ENSDARG00000042010,zfin_id_symbol
pkma,pkma,ENSDARG00000099730,external_gene_name
pkma,pkma,ENSDARG00000099730,zfin_id_symbol
pla2g10,pla2g10,ENSDARG00000099344,external_gene_name
pla2g10,pla2g10,ENSDARG00000099344,zfin_id_symbol
pla2g12a,pla2g12a,ENSDARG00000070454,external_gene_name
pla2g12a,pla2g12a,ENSDARG00000070454,zfin_id_symbol
pla2g12b,pla2g12b,ENSDARG00000015662,external_gene_name
pla2g12b,pla2g12b,ENSDARG00000015662,zfin_id_symbol
pla2g15,pla2g15,ENSDARG00000103271,external_gene_name
pla2g15,pla2g15,ENSDARG00000103271,zfin_id_symbol
pla2g1b,pla2g1b,ENSDARG00000009153,external_gene_name
pla2g1b,pla2g1b,ENSDARG00000009153,zfin_id_symbol
pla2g3,pla2g3,ENSDARG00000008948,external_gene_name
pla2g3,pla2g3,ENSDARG00000008948,zfin_id_symbol
pla2g4aa,pla2g4aa,ENSDARG00000024546,external_gene_name
pla2g4aa,pla2g4aa,ENSDARG00000024546,zfin_id_symbol
pla2g4f.1,pla2g4f.1,ENSDARG00000056535,external_gene_name
pla2g4f.1,pla2g4f.1,ENSDARG00000056535,zfin_id_symbol
pla2g6,pla2g6,ENSDARG00000060921,external_gene_name
pla2g6,pla2g6,ENSDARG00000060921,zfin_id_symbol
pla2g7,pla2g7,ENSDARG00000003584,external_gene_name
pla2g7,pla2g7,ENSDARG00000003584,zfin_id_symbol
plcb3,plcb3,ENSDARG00000068246,external_gene_name
plcb3,plcb3,ENSDARG00000068246,zfin_id_symbol
plcd1b,plcd1b,ENSDARG00000034080,external_gene_name
plcd1b,plcd1b,ENSDARG00000034080,zfin_id_symbol
plcd3a,plcd3a,ENSDARG00000052957,external_gene_name
plcd3a,plcd3a,ENSDARG00000052957,zfin_id_symbol
plcd4b,plcd4b,ENSDARG00000040684,external_gene_name
plcd4b,plcd4b,ENSDARG00000040684,zfin_id_symbol
plce1,plce1,ENSDARG00000087921,external_gene_name
plce1,plce1,ENSDARG00000087921,zfin_id_symbol
plcg1,plcg1,ENSDARG00000038442,external_gene_name
plcg1,plcg1,ENSDARG00000038442,zfin_id_symbol
plcg2,plcg2,ENSDARG00000068763,external_gene_name
plcg2,plcg2,ENSDARG00000068763,zfin_id_symbol
plch1,plch1,ENSDARG00000079253,external_gene_name
plch1,plch1,ENSDARG00000079253,zfin_id_symbol
plch2a,plch2a,ENSDARG00000059960,external_gene_name
plch2a,plch2a,ENSDARG00000059960,zfin_id_symbol
plcl1,plcl1,ENSDARG00000067676,external_gene_name
plcl1,plcl1,ENSDARG00000067676,zfin_id_symbol
plcxd2,plcxd2,ENSDARG00000058200,external_gene_name
plcxd2,plcxd2,ENSDARG00000058200,zfin_id_symbol
pld1a,pld1a,ENSDARG00000056228,external_gene_name
pld1a,pld1a,ENSDARG00000056228,zfin_id_symbol
pld2,pld2,ENSDARG00000034262,external_gene_name
pld2,pld2,ENSDARG00000034262,zfin_id_symbol
pld3,pld3,ENSDARG00000068199,external_gene_name
pld3,pld3,ENSDARG00000068199,zfin_id_symbol
pld6,pld6,ENSDARG00000059951,external_gene_name
pld6,pld6,ENSDARG00000059951,zfin_id_symbol
plg,plg,ENSDARG00000023111,external_gene_name
plg,plg,ENSDARG00000023111,zfin_id_symbol
plin1,plin1,ENSDARG00000054048,external_gene_name
plin1,plin1,ENSDARG00000054048,zfin_id_symbol
plin2,plin2,ENSDARG00000042332,external_gene_name
plin2,plin2,ENSDARG00000042332,zfin_id_symbol
plin3,plin3,ENSDARG00000013711,external_gene_name
plin3,plin3,ENSDARG00000013711,zfin_id_symbol
plod1a,plod1a,ENSDARG00000059746,external_gene_name
plod1a,plod1a,ENSDARG00000059746,zfin_id_symbol
plod2,plod2,ENSDARG00000011821,external_gene_name
plod2,plod2,ENSDARG00000011821,zfin_id_symbol
plod3,plod3,ENSDARG00000076317,external_gene_name
plod3,plod3,ENSDARG00000076317,zfin_id_symbol
plpbp,plpbp,ENSDARG00000060288,external_gene_name
plpbp,plpbp,ENSDARG00000060288,zfin_id_symbol
plpp1a,plpp1a,ENSDARG00000053381,external_gene_name
plpp1a,plpp1a,ENSDARG00000053381,zfin_id_symbol
plpp2a,plpp2a,ENSDARG00000002231,external_gene_name
plpp2a,plpp2a,ENSDARG00000002231,zfin_id_symbol
plpp3,plpp3,ENSDARG00000059933,external_gene_name
plpp3,plpp3,ENSDARG00000059933,zfin_id_symbol
plpp4,plpp4,ENSDARG00000098862,external_gene_name
plpp4,plpp4,ENSDARG00000098862,zfin_id_symbol
plpp5,plpp5,ENSDARG00000057672,external_gene_name
plpp5,plpp5,ENSDARG00000057672,zfin_id_symbol
plpp6,plpp6,ENSDARG00000043527,external_gene_name
plpp6,plpp6,ENSDARG00000043527,zfin_id_symbol
plpp7a,plpp7a,ENSDARG00000103712,external_gene_name
plpp7a,plpp7a,ENSDARG00000103712,zfin_id_symbol
plppr2a,plppr2a,ENSDARG00000101478,external_gene_name
plppr2a,plppr2a,ENSDARG00000101478,zfin_id_symbol
plppr3a,plppr3a,ENSDARG00000010144,external_gene_name
plppr3a,plppr3a,ENSDARG00000010144,zfin_id_symbol
plppr4a,plppr4a,ENSDARG00000079671,external_gene_name
plppr4a,plppr4a,ENSDARG00000079671,zfin_id_symbol
plppr5a,plppr5a,ENSDARG00000057209,external_gene_name
plppr5a,plppr5a,ENSDARG00000057209,zfin_id_symbol
pltp,pltp,ENSDARG00000104495,external_gene_name
pltp,pltp,ENSDARG00000104495,zfin_id_symbol
plxnb3,plxnb3,ENSDARG00000032990,external_gene_name
plxnb3,plxnb3,ENSDARG00000032990,zfin_id_symbol
pmm2,pmm2,ENSDARG00000037654,external_gene_name
pmm2,pmm2,ENSDARG00000037654,zfin_id_symbol
pmpca,pmpca,ENSDARG00000102607,external_gene_name
pmpca,pmpca,ENSDARG00000102607,zfin_id_symbol
pmvk,pmvk,ENSDARG00000070798,external_gene_name
pmvk,pmvk,ENSDARG00000070798,zfin_id_symbol
pnck,pnck,ENSDARG00000043648,external_gene_name
pnck,pnck,ENSDARG00000043648,zfin_id_symbol
pnkp,pnkp,ENSDARG00000100455,external_gene_name
pnkp,pnkp,ENSDARG00000100455,zfin_id_symbol
pnp5a,pnp5a,ENSDARG00000078619,external_gene_name
pnp5a,pnp5a,ENSDARG00000078619,zfin_id_symbol
pnp6,pnp6,ENSDARG00000040942,external_gene_name
pnp6,pnp6,ENSDARG00000040942,zfin_id_symbol
pnpla2,pnpla2,ENSDARG00000089390,external_gene_name
pnpla2,pnpla2,ENSDARG00000089390,zfin_id_symbol
pnpla3,pnpla3,ENSDARG00000102020,external_gene_name
pnpla3,pnpla3,ENSDARG00000102020,zfin_id_symbol
pnpla4,pnpla4,ENSDARG00000069834,external_gene_name
pnpla4,pnpla4,ENSDARG00000069834,zfin_id_symbol
pnpla6,pnpla6,ENSDARG00000010773,external_gene_name
pnpla6,pnpla6,ENSDARG00000010773,zfin_id_symbol
pnpla7b,pnpla7b,ENSDARG00000040002,external_gene_name
pnpla7b,pnpla7b,ENSDARG00000040002,zfin_id_symbol
pnpla8,pnpla8,ENSDARG00000078745,external_gene_name
pnpla8,pnpla8,ENSDARG00000078745,zfin_id_symbol
pnpo,pnpo,ENSDARG00000017612,external_gene_name
pnpo,pnpo,ENSDARG00000017612,zfin_id_symbol
poc1bl,poc1bl,ENSDARG00000012745,external_gene_name
poc1bl,poc1bl,ENSDARG00000012745,zfin_id_symbol
poglut1,poglut1,ENSDARG00000053463,external_gene_name
poglut1,poglut1,ENSDARG00000053463,zfin_id_symbol
pola1,pola1,ENSDARG00000045308,external_gene_name
pola1,pola1,ENSDARG00000045308,zfin_id_symbol
pola2,pola2,ENSDARG00000015070,external_gene_name
pola2,pola2,ENSDARG00000015070,zfin_id_symbol
polb,polb,ENSDARG00000003749,external_gene_name
polb,polb,ENSDARG00000003749,zfin_id_symbol
pold1,pold1,ENSDARG00000027689,external_gene_name
pold1,pold1,ENSDARG00000027689,zfin_id_symbol
pold2,pold2,ENSDARG00000095046,external_gene_name
pold2,pold2,ENSDARG00000095046,zfin_id_symbol
pold3,pold3,ENSDARG00000076169,external_gene_name
pold3,pold3,ENSDARG00000076169,zfin_id_symbol
pold4,pold4,ENSDARG00000079632,external_gene_name
pold4,pold4,ENSDARG00000079632,zfin_id_symbol
pole,pole,ENSDARG00000058533,external_gene_name
pole,pole,ENSDARG00000058533,zfin_id_symbol
pole2,pole2,ENSDARG00000100028,external_gene_name
pole2,pole2,ENSDARG00000100028,zfin_id_symbol
pole3,pole3,ENSDARG00000008551,external_gene_name
pole3,pole3,ENSDARG00000008551,zfin_id_symbol
pole4,pole4,ENSDARG00000013016,external_gene_name
pole4,pole4,ENSDARG00000013016,zfin_id_symbol
polg,polg,ENSDARG00000060951,external_gene_name
polg,polg,ENSDARG00000060951,zfin_id_symbol
polg2,polg2,ENSDARG00000074933,external_gene_name
polg2,polg2,ENSDARG00000074933,zfin_id_symbol
polh,polh,ENSDARG00000070231,external_gene_name
polh,polh,ENSDARG00000070231,zfin_id_symbol
poli,poli,ENSDARG00000029250,external_gene_name
poli,poli,ENSDARG00000029250,zfin_id_symbol
polk,polk,ENSDARG00000059963,external_gene_name
polk,polk,ENSDARG00000059963,zfin_id_symbol
poll,poll,ENSDARG00000039613,external_gene_name
poll,poll,ENSDARG00000039613,zfin_id_symbol
polm,polm,ENSDARG00000103470,external_gene_name
polm,polm,ENSDARG00000103470,zfin_id_symbol
poln,poln,ENSDARG00000103961,external_gene_name
poln,poln,ENSDARG00000103961,zfin_id_symbol
polq,polq,ENSDARG00000044622,external_gene_name
polq,polq,ENSDARG00000044622,zfin_id_symbol
polr1a,polr1a,ENSDARG00000098375,external_gene_name
polr1a,polr1a,ENSDARG00000098375,zfin_id_symbol
polr1b,polr1b,ENSDARG00000077469,external_gene_name
polr1b,polr1b,ENSDARG00000077469,zfin_id_symbol
polr1c,polr1c,ENSDARG00000039400,external_gene_name
polr1c,polr1c,ENSDARG00000039400,zfin_id_symbol
polr1d,polr1d,ENSDARG00000037570,external_gene_name
polr1d,polr1d,ENSDARG00000037570,zfin_id_symbol
polr1e,polr1e,ENSDARG00000006434,external_gene_name
polr1e,polr1e,ENSDARG00000006434,zfin_id_symbol
polr1h,polr1h,ENSDARG00000036070,external_gene_name
polr1h,polr1h,ENSDARG00000036070,zfin_id_symbol
polr2a,polr2a,ENSDARG00000099966,external_gene_name
polr2a,polr2a,ENSDARG00000099966,zfin_id_symbol
polr2b,polr2b,ENSDARG00000098783,external_gene_name
polr2b,polr2b,ENSDARG00000098783,zfin_id_symbol
polr2c,polr2c,ENSDARG00000033596,external_gene_name
polr2c,polr2c,ENSDARG00000033596,zfin_id_symbol
polr2d,polr2d,ENSDARG00000076509,external_gene_name
polr2d,polr2d,ENSDARG00000076509,zfin_id_symbol
polr2eb,polr2eb,ENSDARG00000026183,external_gene_name
polr2eb,polr2eb,ENSDARG00000026183,zfin_id_symbol
polr2f,polr2f,ENSDARG00000036625,external_gene_name
polr2f,polr2f,ENSDARG00000036625,zfin_id_symbol
polr2g,polr2g,ENSDARG00000056127,external_gene_name
polr2g,polr2g,ENSDARG00000056127,zfin_id_symbol
polr2h,polr2h,ENSDARG00000038505,external_gene_name
polr2h,polr2h,ENSDARG00000038505,zfin_id_symbol
polr2i,polr2i,ENSDARG00000040443,external_gene_name
polr2i,polr2i,ENSDARG00000040443,zfin_id_symbol
polr2j,polr2j,ENSDARG00000035146,external_gene_name
polr2j,polr2j,ENSDARG00000035146,zfin_id_symbol
polr2k,polr2k,ENSDARG00000075616,external_gene_name
polr2k,polr2k,ENSDARG00000075616,zfin_id_symbol
polr2l,polr2l,ENSDARG00000058349,external_gene_name
polr2l,polr2l,ENSDARG00000058349,zfin_id_symbol
polr3a,polr3a,ENSDARG00000102569,external_gene_name
polr3a,polr3a,ENSDARG00000102569,zfin_id_symbol
polr3b,polr3b,ENSDARG00000062915,external_gene_name
polr3b,polr3b,ENSDARG00000062915,zfin_id_symbol
polr3c,polr3c,ENSDARG00000057562,external_gene_name
polr3c,polr3c,ENSDARG00000057562,zfin_id_symbol
polr3e,polr3e,ENSDARG00000037358,external_gene_name
polr3e,polr3e,ENSDARG00000037358,zfin_id_symbol
polr3f,polr3f,ENSDARG00000012572,external_gene_name
polr3f,polr3f,ENSDARG00000012572,zfin_id_symbol
polr3g,polr3g,ENSDARG00000024687,external_gene_name
polr3g,polr3g,ENSDARG00000024687,zfin_id_symbol
polr3gla,polr3gla,ENSDARG00000012044,external_gene_name
polr3gla,polr3gla,ENSDARG00000012044,zfin_id_symbol
polr3h,polr3h,ENSDARG00000102590,external_gene_name
polr3h,polr3h,ENSDARG00000102590,zfin_id_symbol
polr3k,polr3k,ENSDARG00000037835,external_gene_name
polr3k,polr3k,ENSDARG00000037835,zfin_id_symbol
polrmt,polrmt,ENSDARG00000101220,external_gene_name
polrmt,polrmt,ENSDARG00000101220,zfin_id_symbol
pom121,pom121,ENSDARG00000055113,zfin_id_symbol
pomgnt1,pomgnt1,ENSDARG00000052025,external_gene_name
pomgnt1,pomgnt1,ENSDARG00000052025,zfin_id_symbol
pomt1,pomt1,ENSDARG00000067670,external_gene_name
pomt1,pomt1,ENSDARG00000067670,zfin_id_symbol
pomt2,pomt2,ENSDARG00000055027,external_gene_name
pomt2,pomt2,ENSDARG00000055027,zfin_id_symbol
pon1,pon1,ENSDARG00000032496,external_gene_name
pon1,pon1,ENSDARG00000032496,zfin_id_symbol
pon2,pon2,ENSDARG00000016856,external_gene_name
pon2,pon2,ENSDARG00000016856,zfin_id_symbol
pon3.1,pon3.1,ENSDARG00000040290,external_gene_name
pon3.1,pon3.1,ENSDARG00000040290,zfin_id_symbol
porb,porb,ENSDARG00000059035,external_gene_name
porb,porb,ENSDARG00000059035,zfin_id_symbol
porcn,porcn,ENSDARG00000052558,external_gene_name
porcn,porcn,ENSDARG00000052558,zfin_id_symbol
ppa1a,ppa1a,ENSDARG00000099933,external_gene_name
ppa1a,ppa1a,ENSDARG00000099933,zfin_id_symbol
ppa1b,ppa1b,ENSDARG00000030441,external_gene_name
ppa1b,ppa1b,ENSDARG00000030441,zfin_id_symbol
ppa2,ppa2,ENSDARG00000009685,external_gene_name
ppa2,ppa2,ENSDARG00000009685,zfin_id_symbol
pparab,pparab,ENSDARG00000054323,external_gene_name
pparab,pparab,ENSDARG00000054323,zfin_id_symbol
ppat,ppat,ENSDARG00000004517,external_gene_name
ppat,ppat,ENSDARG00000004517,zfin_id_symbol
ppcdc,ppcdc,ENSDARG00000033020,external_gene_name
ppcdc,ppcdc,ENSDARG00000033020,zfin_id_symbol
ppcs,ppcs,ENSDARG00000061889,external_gene_name
ppcs,ppcs,ENSDARG00000061889,zfin_id_symbol
ppiab,ppiab,ENSDARG00000103994,external_gene_name
ppiab,ppiab,ENSDARG00000103994,zfin_id_symbol
ppib,ppib,ENSDARG00000092798,external_gene_name
ppib,ppib,ENSDARG00000092798,zfin_id_symbol
ppid,ppid,ENSDARG00000038835,external_gene_name
ppid,ppid,ENSDARG00000038835,zfin_id_symbol
ppie,ppie,ENSDARG00000103234,external_gene_name
ppie,ppie,ENSDARG00000103234,zfin_id_symbol
ppifb,ppifb,ENSDARG00000052842,external_gene_name
ppifb,ppifb,ENSDARG00000052842,zfin_id_symbol
ppig,ppig,ENSDARG00000044431,external_gene_name
ppig,ppig,ENSDARG00000044431,zfin_id_symbol
ppih,ppih,ENSDARG00000041530,external_gene_name
ppih,ppih,ENSDARG00000041530,zfin_id_symbol
ppil1,ppil1,ENSDARG00000015422,external_gene_name
ppil1,ppil1,ENSDARG00000015422,zfin_id_symbol
ppil2,ppil2,ENSDARG00000002016,external_gene_name
ppil2,ppil2,ENSDARG00000002016,zfin_id_symbol
ppil3,ppil3,ENSDARG00000033370,external_gene_name
ppil3,ppil3,ENSDARG00000033370,zfin_id_symbol
ppil4,ppil4,ENSDARG00000043854,external_gene_name
ppil4,ppil4,ENSDARG00000043854,zfin_id_symbol
ppil6,ppil6,ENSDARG00000042157,external_gene_name
ppil6,ppil6,ENSDARG00000042157,zfin_id_symbol
ppip5k1a,ppip5k1a,ENSDARG00000076143,external_gene_name
ppip5k1a,ppip5k1a,ENSDARG00000076143,zfin_id_symbol
ppip5k2,ppip5k2,ENSDARG00000078441,external_gene_name
ppip5k2,ppip5k2,ENSDARG00000078441,zfin_id_symbol
ppm1la,ppm1la,ENSDARG00000063218,external_gene_name
ppm1la,ppm1la,ENSDARG00000063218,zfin_id_symbol
ppox,ppox,ENSDARG00000102167,external_gene_name
ppox,ppox,ENSDARG00000102167,zfin_id_symbol
ppp1caa,ppp1caa,ENSDARG00000003486,external_gene_name
ppp1caa,ppp1caa,ENSDARG00000003486,zfin_id_symbol
ppp1cb,ppp1cb,ENSDARG00000044153,external_gene_name
ppp1cb,ppp1cb,ENSDARG00000044153,zfin_id_symbol
ppp1cbl,ppp1cbl,ENSDARG00000102012,external_gene_name
ppp1cbl,ppp1cbl,ENSDARG00000102012,zfin_id_symbol
ppp1cc,ppp1cc,ENSDARG00000099226,external_gene_name
ppp1cc,ppp1cc,ENSDARG00000099226,zfin_id_symbol
ppp1r3b,ppp1r3b,ENSDARG00000044691,external_gene_name
ppp1r3b,ppp1r3b,ENSDARG00000044691,zfin_id_symbol
ppp1r3cb,ppp1r3cb,ENSDARG00000014554,external_gene_name
ppp1r3cb,ppp1r3cb,ENSDARG00000014554,zfin_id_symbol
ppt1,ppt1,ENSDARG00000039980,external_gene_name
ppt1,ppt1,ENSDARG00000039980,zfin_id_symbol
ppt2a.1,ppt2a.1,ENSDARG00000068840,external_gene_name
ppt2a.1,ppt2a.1,ENSDARG00000068840,zfin_id_symbol
ppt2a.2,ppt2a.2,ENSDARG00000010782,external_gene_name
ppt2a.2,ppt2a.2,ENSDARG00000010782,zfin_id_symbol
ppt2a.3,ppt2a.3,ENSDARG00000014208,external_gene_name
ppt2a.3,ppt2a.3,ENSDARG00000014208,zfin_id_symbol
ppwd1,ppwd1,ENSDARG00000063161,external_gene_name
ppwd1,ppwd1,ENSDARG00000063161,zfin_id_symbol
prdx1,prdx1,ENSDARG00000058734,external_gene_name
prdx1,prdx1,ENSDARG00000058734,zfin_id_symbol
prdx2,prdx2,ENSDARG00000025350,external_gene_name
prdx2,prdx2,ENSDARG00000025350,zfin_id_symbol
prdx3,prdx3,ENSDARG00000032102,external_gene_name
prdx3,prdx3,ENSDARG00000032102,zfin_id_symbol
prdx5,prdx5,ENSDARG00000055064,external_gene_name
prdx5,prdx5,ENSDARG00000055064,zfin_id_symbol
prdx6,prdx6,ENSDARG00000043511,external_gene_name
prdx6,prdx6,ENSDARG00000043511,zfin_id_symbol
prep,prep,ENSDARG00000057151,external_gene_name
prep,prep,ENSDARG00000057151,zfin_id_symbol
prkacaa,prkacaa,ENSDARG00000100349,external_gene_name
prkacaa,prkacaa,ENSDARG00000100349,zfin_id_symbol
prkacab,prkacab,ENSDARG00000016809,external_gene_name
prkacab,prkacab,ENSDARG00000016809,zfin_id_symbol
prkacbb,prkacbb,ENSDARG00000059125,external_gene_name
prkacbb,prkacbb,ENSDARG00000059125,zfin_id_symbol
prkd1,prkd1,ENSDARG00000075949,external_gene_name
prkd1,prkd1,ENSDARG00000075949,zfin_id_symbol
prkn,prkn,ENSDARG00000021555,external_gene_name
prkn,prkn,ENSDARG00000021555,zfin_id_symbol
prmt1,prmt1,ENSDARG00000010246,external_gene_name
prmt1,prmt1,ENSDARG00000010246,zfin_id_symbol
prmt2,prmt2,ENSDARG00000063212,external_gene_name
prmt2,prmt2,ENSDARG00000063212,zfin_id_symbol
prmt3,prmt3,ENSDARG00000019791,external_gene_name
prmt3,prmt3,ENSDARG00000019791,zfin_id_symbol
prmt5,prmt5,ENSDARG00000079605,external_gene_name
prmt5,prmt5,ENSDARG00000079605,zfin_id_symbol
prmt6,prmt6,ENSDARG00000069706,external_gene_name
prmt6,prmt6,ENSDARG00000069706,zfin_id_symbol
prmt7,prmt7,ENSDARG00000051902,external_gene_name
prmt7,prmt7,ENSDARG00000051902,zfin_id_symbol
prmt8b,prmt8b,ENSDARG00000045760,external_gene_name
prmt8b,prmt8b,ENSDARG00000045760,zfin_id_symbol
prmt9,prmt9,ENSDARG00000036755,external_gene_name
prmt9,prmt9,ENSDARG00000036755,zfin_id_symbol
prodha,prodha,ENSDARG00000086746,external_gene_name
prodha,prodha,ENSDARG00000086746,zfin_id_symbol
prps1a,prps1a,ENSDARG00000015524,external_gene_name
prps1a,prps1a,ENSDARG00000015524,zfin_id_symbol
prps1b,prps1b,ENSDARG00000037506,external_gene_name
prps1b,prps1b,ENSDARG00000037506,zfin_id_symbol
prrt2,prrt2,ENSDARG00000103588,external_gene_name
prrt2,prrt2,ENSDARG00000103588,zfin_id_symbol
prune,prune,ENSDARG00000076246,external_gene_name
prune,prune,ENSDARG00000076246,zfin_id_symbol
psap,psap,ENSDARG00000013968,external_gene_name
psap,psap,ENSDARG00000013968,zfin_id_symbol
psat1,psat1,ENSDARG00000016733,external_gene_name
psat1,psat1,ENSDARG00000016733,zfin_id_symbol
psph,psph,ENSDARG00000040314,external_gene_name
psph,psph,ENSDARG00000040314,zfin_id_symbol
ptdss1a,ptdss1a,ENSDARG00000012588,external_gene_name
ptdss1a,ptdss1a,ENSDARG00000012588,zfin_id_symbol
ptdss2,ptdss2,ENSDARG00000101018,external_gene_name
ptdss2,ptdss2,ENSDARG00000101018,zfin_id_symbol
ptenb,ptenb,ENSDARG00000056623,external_gene_name
ptenb,ptenb,ENSDARG00000056623,zfin_id_symbol
ptgdsb.1,ptgdsb.1,ENSDARG00000027088,external_gene_name
ptgdsb.1,ptgdsb.1,ENSDARG00000027088,zfin_id_symbol
ptges,ptges,ENSDARG00000020136,external_gene_name
ptges,ptges,ENSDARG00000020136,zfin_id_symbol
ptges3a,ptges3a,ENSDARG00000037284,external_gene_name
ptges3a,ptges3a,ENSDARG00000037284,zfin_id_symbol
ptgesl,ptgesl,ENSDARG00000068415,external_gene_name
ptgesl,ptgesl,ENSDARG00000068415,zfin_id_symbol
ptgis,ptgis,ENSDARG00000060094,external_gene_name
ptgis,ptgis,ENSDARG00000060094,zfin_id_symbol
ptgr1.2,ptgr1.2,ENSDARG00000087017,external_gene_name
ptgr1.2,ptgr1.2,ENSDARG00000087017,zfin_id_symbol
ptgs1,ptgs1,ENSDARG00000052148,external_gene_name
ptgs1,ptgs1,ENSDARG00000052148,zfin_id_symbol
ptgs2b,ptgs2b,ENSDARG00000010276,external_gene_name
ptgs2b,ptgs2b,ENSDARG00000010276,zfin_id_symbol
ptpdc1a,ptpdc1a,ENSDARG00000061656,external_gene_name
ptpdc1a,ptpdc1a,ENSDARG00000061656,zfin_id_symbol
ptpmt1,ptpmt1,ENSDARG00000013860,external_gene_name
ptpmt1,ptpmt1,ENSDARG00000013860,zfin_id_symbol
ptprq,ptprq,ENSDARG00000008849,external_gene_name
ptprq,ptprq,ENSDARG00000008849,zfin_id_symbol
ptrh1,ptrh1,ENSDARG00000098206,external_gene_name
ptrh1,ptrh1,ENSDARG00000098206,zfin_id_symbol
ptrh2,ptrh2,ENSDARG00000077339,external_gene_name
ptrh2,ptrh2,ENSDARG00000077339,zfin_id_symbol
pts,pts,ENSDARG00000045269,external_gene_name
pts,pts,ENSDARG00000045269,zfin_id_symbol
pus1,pus1,ENSDARG00000045562,external_gene_name
pus1,pus1,ENSDARG00000045562,zfin_id_symbol
pxylp1,pxylp1,ENSDARG00000040644,external_gene_name
pxylp1,pxylp1,ENSDARG00000040644,zfin_id_symbol
pycr1b,pycr1b,ENSDARG00000098639,external_gene_name
pycr1b,pycr1b,ENSDARG00000098639,zfin_id_symbol
pycr3,pycr3,ENSDARG00000015236,external_gene_name
pycr3,pycr3,ENSDARG00000015236,zfin_id_symbol
pygb,pygb,ENSDARG00000002021,external_gene_name
pygb,pygb,ENSDARG00000002021,zfin_id_symbol
pygl,pygl,ENSDARG00000002197,external_gene_name
pygl,pygl,ENSDARG00000002197,zfin_id_symbol
pygma,pygma,ENSDARG00000055518,external_gene_name
pygma,pygma,ENSDARG00000055518,zfin_id_symbol
pygmb,pygmb,ENSDARG00000013317,external_gene_name
pygmb,pygmb,ENSDARG00000013317,zfin_id_symbol
qars1,qars1,ENSDARG00000010316,external_gene_name
qars1,qars1,ENSDARG00000010316,zfin_id_symbol
qdpra,qdpra,ENSDARG00000040190,external_gene_name
qdpra,qdpra,ENSDARG00000040190,zfin_id_symbol
qpct,qpct,ENSDARG00000089717,external_gene_name
qpct,qpct,ENSDARG00000089717,zfin_id_symbol
qtrt1,qtrt1,ENSDARG00000043105,external_gene_name
qtrt1,qtrt1,ENSDARG00000043105,zfin_id_symbol
qtrt2,qtrt2,ENSDARG00000016093,external_gene_name
qtrt2,qtrt2,ENSDARG00000016093,zfin_id_symbol
rad1,rad1,ENSDARG00000040559,external_gene_name
rad1,rad1,ENSDARG00000040559,zfin_id_symbol
rad18,rad18,ENSDARG00000027938,external_gene_name
rad18,rad18,ENSDARG00000027938,zfin_id_symbol
rad9a,rad9a,ENSDARG00000056984,external_gene_name
rad9a,rad9a,ENSDARG00000056984,zfin_id_symbol
rae1,rae1,ENSDARG00000007196,external_gene_name
rae1,rae1,ENSDARG00000007196,zfin_id_symbol
rag1,rag1,ENSDARG00000052122,external_gene_name
rag1,rag1,ENSDARG00000052122,zfin_id_symbol
ralbp1,ralbp1,ENSDARG00000078653,external_gene_name
ralbp1,ralbp1,ENSDARG00000078653,zfin_id_symbol
rarres3,rarres3,ENSDARG00000093006,external_gene_name
rarres3,rarres3,ENSDARG00000093006,zfin_id_symbol
rars1,rars1,ENSDARG00000054530,external_gene_name
rars1,rars1,ENSDARG00000054530,zfin_id_symbol
rbbp6,rbbp6,ENSDARG00000037919,external_gene_name
rbbp6,rbbp6,ENSDARG00000037919,zfin_id_symbol
rbks,rbks,ENSDARG00000019877,external_gene_name
rbks,rbks,ENSDARG00000019877,zfin_id_symbol
rbp1.2,rbp1.2,ENSDARG00000038742,external_gene_name
rbp1.2,rbp1.2,ENSDARG00000038742,zfin_id_symbol
rbp2a,rbp2a,ENSDARG00000070038,external_gene_name
rbp2a,rbp2a,ENSDARG00000070038,zfin_id_symbol
rbp3,rbp3,ENSDARG00000059163,external_gene_name
rbp3,rbp3,ENSDARG00000059163,zfin_id_symbol
rbp4,rbp4,ENSDARG00000101199,external_gene_name
rbp4,rbp4,ENSDARG00000101199,zfin_id_symbol
rchy1,rchy1,ENSDARG00000016710,external_gene_name
rchy1,rchy1,ENSDARG00000016710,zfin_id_symbol
rcl1,rcl1,ENSDARG00000038312,external_gene_name
rcl1,rcl1,ENSDARG00000038312,zfin_id_symbol
rdh1,rdh1,ENSDARG00000017882,external_gene_name
rdh1,rdh1,ENSDARG00000017882,zfin_id_symbol
rdh10a,rdh10a,ENSDARG00000058730,external_gene_name
rdh10a,rdh10a,ENSDARG00000058730,zfin_id_symbol
rdh12,rdh12,ENSDARG00000018069,external_gene_name
rdh12,rdh12,ENSDARG00000018069,zfin_id_symbol
rdh14b,rdh14b,ENSDARG00000002467,external_gene_name
rdh14b,rdh14b,ENSDARG00000002467,zfin_id_symbol
rdh5,rdh5,ENSDARG00000008306,external_gene_name
rdh5,rdh5,ENSDARG00000008306,zfin_id_symbol
rdh8b,rdh8b,ENSDARG00000105060,external_gene_name
rdh8b,rdh8b,ENSDARG00000105060,zfin_id_symbol
renbp,renbp,ENSDARG00000008931,external_gene_name
renbp,renbp,ENSDARG00000008931,zfin_id_symbol
rev3l,rev3l,ENSDARG00000058801,external_gene_name
rev3l,rev3l,ENSDARG00000058801,zfin_id_symbol
rfc5,rfc5,ENSDARG00000035634,external_gene_name
rfc5,rfc5,ENSDARG00000035634,zfin_id_symbol
rfk,rfk,ENSDARG00000060522,external_gene_name
rfk,rfk,ENSDARG00000060522,zfin_id_symbol
rfwd3,rfwd3,ENSDARG00000087752,external_gene_name
rfwd3,rfwd3,ENSDARG00000087752,zfin_id_symbol
rgl1,rgl1,ENSDARG00000005989,external_gene_name
rgl1,rgl1,ENSDARG00000005989,zfin_id_symbol
rgn,rgn,ENSDARG00000098645,external_gene_name
rgn,rgn,ENSDARG00000098645,zfin_id_symbol
rhag,rhag,ENSDARG00000019253,external_gene_name
rhag,rhag,ENSDARG00000019253,zfin_id_symbol
rhbg,rhbg,ENSDARG00000009018,external_gene_name
rhbg,rhbg,ENSDARG00000009018,zfin_id_symbol
rhcgb,rhcgb,ENSDARG00000100265,external_gene_name
rhcgb,rhcgb,ENSDARG00000100265,zfin_id_symbol
rlbp1b,rlbp1b,ENSDARG00000045808,external_gene_name
rlbp1b,rlbp1b,ENSDARG00000045808,zfin_id_symbol
rnf103,rnf103,ENSDARG00000100850,external_gene_name
rnf103,rnf103,ENSDARG00000100850,zfin_id_symbol
rnf115a,rnf115a,ENSDARG00000062450,external_gene_name
rnf115a,rnf115a,ENSDARG00000062450,zfin_id_symbol
rnf126,rnf126,ENSDARG00000104076,external_gene_name
rnf126,rnf126,ENSDARG00000104076,zfin_id_symbol
rnf128a,rnf128a,ENSDARG00000016867,external_gene_name
rnf128a,rnf128a,ENSDARG00000016867,zfin_id_symbol
rnf13,rnf13,ENSDARG00000019438,external_gene_name
rnf13,rnf13,ENSDARG00000019438,zfin_id_symbol
rnf130,rnf130,ENSDARG00000089767,external_gene_name
rnf130,rnf130,ENSDARG00000089767,zfin_id_symbol
rnf139,rnf139,ENSDARG00000036929,external_gene_name
rnf139,rnf139,ENSDARG00000036929,zfin_id_symbol
rnf14,rnf14,ENSDARG00000043905,external_gene_name
rnf14,rnf14,ENSDARG00000043905,zfin_id_symbol
rnf144aa,rnf144aa,ENSDARG00000020600,external_gene_name
rnf144aa,rnf144aa,ENSDARG00000020600,zfin_id_symbol
rnf144b,rnf144b,ENSDARG00000024940,external_gene_name
rnf144b,rnf144b,ENSDARG00000024940,zfin_id_symbol
rnf146,rnf146,ENSDARG00000089981,external_gene_name
rnf146,rnf146,ENSDARG00000089981,zfin_id_symbol
rnf152,rnf152,ENSDARG00000087782,external_gene_name
rnf152,rnf152,ENSDARG00000087782,zfin_id_symbol
rnf167,rnf167,ENSDARG00000017636,external_gene_name
rnf167,rnf167,ENSDARG00000017636,zfin_id_symbol
rnf180b,rnf180b,ENSDARG00000057101,external_gene_name
rnf180b,rnf180b,ENSDARG00000057101,zfin_id_symbol
rnf182,rnf182,ENSDARG00000061049,external_gene_name
rnf182,rnf182,ENSDARG00000061049,zfin_id_symbol
rnf185,rnf185,ENSDARG00000032997,external_gene_name
rnf185,rnf185,ENSDARG00000032997,zfin_id_symbol
rnf19a,rnf19a,ENSDARG00000012040,external_gene_name
rnf19a,rnf19a,ENSDARG00000012040,zfin_id_symbol
rnf19b,rnf19b,ENSDARG00000060926,external_gene_name
rnf19b,rnf19b,ENSDARG00000060926,zfin_id_symbol
rnf2,rnf2,ENSDARG00000010381,external_gene_name
rnf2,rnf2,ENSDARG00000010381,zfin_id_symbol
rnf20,rnf20,ENSDARG00000016664,external_gene_name
rnf20,rnf20,ENSDARG00000016664,zfin_id_symbol
rnf216,rnf216,ENSDARG00000087893,external_gene_name
rnf216,rnf216,ENSDARG00000087893,zfin_id_symbol
rnf217,rnf217,ENSDARG00000060944,external_gene_name
rnf217,rnf217,ENSDARG00000060944,zfin_id_symbol
rnf25,rnf25,ENSDARG00000027182,external_gene_name
rnf25,rnf25,ENSDARG00000027182,zfin_id_symbol
rnf40,rnf40,ENSDARG00000054201,external_gene_name
rnf40,rnf40,ENSDARG00000054201,zfin_id_symbol
rnf41,rnf41,ENSDARG00000036831,external_gene_name
rnf41,rnf41,ENSDARG00000036831,zfin_id_symbol
rnf8,rnf8,ENSDARG00000044949,external_gene_name
rnf8,rnf8,ENSDARG00000044949,zfin_id_symbol
rngtt,rngtt,ENSDARG00000032261,external_gene_name
rngtt,rngtt,ENSDARG00000032261,zfin_id_symbol
rnmt,rnmt,ENSDARG00000070553,external_gene_name
rnmt,rnmt,ENSDARG00000070553,zfin_id_symbol
rnpep,rnpep,ENSDARG00000012506,external_gene_name
rnpep,rnpep,ENSDARG00000012506,zfin_id_symbol
roraa,roraa,ENSDARG00000031768,external_gene_name
roraa,roraa,ENSDARG00000031768,zfin_id_symbol
rpe,rpe,ENSDARG00000005251,external_gene_name
rpe,rpe,ENSDARG00000005251,zfin_id_symbol
rpe65a,rpe65a,ENSDARG00000007480,external_gene_name
rpe65a,rpe65a,ENSDARG00000007480,zfin_id_symbol
rpe65b,rpe65b,ENSDARG00000094752,external_gene_name
rpe65b,rpe65b,ENSDARG00000094752,zfin_id_symbol
rpe65c,rpe65c,ENSDARG00000054420,external_gene_name
rpe65c,rpe65c,ENSDARG00000054420,zfin_id_symbol
rpia,rpia,ENSDARG00000056640,external_gene_name
rpia,rpia,ENSDARG00000056640,zfin_id_symbol
rpl36a,rpl36a,ENSDARG00000058105,external_gene_name
rpl36a,rpl36a,ENSDARG00000058105,zfin_id_symbol
rpn1,rpn1,ENSDARG00000059323,external_gene_name
rpn1,rpn1,ENSDARG00000059323,zfin_id_symbol
rpn2,rpn2,ENSDARG00000009724,external_gene_name
rpn2,rpn2,ENSDARG00000009724,zfin_id_symbol
rpp14,rpp14,ENSDARG00000011152,external_gene_name
rpp14,rpp14,ENSDARG00000011152,zfin_id_symbol
rpusd4,rpusd4,ENSDARG00000012674,external_gene_name
rpusd4,rpusd4,ENSDARG00000012674,zfin_id_symbol
rrm1,rrm1,ENSDARG00000014017,external_gene_name
rrm1,rrm1,ENSDARG00000014017,zfin_id_symbol
rrm2,rrm2,ENSDARG00000020711,external_gene_name
rrm2,rrm2,ENSDARG00000020711,zfin_id_symbol
rrm2b,rrm2b,ENSDARG00000033367,external_gene_name
rrm2b,rrm2b,ENSDARG00000033367,zfin_id_symbol
rrp8,rrp8,ENSDARG00000071652,external_gene_name
rrp8,rrp8,ENSDARG00000071652,zfin_id_symbol
rtca,rtca,ENSDARG00000002215,external_gene_name
rtca,rtca,ENSDARG00000002215,zfin_id_symbol
rxraa,rxraa,ENSDARG00000057737,external_gene_name
rxraa,rxraa,ENSDARG00000057737,zfin_id_symbol
sacm1la,sacm1la,ENSDARG00000015290,external_gene_name
sacm1la,sacm1la,ENSDARG00000015290,zfin_id_symbol
sae1,sae1,ENSDARG00000010487,external_gene_name
sae1,sae1,ENSDARG00000010487,zfin_id_symbol
sap130b,sap130b,ENSDARG00000079352,external_gene_name
sap130b,sap130b,ENSDARG00000079352,zfin_id_symbol
sardh,sardh,ENSDARG00000058102,external_gene_name
sardh,sardh,ENSDARG00000058102,zfin_id_symbol
sars1,sars1,ENSDARG00000008237,external_gene_name
sars1,sars1,ENSDARG00000008237,zfin_id_symbol
sat1b,sat1b,ENSDARG00000032272,external_gene_name
sat1b,sat1b,ENSDARG00000032272,zfin_id_symbol
sat2b,sat2b,ENSDARG00000104221,external_gene_name
sat2b,sat2b,ENSDARG00000104221,zfin_id_symbol
sc5d,sc5d,ENSDARG00000044642,external_gene_name
sc5d,sc5d,ENSDARG00000044642,zfin_id_symbol
scarb1,scarb1,ENSDARG00000101557,external_gene_name
scarb1,scarb1,ENSDARG00000101557,zfin_id_symbol
sccpdhb,sccpdhb,ENSDARG00000024564,external_gene_name
sccpdhb,sccpdhb,ENSDARG00000024564,zfin_id_symbol
scd,scd,ENSDARG00000033662,external_gene_name
scd,scd,ENSDARG00000033662,zfin_id_symbol
scdb,scdb,ENSDARG00000030265,external_gene_name
scdb,scdb,ENSDARG00000030265,zfin_id_symbol
scly,scly,ENSDARG00000073813,external_gene_name
scly,scly,ENSDARG00000073813,zfin_id_symbol
scp2a,scp2a,ENSDARG00000012194,external_gene_name
scp2a,scp2a,ENSDARG00000012194,zfin_id_symbol
sdha,sdha,ENSDARG00000016721,external_gene_name
sdha,sdha,ENSDARG00000016721,zfin_id_symbol
sdhb,sdhb,ENSDARG00000075768,external_gene_name
sdhb,sdhb,ENSDARG00000075768,zfin_id_symbol
sdhc,sdhc,ENSDARG00000038608,external_gene_name
sdhc,sdhc,ENSDARG00000038608,zfin_id_symbol
sdhdb,sdhdb,ENSDARG00000030139,external_gene_name
sdhdb,sdhdb,ENSDARG00000030139,zfin_id_symbol
sdr16c5a,sdr16c5a,ENSDARG00000016233,external_gene_name
sdr16c5a,sdr16c5a,ENSDARG00000016233,zfin_id_symbol
sdr16c5b,sdr16c5b,ENSDARG00000017794,external_gene_name
sdr16c5b,sdr16c5b,ENSDARG00000017794,zfin_id_symbol
sdr42e1,sdr42e1,ENSDARG00000098838,external_gene_name
sdr42e1,sdr42e1,ENSDARG00000098838,zfin_id_symbol
sdr42e2,sdr42e2,ENSDARG00000059914,external_gene_name
sdr42e2,sdr42e2,ENSDARG00000059914,zfin_id_symbol
sdsl,sdsl,ENSDARG00000074698,external_gene_name
sdsl,sdsl,ENSDARG00000074698,zfin_id_symbol
sec11a,sec11a,ENSDARG00000008936,external_gene_name
sec11a,sec11a,ENSDARG00000008936,zfin_id_symbol
sec13,sec13,ENSDARG00000054807,external_gene_name
sec13,sec13,ENSDARG00000054807,zfin_id_symbol
seh1l,seh1l,ENSDARG00000004280,external_gene_name
seh1l,seh1l,ENSDARG00000004280,zfin_id_symbol
selenoi,selenoi,ENSDARG00000060484,external_gene_name
selenoi,selenoi,ENSDARG00000060484,zfin_id_symbol
sephs1,sephs1,ENSDARG00000058292,external_gene_name
sephs1,sephs1,ENSDARG00000058292,zfin_id_symbol
sephs3,sephs3,ENSDARG00000017659,external_gene_name
sephs3,sephs3,ENSDARG00000017659,zfin_id_symbol
serpina1l,serpina1l,ENSDARG00000090850,external_gene_name
serpina1l,serpina1l,ENSDARG00000090850,zfin_id_symbol
setd1a,setd1a,ENSDARG00000060030,external_gene_name
setd1a,setd1a,ENSDARG00000060030,zfin_id_symbol
setd1ba,setd1ba,ENSDARG00000060847,external_gene_name
setd1ba,setd1ba,ENSDARG00000060847,zfin_id_symbol
setd2,setd2,ENSDARG00000062244,external_gene_name
setd2,setd2,ENSDARG00000062244,zfin_id_symbol
setd5,setd5,ENSDARG00000078576,external_gene_name
setd5,setd5,ENSDARG00000078576,zfin_id_symbol
setd6,setd6,ENSDARG00000043986,external_gene_name
setd6,setd6,ENSDARG00000043986,zfin_id_symbol
setd7,setd7,ENSDARG00000038858,external_gene_name
setd7,setd7,ENSDARG00000038858,zfin_id_symbol
setdb1b,setdb1b,ENSDARG00000099021,external_gene_name
setdb1b,setdb1b,ENSDARG00000099021,zfin_id_symbol
setmar,setmar,ENSDARG00000074836,external_gene_name
setmar,setmar,ENSDARG00000074836,zfin_id_symbol
sfxn1,sfxn1,ENSDARG00000019963,external_gene_name
sfxn1,sfxn1,ENSDARG00000019963,zfin_id_symbol
sfxn3,sfxn3,ENSDARG00000057374,external_gene_name
sfxn3,sfxn3,ENSDARG00000057374,zfin_id_symbol
sgms1b,sgms1b,ENSDARG00000029621,external_gene_name
sgms1b,sgms1b,ENSDARG00000029621,zfin_id_symbol
sgms2a,sgms2a,ENSDARG00000052520,external_gene_name
sgms2a,sgms2a,ENSDARG00000052520,zfin_id_symbol
sgpl1,sgpl1,ENSDARG00000061375,external_gene_name
sgpl1,sgpl1,ENSDARG00000061375,zfin_id_symbol
sgpp1a,sgpp1a,ENSDARG00000079369,external_gene_name
sgpp1a,sgpp1a,ENSDARG00000079369,zfin_id_symbol
sgsh,sgsh,ENSDARG00000032087,external_gene_name
sgsh,sgsh,ENSDARG00000032087,zfin_id_symbol
sh3bp1,sh3bp1,ENSDARG00000078119,external_gene_name
sh3bp1,sh3bp1,ENSDARG00000078119,zfin_id_symbol
sh3glb1b,sh3glb1b,ENSDARG00000010956,external_gene_name
sh3glb1b,sh3glb1b,ENSDARG00000010956,zfin_id_symbol
sh3rf1,sh3rf1,ENSDARG00000070470,external_gene_name
sh3rf1,sh3rf1,ENSDARG00000070470,zfin_id_symbol
sh3rf2,sh3rf2,ENSDARG00000101178,external_gene_name
sh3rf2,sh3rf2,ENSDARG00000101178,zfin_id_symbol
shmt1,shmt1,ENSDARG00000052816,external_gene_name
shmt1,shmt1,ENSDARG00000052816,zfin_id_symbol
shmt2,shmt2,ENSDARG00000104414,external_gene_name
shmt2,shmt2,ENSDARG00000104414,zfin_id_symbol
shpk,shpk,ENSDARG00000002355,external_gene_name
shpk,shpk,ENSDARG00000002355,zfin_id_symbol
shprh,shprh,ENSDARG00000075884,external_gene_name
shprh,shprh,ENSDARG00000075884,zfin_id_symbol
si:ch1073-205c8.3,si:ch1073-205c8.3,ENSDARG00000099556,external_gene_name
si:ch1073-205c8.3,si:ch1073-205c8.3,ENSDARG00000099556,zfin_id_symbol
si:ch211-107o10.3,si:ch211-107o10.3,ENSDARG00000008491,external_gene_name
si:ch211-107o10.3,si:ch211-107o10.3,ENSDARG00000008491,zfin_id_symbol
si:ch211-122f10.4,si:ch211-122f10.4,ENSDARG00000052074,external_gene_name
si:ch211-122f10.4,si:ch211-122f10.4,ENSDARG00000052074,zfin_id_symbol
si:ch211-132b12.1,si:ch211-132b12.1,ENSDARG00000061480,external_gene_name
si:ch211-132b12.1,si:ch211-132b12.1,ENSDARG00000061480,zfin_id_symbol
si:ch211-132b12.2,si:ch211-132b12.2,ENSDARG00000094946,external_gene_name
si:ch211-132b12.2,si:ch211-132b12.2,ENSDARG00000094946,zfin_id_symbol
si:ch211-132b12.3,si:ch211-132b12.3,ENSDARG00000068363,external_gene_name
si:ch211-132b12.3,si:ch211-132b12.3,ENSDARG00000068363,zfin_id_symbol
si:ch211-132b12.6,si:ch211-132b12.6,ENSDARG00000094546,external_gene_name
si:ch211-132b12.6,si:ch211-132b12.6,ENSDARG00000094546,zfin_id_symbol
si:ch211-132f19.7,si:ch211-132f19.7,ENSDARG00000043141,external_gene_name
si:ch211-132f19.7,si:ch211-132f19.7,ENSDARG00000043141,zfin_id_symbol
si:ch211-160o17.2,si:ch211-160o17.2,ENSDARG00000002897,external_gene_name
si:ch211-160o17.2,si:ch211-160o17.2,ENSDARG00000002897,zfin_id_symbol
si:ch211-216b21.2,si:ch211-216b21.2,ENSDARG00000060253,external_gene_name
si:ch211-216b21.2,si:ch211-216b21.2,ENSDARG00000060253,zfin_id_symbol
si:ch211-217a12.1,si:ch211-217a12.1,ENSDARG00000055642,external_gene_name
si:ch211-217a12.1,si:ch211-217a12.1,ENSDARG00000055642,zfin_id_symbol
si:ch211-269c21.2,si:ch211-269c21.2,ENSDARG00000074560,external_gene_name
si:ch211-269c21.2,si:ch211-269c21.2,ENSDARG00000074560,zfin_id_symbol
si:ch73-106k19.2,si:ch73-106k19.2,ENSDARG00000102568,external_gene_name
si:ch73-106k19.2,si:ch73-106k19.2,ENSDARG00000102568,zfin_id_symbol
si:dkey-16l2.17,si:dkey-16l2.17,ENSDARG00000027196,external_gene_name
si:dkey-16l2.17,si:dkey-16l2.17,ENSDARG00000027196,zfin_id_symbol
si:dkey-172j4.3,si:dkey-172j4.3,ENSDARG00000074183,external_gene_name
si:dkey-172j4.3,si:dkey-172j4.3,ENSDARG00000074183,zfin_id_symbol
si:dkey-177p2.18,si:dkey-177p2.18,ENSDARG00000091633,external_gene_name
si:dkey-177p2.18,si:dkey-177p2.18,ENSDARG00000091633,zfin_id_symbol
si:dkey-181m9.8,si:dkey-181m9.8,ENSDARG00000078267,external_gene_name
si:dkey-181m9.8,si:dkey-181m9.8,ENSDARG00000078267,zfin_id_symbol
si:dkey-206f10.1,si:dkey-206f10.1,ENSDARG00000032838,external_gene_name
si:dkey-206f10.1,si:dkey-206f10.1,ENSDARG00000032838,zfin_id_symbol
si:dkey-239j18.3,si:dkey-239j18.3,ENSDARG00000089806,external_gene_name
si:dkey-239j18.3,si:dkey-239j18.3,ENSDARG00000089806,zfin_id_symbol
si:dkey-73n8.3,si:dkey-73n8.3,ENSDARG00000089205,external_gene_name
si:dkey-73n8.3,si:dkey-73n8.3,ENSDARG00000089205,zfin_id_symbol
si:dkey-78a14.4,si:dkey-78a14.4,ENSDARG00000036066,external_gene_name
si:dkey-78a14.4,si:dkey-78a14.4,ENSDARG00000036066,zfin_id_symbol
si:dkey-97m3.1,si:dkey-97m3.1,ENSDARG00000009262,external_gene_name
si:dkey-97m3.1,si:dkey-97m3.1,ENSDARG00000009262,zfin_id_symbol
si:rp71-17i16.5,si:rp71-17i16.5,ENSDARG00000037527,external_gene_name
si:rp71-17i16.5,si:rp71-17i16.5,ENSDARG00000037527,zfin_id_symbol
si:zfos-411a11.2,si:zfos-411a11.2,ENSDARG00000068493,external_gene_name
si:zfos-411a11.2,si:zfos-411a11.2,ENSDARG00000068493,zfin_id_symbol
siae,siae,ENSDARG00000040527,external_gene_name
siae,siae,ENSDARG00000040527,zfin_id_symbol
siah1,siah1,ENSDARG00000030871,external_gene_name
siah1,siah1,ENSDARG00000030871,zfin_id_symbol
siah2l,siah2l,ENSDARG00000044381,external_gene_name
siah2l,siah2l,ENSDARG00000044381,zfin_id_symbol
sin3aa,sin3aa,ENSDARG00000079716,external_gene_name
sin3aa,sin3aa,ENSDARG00000079716,zfin_id_symbol
sin3b,sin3b,ENSDARG00000062472,external_gene_name
sin3b,sin3b,ENSDARG00000062472,zfin_id_symbol
sirt1,sirt1,ENSDARG00000068064,external_gene_name
sirt1,sirt1,ENSDARG00000068064,zfin_id_symbol
sirt2,sirt2,ENSDARG00000011488,external_gene_name
sirt2,sirt2,ENSDARG00000011488,zfin_id_symbol
sirt3,sirt3,ENSDARG00000035819,external_gene_name
sirt3,sirt3,ENSDARG00000035819,zfin_id_symbol
sirt5,sirt5,ENSDARG00000039684,external_gene_name
sirt5,sirt5,ENSDARG00000039684,zfin_id_symbol
sirt6,sirt6,ENSDARG00000102963,external_gene_name
sirt6,sirt6,ENSDARG00000102963,zfin_id_symbol
sirt7,sirt7,ENSDARG00000060645,external_gene_name
sirt7,sirt7,ENSDARG00000060645,zfin_id_symbol
slc10a1,slc10a1,ENSDARG00000030588,external_gene_name
slc10a1,slc10a1,ENSDARG00000030588,zfin_id_symbol
slc10a2,slc10a2,ENSDARG00000014916,external_gene_name
slc10a2,slc10a2,ENSDARG00000014916,zfin_id_symbol
slc11a2,slc11a2,ENSDARG00000024295,external_gene_name
slc11a2,slc11a2,ENSDARG00000024295,zfin_id_symbol
slc12a1,slc12a1,ENSDARG00000098096,external_gene_name
slc12a1,slc12a1,ENSDARG00000098096,zfin_id_symbol
slc12a2,slc12a2,ENSDARG00000104573,external_gene_name
slc12a2,slc12a2,ENSDARG00000104573,zfin_id_symbol
slc12a3,slc12a3,ENSDARG00000013855,external_gene_name
slc12a3,slc12a3,ENSDARG00000013855,zfin_id_symbol
slc12a4,slc12a4,ENSDARG00000014378,external_gene_name
slc12a4,slc12a4,ENSDARG00000014378,zfin_id_symbol
slc12a5b,slc12a5b,ENSDARG00000078187,external_gene_name
slc12a5b,slc12a5b,ENSDARG00000078187,zfin_id_symbol
slc12a7a,slc12a7a,ENSDARG00000073756,external_gene_name
slc12a7a,slc12a7a,ENSDARG00000073756,zfin_id_symbol
slc13a1,slc13a1,ENSDARG00000045638,external_gene_name
slc13a1,slc13a1,ENSDARG00000045638,zfin_id_symbol
slc13a2,slc13a2,ENSDARG00000053853,external_gene_name
slc13a2,slc13a2,ENSDARG00000053853,zfin_id_symbol
slc13a3,slc13a3,ENSDARG00000069478,external_gene_name
slc13a3,slc13a3,ENSDARG00000069478,zfin_id_symbol
slc13a4,slc13a4,ENSDARG00000059053,external_gene_name
slc13a4,slc13a4,ENSDARG00000059053,zfin_id_symbol
slc13a5b,slc13a5b,ENSDARG00000039999,external_gene_name
slc13a5b,slc13a5b,ENSDARG00000039999,zfin_id_symbol
slc14a2,slc14a2,ENSDARG00000051914,external_gene_name
slc14a2,slc14a2,ENSDARG00000051914,zfin_id_symbol
slc15a1a,slc15a1a,ENSDARG00000100315,external_gene_name
slc15a1a,slc15a1a,ENSDARG00000100315,zfin_id_symbol
slc15a2,slc15a2,ENSDARG00000032010,external_gene_name
slc15a2,slc15a2,ENSDARG00000032010,zfin_id_symbol
slc15a4,slc15a4,ENSDARG00000102612,external_gene_name
slc15a4,slc15a4,ENSDARG00000102612,zfin_id_symbol
slc16a10,slc16a10,ENSDARG00000020984,external_gene_name
slc16a10,slc16a10,ENSDARG00000020984,zfin_id_symbol
slc16a12b,slc16a12b,ENSDARG00000089885,external_gene_name
slc16a12b,slc16a12b,ENSDARG00000089885,zfin_id_symbol
slc16a13,slc16a13,ENSDARG00000055342,external_gene_name
slc16a13,slc16a13,ENSDARG00000055342,zfin_id_symbol
slc16a1b,slc16a1b,ENSDARG00000068572,external_gene_name
slc16a1b,slc16a1b,ENSDARG00000068572,zfin_id_symbol
slc16a2,slc16a2,ENSDARG00000098694,external_gene_name
slc16a2,slc16a2,ENSDARG00000098694,zfin_id_symbol
slc16a3a,slc16a3a,ENSDARG00000028583,external_gene_name
slc16a3a,slc16a3a,ENSDARG00000028583,zfin_id_symbol
slc16a3b,slc16a3b,ENSDARG00000045051,external_gene_name
slc16a3b,slc16a3b,ENSDARG00000045051,zfin_id_symbol
slc16a4,slc16a4,ENSDARG00000042807,external_gene_name
slc16a4,slc16a4,ENSDARG00000042807,zfin_id_symbol
slc16a5a,slc16a5a,ENSDARG00000030472,external_gene_name
slc16a5a,slc16a5a,ENSDARG00000030472,zfin_id_symbol
slc16a5b,slc16a5b,ENSDARG00000102668,external_gene_name
slc16a5b,slc16a5b,ENSDARG00000102668,zfin_id_symbol
slc16a6b,slc16a6b,ENSDARG00000060246,external_gene_name
slc16a6b,slc16a6b,ENSDARG00000060246,zfin_id_symbol
slc16a8,slc16a8,ENSDARG00000045153,external_gene_name
slc16a8,slc16a8,ENSDARG00000045153,zfin_id_symbol
slc16a9a,slc16a9a,ENSDARG00000013926,external_gene_name
slc16a9a,slc16a9a,ENSDARG00000013926,zfin_id_symbol
slc17a5,slc17a5,ENSDARG00000055190,external_gene_name
slc17a5,slc17a5,ENSDARG00000055190,zfin_id_symbol
slc17a6a,slc17a6a,ENSDARG00000001127,external_gene_name
slc17a6a,slc17a6a,ENSDARG00000001127,zfin_id_symbol
slc17a7a,slc17a7a,ENSDARG00000016480,external_gene_name
slc17a7a,slc17a7a,ENSDARG00000016480,zfin_id_symbol
slc17a8,slc17a8,ENSDARG00000057728,external_gene_name
slc17a8,slc17a8,ENSDARG00000057728,zfin_id_symbol
slc18a2,slc18a2,ENSDARG00000015110,external_gene_name
slc18a2,slc18a2,ENSDARG00000015110,zfin_id_symbol
slc18a3a,slc18a3a,ENSDARG00000006356,external_gene_name
slc18a3a,slc18a3a,ENSDARG00000006356,zfin_id_symbol
slc19a1,slc19a1,ENSDARG00000033993,external_gene_name
slc19a1,slc19a1,ENSDARG00000033993,zfin_id_symbol
slc19a2,slc19a2,ENSDARG00000059712,external_gene_name
slc19a2,slc19a2,ENSDARG00000059712,zfin_id_symbol
slc19a3a,slc19a3a,ENSDARG00000006447,external_gene_name
slc19a3a,slc19a3a,ENSDARG00000006447,zfin_id_symbol
slc1a1,slc1a1,ENSDARG00000020212,external_gene_name
slc1a1,slc1a1,ENSDARG00000020212,zfin_id_symbol
slc1a2a,slc1a2a,ENSDARG00000052138,external_gene_name
slc1a2a,slc1a2a,ENSDARG00000052138,zfin_id_symbol
slc1a3a,slc1a3a,ENSDARG00000104431,external_gene_name
slc1a3a,slc1a3a,ENSDARG00000104431,zfin_id_symbol
slc1a3b,slc1a3b,ENSDARG00000043148,external_gene_name
slc1a3b,slc1a3b,ENSDARG00000043148,zfin_id_symbol
slc1a4,slc1a4,ENSDARG00000000551,external_gene_name
slc1a4,slc1a4,ENSDARG00000000551,zfin_id_symbol
slc1a5,slc1a5,ENSDARG00000099186,external_gene_name
slc1a5,slc1a5,ENSDARG00000099186,zfin_id_symbol
slc1a6,slc1a6,ENSDARG00000010096,external_gene_name
slc1a6,slc1a6,ENSDARG00000010096,zfin_id_symbol
slc1a7a,slc1a7a,ENSDARG00000034940,external_gene_name
slc1a7a,slc1a7a,ENSDARG00000034940,zfin_id_symbol
slc20a1b,slc20a1b,ENSDARG00000010641,external_gene_name
slc20a1b,slc20a1b,ENSDARG00000010641,zfin_id_symbol
slc20a2,slc20a2,ENSDARG00000060796,external_gene_name
slc20a2,slc20a2,ENSDARG00000060796,zfin_id_symbol
slc22a13b,slc22a13b,ENSDARG00000059166,external_gene_name
slc22a13b,slc22a13b,ENSDARG00000059166,zfin_id_symbol
slc22a15,slc22a15,ENSDARG00000055445,external_gene_name
slc22a15,slc22a15,ENSDARG00000055445,zfin_id_symbol
slc22a16,slc22a16,ENSDARG00000015869,external_gene_name
slc22a16,slc22a16,ENSDARG00000015869,zfin_id_symbol
slc22a2,slc22a2,ENSDARG00000030530,external_gene_name
slc22a2,slc22a2,ENSDARG00000030530,zfin_id_symbol
slc22a5,slc22a5,ENSDARG00000101021,external_gene_name
slc22a5,slc22a5,ENSDARG00000101021,zfin_id_symbol
slc22a6l,slc22a6l,ENSDARG00000055523,external_gene_name
slc22a6l,slc22a6l,ENSDARG00000055523,zfin_id_symbol
slc22a7a,slc22a7a,ENSDARG00000056028,external_gene_name
slc22a7a,slc22a7a,ENSDARG00000056028,zfin_id_symbol
slc23a1,slc23a1,ENSDARG00000015033,external_gene_name
slc23a1,slc23a1,ENSDARG00000015033,zfin_id_symbol
slc23a2,slc23a2,ENSDARG00000017365,external_gene_name
slc23a2,slc23a2,ENSDARG00000017365,zfin_id_symbol
slc24a1,slc24a1,ENSDARG00000041431,external_gene_name
slc24a1,slc24a1,ENSDARG00000041431,zfin_id_symbol
slc24a4b,slc24a4b,ENSDARG00000067509,external_gene_name
slc24a4b,slc24a4b,ENSDARG00000067509,zfin_id_symbol
slc24a5,slc24a5,ENSDARG00000024771,external_gene_name
slc24a5,slc24a5,ENSDARG00000024771,zfin_id_symbol
slc24a6a,slc24a6a,ENSDARG00000036383,external_gene_name
slc24a6a,slc24a6a,ENSDARG00000036383,zfin_id_symbol
slc25a10a,slc25a10a,ENSDARG00000097890,external_gene_name
slc25a10a,slc25a10a,ENSDARG00000097890,zfin_id_symbol
slc25a11,slc25a11,ENSDARG00000035741,external_gene_name
slc25a11,slc25a11,ENSDARG00000035741,zfin_id_symbol
slc25a12,slc25a12,ENSDARG00000102362,external_gene_name
slc25a12,slc25a12,ENSDARG00000102362,zfin_id_symbol
slc25a14,slc25a14,ENSDARG00000026680,external_gene_name
slc25a14,slc25a14,ENSDARG00000026680,zfin_id_symbol
slc25a15b,slc25a15b,ENSDARG00000062271,external_gene_name
slc25a15b,slc25a15b,ENSDARG00000062271,zfin_id_symbol
slc25a16,slc25a16,ENSDARG00000057287,external_gene_name
slc25a16,slc25a16,ENSDARG00000057287,zfin_id_symbol
slc25a17,slc25a17,ENSDARG00000061684,external_gene_name
slc25a17,slc25a17,ENSDARG00000061684,zfin_id_symbol
slc25a18,slc25a18,ENSDARG00000070717,external_gene_name
slc25a18,slc25a18,ENSDARG00000070717,zfin_id_symbol
slc25a19,slc25a19,ENSDARG00000100385,external_gene_name
slc25a19,slc25a19,ENSDARG00000100385,zfin_id_symbol
slc25a1b,slc25a1b,ENSDARG00000076381,external_gene_name
slc25a1b,slc25a1b,ENSDARG00000076381,zfin_id_symbol
slc25a20,slc25a20,ENSDARG00000040401,external_gene_name
slc25a20,slc25a20,ENSDARG00000040401,zfin_id_symbol
slc25a21,slc25a21,ENSDARG00000060564,external_gene_name
slc25a21,slc25a21,ENSDARG00000060564,zfin_id_symbol
slc25a22b,slc25a22b,ENSDARG00000058336,external_gene_name
slc25a22b,slc25a22b,ENSDARG00000058336,zfin_id_symbol
slc25a26,slc25a26,ENSDARG00000058208,external_gene_name
slc25a26,slc25a26,ENSDARG00000058208,zfin_id_symbol
slc25a27,slc25a27,ENSDARG00000042873,external_gene_name
slc25a27,slc25a27,ENSDARG00000042873,zfin_id_symbol
slc25a28,slc25a28,ENSDARG00000052994,external_gene_name
slc25a28,slc25a28,ENSDARG00000052994,zfin_id_symbol
slc25a29,slc25a29,ENSDARG00000057352,external_gene_name
slc25a29,slc25a29,ENSDARG00000057352,zfin_id_symbol
slc25a32a,slc25a32a,ENSDARG00000089791,external_gene_name
slc25a32a,slc25a32a,ENSDARG00000089791,zfin_id_symbol
slc25a37,slc25a37,ENSDARG00000073743,external_gene_name
slc25a37,slc25a37,ENSDARG00000073743,zfin_id_symbol
slc25a38b,slc25a38b,ENSDARG00000074533,external_gene_name
slc25a38b,slc25a38b,ENSDARG00000074533,zfin_id_symbol
slc25a3a,slc25a3a,ENSDARG00000027424,external_gene_name
slc25a3a,slc25a3a,ENSDARG00000027424,zfin_id_symbol
slc25a3b,slc25a3b,ENSDARG00000025566,external_gene_name
slc25a3b,slc25a3b,ENSDARG00000025566,zfin_id_symbol
slc25a4,slc25a4,ENSDARG00000027355,external_gene_name
slc25a4,slc25a4,ENSDARG00000027355,zfin_id_symbol
slc25a42,slc25a42,ENSDARG00000099368,external_gene_name
slc25a42,slc25a42,ENSDARG00000099368,zfin_id_symbol
slc25a5,slc25a5,ENSDARG00000092553,external_gene_name
slc25a5,slc25a5,ENSDARG00000092553,zfin_id_symbol
slc26a1,slc26a1,ENSDARG00000029832,external_gene_name
slc26a1,slc26a1,ENSDARG00000029832,zfin_id_symbol
slc26a11,slc26a11,ENSDARG00000043021,external_gene_name
slc26a11,slc26a11,ENSDARG00000043021,zfin_id_symbol
slc26a2,slc26a2,ENSDARG00000011618,external_gene_name
slc26a2,slc26a2,ENSDARG00000011618,zfin_id_symbol
slc26a3.2,slc26a3.2,ENSDARG00000003615,external_gene_name
slc26a3.2,slc26a3.2,ENSDARG00000003615,zfin_id_symbol
slc26a4,slc26a4,ENSDARG00000069431,external_gene_name
slc26a4,slc26a4,ENSDARG00000069431,zfin_id_symbol
slc27a1a,slc27a1a,ENSDARG00000006240,external_gene_name
slc27a1a,slc27a1a,ENSDARG00000006240,zfin_id_symbol
slc27a1b,slc27a1b,ENSDARG00000104949,external_gene_name
slc27a1b,slc27a1b,ENSDARG00000104949,zfin_id_symbol
slc27a4,slc27a4,ENSDARG00000017047,external_gene_name
slc27a4,slc27a4,ENSDARG00000017047,zfin_id_symbol
slc27a6,slc27a6,ENSDARG00000046053,external_gene_name
slc27a6,slc27a6,ENSDARG00000046053,zfin_id_symbol
slc28a1,slc28a1,ENSDARG00000060879,external_gene_name
slc28a1,slc28a1,ENSDARG00000060879,zfin_id_symbol
slc29a1a,slc29a1a,ENSDARG00000101289,external_gene_name
slc29a1a,slc29a1a,ENSDARG00000101289,zfin_id_symbol
slc29a2,slc29a2,ENSDARG00000001767,external_gene_name
slc29a2,slc29a2,ENSDARG00000001767,zfin_id_symbol
slc29a3,slc29a3,ENSDARG00000077828,external_gene_name
slc29a3,slc29a3,ENSDARG00000077828,zfin_id_symbol
slc29a4a,slc29a4a,ENSDARG00000059690,external_gene_name
slc29a4a,slc29a4a,ENSDARG00000059690,zfin_id_symbol
slc2a10,slc2a10,ENSDARG00000090820,external_gene_name
slc2a10,slc2a10,ENSDARG00000090820,zfin_id_symbol
slc2a11a,slc2a11a,ENSDARG00000053961,external_gene_name
slc2a11a,slc2a11a,ENSDARG00000053961,zfin_id_symbol
slc2a12,slc2a12,ENSDARG00000036865,external_gene_name
slc2a12,slc2a12,ENSDARG00000036865,zfin_id_symbol
slc2a13b,slc2a13b,ENSDARG00000076899,external_gene_name
slc2a13b,slc2a13b,ENSDARG00000076899,zfin_id_symbol
slc2a15a,slc2a15a,ENSDARG00000029894,external_gene_name
slc2a15a,slc2a15a,ENSDARG00000029894,zfin_id_symbol
slc2a1b,slc2a1b,ENSDARG00000007412,external_gene_name
slc2a1b,slc2a1b,ENSDARG00000007412,zfin_id_symbol
slc2a2,slc2a2,ENSDARG00000056196,external_gene_name
slc2a2,slc2a2,ENSDARG00000056196,zfin_id_symbol
slc2a3a,slc2a3a,ENSDARG00000013295,external_gene_name
slc2a3a,slc2a3a,ENSDARG00000013295,zfin_id_symbol
slc2a3b,slc2a3b,ENSDARG00000037861,external_gene_name
slc2a3b,slc2a3b,ENSDARG00000037861,zfin_id_symbol
slc2a5,slc2a5,ENSDARG00000077875,external_gene_name
slc2a5,slc2a5,ENSDARG00000077875,zfin_id_symbol
slc2a6,slc2a6,ENSDARG00000058731,external_gene_name
slc2a6,slc2a6,ENSDARG00000058731,zfin_id_symbol
slc2a8,slc2a8,ENSDARG00000104278,external_gene_name
slc2a8,slc2a8,ENSDARG00000104278,zfin_id_symbol
slc30a1a,slc30a1a,ENSDARG00000005463,external_gene_name
slc30a1a,slc30a1a,ENSDARG00000005463,zfin_id_symbol
slc30a6,slc30a6,ENSDARG00000077368,external_gene_name
slc30a6,slc30a6,ENSDARG00000077368,zfin_id_symbol
slc30a7,slc30a7,ENSDARG00000019998,external_gene_name
slc30a7,slc30a7,ENSDARG00000019998,zfin_id_symbol
slc31a1,slc31a1,ENSDARG00000013961,external_gene_name
slc31a1,slc31a1,ENSDARG00000013961,zfin_id_symbol
slc32a1,slc32a1,ENSDARG00000059775,external_gene_name
slc32a1,slc32a1,ENSDARG00000059775,zfin_id_symbol
slc33a1,slc33a1,ENSDARG00000020085,external_gene_name
slc33a1,slc33a1,ENSDARG00000020085,zfin_id_symbol
slc34a1a,slc34a1a,ENSDARG00000028824,external_gene_name
slc34a1a,slc34a1a,ENSDARG00000028824,zfin_id_symbol
slc34a2a,slc34a2a,ENSDARG00000012903,external_gene_name
slc34a2a,slc34a2a,ENSDARG00000012903,zfin_id_symbol
slc35a1,slc35a1,ENSDARG00000040180,external_gene_name
slc35a1,slc35a1,ENSDARG00000040180,zfin_id_symbol
slc35a2,slc35a2,ENSDARG00000058990,external_gene_name
slc35a2,slc35a2,ENSDARG00000058990,zfin_id_symbol
slc35a3a,slc35a3a,ENSDARG00000013222,external_gene_name
slc35a3a,slc35a3a,ENSDARG00000013222,zfin_id_symbol
slc35b2,slc35b2,ENSDARG00000007886,external_gene_name
slc35b2,slc35b2,ENSDARG00000007886,zfin_id_symbol
slc35b4,slc35b4,ENSDARG00000071087,external_gene_name
slc35b4,slc35b4,ENSDARG00000071087,zfin_id_symbol
slc35c1,slc35c1,ENSDARG00000104669,external_gene_name
slc35c1,slc35c1,ENSDARG00000104669,zfin_id_symbol
slc35d1a,slc35d1a,ENSDARG00000011973,external_gene_name
slc35d1a,slc35d1a,ENSDARG00000011973,zfin_id_symbol
slc35d1b,slc35d1b,ENSDARG00000027986,external_gene_name
slc35d1b,slc35d1b,ENSDARG00000027986,zfin_id_symbol
slc35d2,slc35d2,ENSDARG00000089837,external_gene_name
slc35d2,slc35d2,ENSDARG00000089837,zfin_id_symbol
slc36a1,slc36a1,ENSDARG00000075618,external_gene_name
slc36a1,slc36a1,ENSDARG00000075618,zfin_id_symbol
slc36a4,slc36a4,ENSDARG00000039661,external_gene_name
slc36a4,slc36a4,ENSDARG00000039661,zfin_id_symbol
slc37a1,slc37a1,ENSDARG00000086103,external_gene_name
slc37a1,slc37a1,ENSDARG00000086103,zfin_id_symbol
slc37a4a,slc37a4a,ENSDARG00000038106,external_gene_name
slc37a4a,slc37a4a,ENSDARG00000038106,zfin_id_symbol
slc38a2,slc38a2,ENSDARG00000045886,external_gene_name
slc38a2,slc38a2,ENSDARG00000045886,zfin_id_symbol
slc38a3b,slc38a3b,ENSDARG00000091061,external_gene_name
slc38a3b,slc38a3b,ENSDARG00000091061,zfin_id_symbol
slc38a4,slc38a4,ENSDARG00000018149,external_gene_name
slc38a4,slc38a4,ENSDARG00000018149,zfin_id_symbol
slc38a5b,slc38a5b,ENSDARG00000014587,external_gene_name
slc38a5b,slc38a5b,ENSDARG00000014587,zfin_id_symbol
slc39a1,slc39a1,ENSDARG00000058257,external_gene_name
slc39a1,slc39a1,ENSDARG00000058257,zfin_id_symbol
slc39a10,slc39a10,ENSDARG00000005823,external_gene_name
slc39a10,slc39a10,ENSDARG00000005823,zfin_id_symbol
slc39a14,slc39a14,ENSDARG00000102387,external_gene_name
slc39a14,slc39a14,ENSDARG00000102387,zfin_id_symbol
slc39a4,slc39a4,ENSDARG00000059361,external_gene_name
slc39a4,slc39a4,ENSDARG00000059361,zfin_id_symbol
slc39a5,slc39a5,ENSDARG00000079525,external_gene_name
slc39a5,slc39a5,ENSDARG00000079525,zfin_id_symbol
slc39a6,slc39a6,ENSDARG00000068143,external_gene_name
slc39a6,slc39a6,ENSDARG00000068143,zfin_id_symbol
slc39a7,slc39a7,ENSDARG00000104451,external_gene_name
slc39a7,slc39a7,ENSDARG00000104451,zfin_id_symbol
slc39a8,slc39a8,ENSDARG00000056757,external_gene_name
slc39a8,slc39a8,ENSDARG00000056757,zfin_id_symbol
slc3a1,slc3a1,ENSDARG00000017165,external_gene_name
slc3a1,slc3a1,ENSDARG00000017165,zfin_id_symbol
slc3a2a,slc3a2a,ENSDARG00000036427,external_gene_name
slc3a2a,slc3a2a,ENSDARG00000036427,zfin_id_symbol
slc40a1,slc40a1,ENSDARG00000000241,external_gene_name
slc40a1,slc40a1,ENSDARG00000000241,zfin_id_symbol
slc41a1,slc41a1,ENSDARG00000070214,external_gene_name
slc41a1,slc41a1,ENSDARG00000070214,zfin_id_symbol
slc41a2b,slc41a2b,ENSDARG00000073881,external_gene_name
slc41a2b,slc41a2b,ENSDARG00000073881,zfin_id_symbol
slc43a1a,slc43a1a,ENSDARG00000037393,external_gene_name
slc43a1a,slc43a1a,ENSDARG00000037393,zfin_id_symbol
slc43a2b,slc43a2b,ENSDARG00000061120,external_gene_name
slc43a2b,slc43a2b,ENSDARG00000061120,zfin_id_symbol
slc44a1a,slc44a1a,ENSDARG00000015946,external_gene_name
slc44a1a,slc44a1a,ENSDARG00000015946,zfin_id_symbol
slc44a2,slc44a2,ENSDARG00000037059,external_gene_name
slc44a2,slc44a2,ENSDARG00000037059,zfin_id_symbol
slc44a4,slc44a4,ENSDARG00000102381,external_gene_name
slc44a4,slc44a4,ENSDARG00000102381,zfin_id_symbol
slc44a5a,slc44a5a,ENSDARG00000017398,external_gene_name
slc44a5a,slc44a5a,ENSDARG00000017398,zfin_id_symbol
slc44a5b,slc44a5b,ENSDARG00000057419,external_gene_name
slc44a5b,slc44a5b,ENSDARG00000057419,zfin_id_symbol
slc46a1,slc46a1,ENSDARG00000026149,external_gene_name
slc46a1,slc46a1,ENSDARG00000026149,zfin_id_symbol
slc47a2.1,slc47a2.1,ENSDARG00000060051,external_gene_name
slc47a2.1,slc47a2.1,ENSDARG00000060051,zfin_id_symbol
slc4a10a,slc4a10a,ENSDARG00000063133,external_gene_name
slc4a10a,slc4a10a,ENSDARG00000063133,zfin_id_symbol
slc4a1b,slc4a1b,ENSDARG00000024560,external_gene_name
slc4a1b,slc4a1b,ENSDARG00000024560,zfin_id_symbol
slc4a2a,slc4a2a,ENSDARG00000028173,external_gene_name
slc4a2a,slc4a2a,ENSDARG00000028173,zfin_id_symbol
slc4a3,slc4a3,ENSDARG00000104005,external_gene_name
slc4a3,slc4a3,ENSDARG00000104005,zfin_id_symbol
slc4a4a,slc4a4a,ENSDARG00000013730,external_gene_name
slc4a4a,slc4a4a,ENSDARG00000013730,zfin_id_symbol
slc4a5b,slc4a5b,ENSDARG00000104387,external_gene_name
slc4a5b,slc4a5b,ENSDARG00000104387,zfin_id_symbol
slc4a7,slc4a7,ENSDARG00000073952,external_gene_name
slc4a7,slc4a7,ENSDARG00000073952,zfin_id_symbol
slc4a8,slc4a8,ENSDARG00000015531,external_gene_name
slc4a8,slc4a8,ENSDARG00000015531,zfin_id_symbol
slc51a,slc51a,ENSDARG00000045306,external_gene_name
slc51a,slc51a,ENSDARG00000045306,zfin_id_symbol
slc52a2,slc52a2,ENSDARG00000102035,external_gene_name
slc52a2,slc52a2,ENSDARG00000102035,zfin_id_symbol
slc5a1,slc5a1,ENSDARG00000013871,external_gene_name
slc5a1,slc5a1,ENSDARG00000013871,zfin_id_symbol
slc5a11,slc5a11,ENSDARG00000019932,external_gene_name
slc5a11,slc5a11,ENSDARG00000019932,zfin_id_symbol
slc5a12,slc5a12,ENSDARG00000005004,external_gene_name
slc5a12,slc5a12,ENSDARG00000005004,zfin_id_symbol
slc5a2,slc5a2,ENSDARG00000100919,external_gene_name
slc5a2,slc5a2,ENSDARG00000100919,zfin_id_symbol
slc5a3b,slc5a3b,ENSDARG00000077812,external_gene_name
slc5a3b,slc5a3b,ENSDARG00000077812,zfin_id_symbol
slc5a5,slc5a5,ENSDARG00000005392,external_gene_name
slc5a5,slc5a5,ENSDARG00000005392,zfin_id_symbol
slc5a6b,slc5a6b,ENSDARG00000014599,external_gene_name
slc5a6b,slc5a6b,ENSDARG00000014599,zfin_id_symbol
slc5a7a,slc5a7a,ENSDARG00000074860,external_gene_name
slc5a7a,slc5a7a,ENSDARG00000074860,zfin_id_symbol
slc5a8l,slc5a8l,ENSDARG00000003697,external_gene_name
slc5a8l,slc5a8l,ENSDARG00000003697,zfin_id_symbol
slc5a9,slc5a9,ENSDARG00000005518,external_gene_name
slc5a9,slc5a9,ENSDARG00000005518,zfin_id_symbol
slc6a11a,slc6a11a,ENSDARG00000074002,external_gene_name
slc6a11a,slc6a11a,ENSDARG00000074002,zfin_id_symbol
slc6a14,slc6a14,ENSDARG00000029866,external_gene_name
slc6a14,slc6a14,ENSDARG00000029866,zfin_id_symbol
slc6a15,slc6a15,ENSDARG00000062821,external_gene_name
slc6a15,slc6a15,ENSDARG00000062821,zfin_id_symbol
slc6a18,slc6a18,ENSDARG00000068387,external_gene_name
slc6a18,slc6a18,ENSDARG00000068387,zfin_id_symbol
slc6a19a.1,slc6a19a.1,ENSDARG00000018621,external_gene_name
slc6a19a.1,slc6a19a.1,ENSDARG00000018621,zfin_id_symbol
slc6a19b,slc6a19b,ENSDARG00000056719,external_gene_name
slc6a19b,slc6a19b,ENSDARG00000056719,zfin_id_symbol
slc6a1b,slc6a1b,ENSDARG00000039647,external_gene_name
slc6a1b,slc6a1b,ENSDARG00000039647,zfin_id_symbol
slc6a2,slc6a2,ENSDARG00000016141,external_gene_name
slc6a2,slc6a2,ENSDARG00000016141,zfin_id_symbol
slc6a22.1,slc6a22.1,ENSDARG00000000730,external_gene_name
slc6a22.1,slc6a22.1,ENSDARG00000000730,zfin_id_symbol
slc6a22.2,slc6a22.2,ENSDARG00000001354,external_gene_name
slc6a22.2,slc6a22.2,ENSDARG00000001354,zfin_id_symbol
slc6a3,slc6a3,ENSDARG00000004219,external_gene_name
slc6a3,slc6a3,ENSDARG00000004219,zfin_id_symbol
slc6a4a,slc6a4a,ENSDARG00000061165,external_gene_name
slc6a4a,slc6a4a,ENSDARG00000061165,zfin_id_symbol
slc6a5,slc6a5,ENSDARG00000067964,external_gene_name
slc6a5,slc6a5,ENSDARG00000067964,zfin_id_symbol
slc6a6a,slc6a6a,ENSDARG00000012534,external_gene_name
slc6a6a,slc6a6a,ENSDARG00000012534,zfin_id_symbol
slc6a7,slc6a7,ENSDARG00000030006,external_gene_name
slc6a7,slc6a7,ENSDARG00000030006,zfin_id_symbol
slc6a8,slc6a8,ENSDARG00000043646,external_gene_name
slc6a8,slc6a8,ENSDARG00000043646,zfin_id_symbol
slc6a9,slc6a9,ENSDARG00000018534,external_gene_name
slc6a9,slc6a9,ENSDARG00000018534,zfin_id_symbol
slc7a10b,slc7a10b,ENSDARG00000051730,external_gene_name
slc7a10b,slc7a10b,ENSDARG00000051730,zfin_id_symbol
slc7a11,slc7a11,ENSDARG00000071384,external_gene_name
slc7a11,slc7a11,ENSDARG00000071384,zfin_id_symbol
slc7a1a,slc7a1a,ENSDARG00000016439,external_gene_name
slc7a1a,slc7a1a,ENSDARG00000016439,zfin_id_symbol
slc7a2,slc7a2,ENSDARG00000037097,external_gene_name
slc7a2,slc7a2,ENSDARG00000037097,zfin_id_symbol
slc7a3a,slc7a3a,ENSDARG00000020645,external_gene_name
slc7a3a,slc7a3a,ENSDARG00000020645,zfin_id_symbol
slc7a3b,slc7a3b,ENSDARG00000061566,external_gene_name
slc7a3b,slc7a3b,ENSDARG00000061566,zfin_id_symbol
slc7a5,slc7a5,ENSDARG00000099265,external_gene_name
slc7a5,slc7a5,ENSDARG00000099265,zfin_id_symbol
slc7a6,slc7a6,ENSDARG00000054423,external_gene_name
slc7a6,slc7a6,ENSDARG00000054423,zfin_id_symbol
slc7a7,slc7a7,ENSDARG00000055226,external_gene_name
slc7a7,slc7a7,ENSDARG00000055226,zfin_id_symbol
slc7a8a,slc7a8a,ENSDARG00000075831,external_gene_name
slc7a8a,slc7a8a,ENSDARG00000075831,zfin_id_symbol
slc7a9,slc7a9,ENSDARG00000005894,external_gene_name
slc7a9,slc7a9,ENSDARG00000005894,zfin_id_symbol
slc8a1b,slc8a1b,ENSDARG00000043406,external_gene_name
slc8a1b,slc8a1b,ENSDARG00000043406,zfin_id_symbol
slc8a2b,slc8a2b,ENSDARG00000100592,external_gene_name
slc8a2b,slc8a2b,ENSDARG00000100592,zfin_id_symbol
slc8a3,slc8a3,ENSDARG00000004931,external_gene_name
slc8a3,slc8a3,ENSDARG00000004931,zfin_id_symbol
slc8b1,slc8b1,ENSDARG00000105584,external_gene_name
slc8b1,slc8b1,ENSDARG00000105584,zfin_id_symbol
slc9a1b,slc9a1b,ENSDARG00000097339,external_gene_name
slc9a1b,slc9a1b,ENSDARG00000097339,zfin_id_symbol
slc9a2,slc9a2,ENSDARG00000058780,external_gene_name
slc9a2,slc9a2,ENSDARG00000058780,zfin_id_symbol
slc9a3.1,slc9a3.1,ENSDARG00000058498,external_gene_name
slc9a3.1,slc9a3.1,ENSDARG00000058498,zfin_id_symbol
slc9a5,slc9a5,ENSDARG00000078560,external_gene_name
slc9a5,slc9a5,ENSDARG00000078560,zfin_id_symbol
slc9a7,slc9a7,ENSDARG00000076754,external_gene_name
slc9a7,slc9a7,ENSDARG00000076754,zfin_id_symbol
slc9a8,slc9a8,ENSDARG00000020699,external_gene_name
slc9a8,slc9a8,ENSDARG00000020699,zfin_id_symbol
slco1c1,slco1c1,ENSDARG00000016749,external_gene_name
slco1c1,slco1c1,ENSDARG00000016749,zfin_id_symbol
slco1e1,slco1e1,ENSDARG00000100780,external_gene_name
slco1e1,slco1e1,ENSDARG00000100780,zfin_id_symbol
slco1f1,slco1f1,ENSDARG00000102283,external_gene_name
slco1f1,slco1f1,ENSDARG00000102283,zfin_id_symbol
slco2a1,slco2a1,ENSDARG00000061896,external_gene_name
slco2a1,slco2a1,ENSDARG00000061896,zfin_id_symbol
slco2b1,slco2b1,ENSDARG00000054609,external_gene_name
slco2b1,slco2b1,ENSDARG00000054609,zfin_id_symbol
slco3a1a,slco3a1a,ENSDARG00000018726,external_gene_name
slco3a1a,slco3a1a,ENSDARG00000018726,zfin_id_symbol
slco4a1,slco4a1,ENSDARG00000075948,external_gene_name
slco4a1,slco4a1,ENSDARG00000075948,zfin_id_symbol
smarcd3a,smarcd3a,ENSDARG00000038786,external_gene_name
smarcd3a,smarcd3a,ENSDARG00000038786,zfin_id_symbol
smox,smox,ENSDARG00000036967,external_gene_name
smox,smox,ENSDARG00000036967,zfin_id_symbol
smpd1,smpd1,ENSDARG00000076121,external_gene_name
smpd1,smpd1,ENSDARG00000076121,zfin_id_symbol
smpd2a,smpd2a,ENSDARG00000040523,external_gene_name
smpd2a,smpd2a,ENSDARG00000040523,zfin_id_symbol
smpd2b,smpd2b,ENSDARG00000052701,external_gene_name
smpd2b,smpd2b,ENSDARG00000052701,zfin_id_symbol
smpd3,smpd3,ENSDARG00000098226,external_gene_name
smpd3,smpd3,ENSDARG00000098226,zfin_id_symbol
smpd4,smpd4,ENSDARG00000020730,external_gene_name
smpd4,smpd4,ENSDARG00000020730,zfin_id_symbol
sms,sms,ENSDARG00000008155,external_gene_name
sms,sms,ENSDARG00000008155,zfin_id_symbol
smurf1,smurf1,ENSDARG00000016086,external_gene_name
smurf1,smurf1,ENSDARG00000016086,zfin_id_symbol
smurf2,smurf2,ENSDARG00000038067,external_gene_name
smurf2,smurf2,ENSDARG00000038067,zfin_id_symbol
smyd2a,smyd2a,ENSDARG00000055151,external_gene_name
smyd2a,smyd2a,ENSDARG00000055151,zfin_id_symbol
smyd3,smyd3,ENSDARG00000058050,external_gene_name
smyd3,smyd3,ENSDARG00000058050,zfin_id_symbol
soat1,soat1,ENSDARG00000062297,external_gene_name
soat1,soat1,ENSDARG00000062297,zfin_id_symbol
sod1,sod1,ENSDARG00000043848,external_gene_name
sod1,sod1,ENSDARG00000043848,zfin_id_symbol
sod2,sod2,ENSDARG00000042644,external_gene_name
sod2,sod2,ENSDARG00000042644,zfin_id_symbol
sod3a,sod3a,ENSDARG00000070168,external_gene_name
sod3a,sod3a,ENSDARG00000070168,zfin_id_symbol
sod3b,sod3b,ENSDARG00000079183,external_gene_name
sod3b,sod3b,ENSDARG00000079183,zfin_id_symbol
sord,sord,ENSDARG00000053405,external_gene_name
sord,sord,ENSDARG00000053405,zfin_id_symbol
spam1,spam1,ENSDARG00000004199,external_gene_name
spam1,spam1,ENSDARG00000004199,zfin_id_symbol
spcs1,spcs1,ENSDARG00000059298,external_gene_name
spcs1,spcs1,ENSDARG00000059298,zfin_id_symbol
spcs2,spcs2,ENSDARG00000042823,external_gene_name
spcs2,spcs2,ENSDARG00000042823,zfin_id_symbol
spcs3,spcs3,ENSDARG00000089976,external_gene_name
spcs3,spcs3,ENSDARG00000089976,zfin_id_symbol
sphk2,sphk2,ENSDARG00000069893,external_gene_name
sphk2,sphk2,ENSDARG00000069893,zfin_id_symbol
spra,spra,ENSDARG00000004406,external_gene_name
spra,spra,ENSDARG00000004406,zfin_id_symbol
sptlc1,sptlc1,ENSDARG00000042995,external_gene_name
sptlc1,sptlc1,ENSDARG00000042995,zfin_id_symbol
sptlc2a,sptlc2a,ENSDARG00000018976,external_gene_name
sptlc2a,sptlc2a,ENSDARG00000018976,zfin_id_symbol
sptlc2b,sptlc2b,ENSDARG00000074287,external_gene_name
sptlc2b,sptlc2b,ENSDARG00000074287,zfin_id_symbol
sptlc3,sptlc3,ENSDARG00000030743,external_gene_name
sptlc3,sptlc3,ENSDARG00000030743,zfin_id_symbol
sqlea,sqlea,ENSDARG00000079946,external_gene_name
sqlea,sqlea,ENSDARG00000079946,zfin_id_symbol
srd5a1,srd5a1,ENSDARG00000020509,external_gene_name
srd5a1,srd5a1,ENSDARG00000020509,zfin_id_symbol
srd5a2a,srd5a2a,ENSDARG00000043587,external_gene_name
srd5a2a,srd5a2a,ENSDARG00000043587,zfin_id_symbol
srd5a3,srd5a3,ENSDARG00000043307,external_gene_name
srd5a3,srd5a3,ENSDARG00000043307,zfin_id_symbol
srebf1,srebf1,ENSDARG00000067607,external_gene_name
srebf1,srebf1,ENSDARG00000067607,zfin_id_symbol
srm,srm,ENSDARG00000055760,external_gene_name
srm,srm,ENSDARG00000055760,zfin_id_symbol
srpk3,srpk3,ENSDARG00000005916,external_gene_name
srpk3,srpk3,ENSDARG00000005916,zfin_id_symbol
srr,srr,ENSDARG00000096045,external_gene_name
srr,srr,ENSDARG00000096045,zfin_id_symbol
ssr4,ssr4,ENSDARG00000019444,external_gene_name
ssr4,ssr4,ENSDARG00000019444,zfin_id_symbol
st3gal1l,st3gal1l,ENSDARG00000079310,external_gene_name
st3gal1l,st3gal1l,ENSDARG00000079310,zfin_id_symbol
st3gal2,st3gal2,ENSDARG00000112898,external_gene_name
st3gal2,st3gal2,ENSDARG00000112898,zfin_id_symbol
st3gal3b,st3gal3b,ENSDARG00000015252,external_gene_name
st3gal3b,st3gal3b,ENSDARG00000015252,zfin_id_symbol
st3gal4,st3gal4,ENSDARG00000041006,external_gene_name
st3gal4,st3gal4,ENSDARG00000041006,zfin_id_symbol
st3gal5,st3gal5,ENSDARG00000037556,external_gene_name
st3gal5,st3gal5,ENSDARG00000037556,zfin_id_symbol
st6gal1,st6gal1,ENSDARG00000044514,external_gene_name
st6gal1,st6gal1,ENSDARG00000044514,zfin_id_symbol
st6gal2a,st6gal2a,ENSDARG00000039335,external_gene_name
st6gal2a,st6gal2a,ENSDARG00000039335,zfin_id_symbol
st6galnac1.1,st6galnac1.1,ENSDARG00000043814,external_gene_name
st6galnac1.1,st6galnac1.1,ENSDARG00000043814,zfin_id_symbol
st6galnac3,st6galnac3,ENSDARG00000058473,external_gene_name
st6galnac3,st6galnac3,ENSDARG00000058473,zfin_id_symbol
st6galnac4,st6galnac4,ENSDARG00000100804,external_gene_name
st6galnac4,st6galnac4,ENSDARG00000100804,zfin_id_symbol
st6galnac5a,st6galnac5a,ENSDARG00000039220,external_gene_name
st6galnac5a,st6galnac5a,ENSDARG00000039220,zfin_id_symbol
st6galnac6,st6galnac6,ENSDARG00000036913,external_gene_name
st6galnac6,st6galnac6,ENSDARG00000036913,zfin_id_symbol
st8sia1,st8sia1,ENSDARG00000098221,external_gene_name
st8sia1,st8sia1,ENSDARG00000098221,zfin_id_symbol
st8sia4,st8sia4,ENSDARG00000103600,external_gene_name
st8sia4,st8sia4,ENSDARG00000103600,zfin_id_symbol
st8sia5,st8sia5,ENSDARG00000036584,external_gene_name
st8sia5,st8sia5,ENSDARG00000036584,zfin_id_symbol
stambpa,stambpa,ENSDARG00000054501,external_gene_name
stambpa,stambpa,ENSDARG00000054501,zfin_id_symbol
stambpl1,stambpl1,ENSDARG00000003085,external_gene_name
stambpl1,stambpl1,ENSDARG00000003085,zfin_id_symbol
star,star,ENSDARG00000006137,external_gene_name
star,star,ENSDARG00000006137,zfin_id_symbol
stard10,stard10,ENSDARG00000097718,external_gene_name
stard10,stard10,ENSDARG00000097718,zfin_id_symbol
stard13b,stard13b,ENSDARG00000098954,external_gene_name
stard13b,stard13b,ENSDARG00000098954,zfin_id_symbol
stard15,stard15,ENSDARG00000071585,external_gene_name
stard15,stard15,ENSDARG00000071585,zfin_id_symbol
stard3,stard3,ENSDARG00000017809,external_gene_name
stard3,stard3,ENSDARG00000017809,zfin_id_symbol
stard4,stard4,ENSDARG00000102477,external_gene_name
stard4,stard4,ENSDARG00000102477,zfin_id_symbol
stard5,stard5,ENSDARG00000076117,external_gene_name
stard5,stard5,ENSDARG00000076117,zfin_id_symbol
stard7,stard7,ENSDARG00000074858,external_gene_name
stard7,stard7,ENSDARG00000074858,zfin_id_symbol
stard8,stard8,ENSDARG00000014003,external_gene_name
stard8,stard8,ENSDARG00000014003,zfin_id_symbol
stard9,stard9,ENSDARG00000091548,external_gene_name
stard9,stard9,ENSDARG00000091548,zfin_id_symbol
stra6,stra6,ENSDARG00000051874,external_gene_name
stra6,stra6,ENSDARG00000051874,zfin_id_symbol
sts,sts,ENSDARG00000053241,external_gene_name
sts,sts,ENSDARG00000053241,zfin_id_symbol
stt3a,stt3a,ENSDARG00000104953,external_gene_name
stt3a,stt3a,ENSDARG00000104953,zfin_id_symbol
stt3b,stt3b,ENSDARG00000001890,external_gene_name
stt3b,stt3b,ENSDARG00000001890,zfin_id_symbol
stub1,stub1,ENSDARG00000045228,external_gene_name
stub1,stub1,ENSDARG00000045228,zfin_id_symbol
sucla2,sucla2,ENSDARG00000005359,external_gene_name
sucla2,sucla2,ENSDARG00000005359,zfin_id_symbol
suclg1,suclg1,ENSDARG00000052712,external_gene_name
suclg1,suclg1,ENSDARG00000052712,zfin_id_symbol
suclg2,suclg2,ENSDARG00000044914,external_gene_name
suclg2,suclg2,ENSDARG00000044914,zfin_id_symbol
sult1st1,sult1st1,ENSDARG00000028275,external_gene_name
sult1st1,sult1st1,ENSDARG00000028275,zfin_id_symbol
sult1st2,sult1st2,ENSDARG00000041540,external_gene_name
sult1st2,sult1st2,ENSDARG00000041540,zfin_id_symbol
sult1st5,sult1st5,ENSDARG00000003475,external_gene_name
sult1st5,sult1st5,ENSDARG00000003475,zfin_id_symbol
sult1st6,sult1st6,ENSDARG00000006811,external_gene_name
sult1st6,sult1st6,ENSDARG00000006811,zfin_id_symbol
sult1st7,sult1st7,ENSDARG00000079079,external_gene_name
sult1st7,sult1st7,ENSDARG00000079079,zfin_id_symbol
sult2st3,sult2st3,ENSDARG00000028367,external_gene_name
sult2st3,sult2st3,ENSDARG00000028367,zfin_id_symbol
sult3st1,sult3st1,ENSDARG00000009885,external_gene_name
sult3st1,sult3st1,ENSDARG00000009885,zfin_id_symbol
sult3st2,sult3st2,ENSDARG00000093619,external_gene_name
sult3st2,sult3st2,ENSDARG00000093619,zfin_id_symbol
sult3st3,sult3st3,ENSDARG00000042920,external_gene_name
sult3st3,sult3st3,ENSDARG00000042920,zfin_id_symbol
sult3st4,sult3st4,ENSDARG00000040781,external_gene_name
sult3st4,sult3st4,ENSDARG00000040781,zfin_id_symbol
sult3st5,sult3st5,ENSDARG00000071495,external_gene_name
sult3st5,sult3st5,ENSDARG00000071495,zfin_id_symbol
sult4a1,sult4a1,ENSDARG00000101967,external_gene_name
sult4a1,sult4a1,ENSDARG00000101967,zfin_id_symbol
suox,suox,ENSDARG00000091574,external_gene_name
suox,suox,ENSDARG00000091574,zfin_id_symbol
suv39h1a,suv39h1a,ENSDARG00000026799,external_gene_name
suv39h1a,suv39h1a,ENSDARG00000026799,zfin_id_symbol
suv39h1b,suv39h1b,ENSDARG00000055753,external_gene_name
suv39h1b,suv39h1b,ENSDARG00000055753,zfin_id_symbol
syce2,syce2,ENSDARG00000103187,external_gene_name
syce2,syce2,ENSDARG00000103187,zfin_id_symbol
synj1,synj1,ENSDARG00000025011,external_gene_name
synj1,synj1,ENSDARG00000025011,zfin_id_symbol
syvn1,syvn1,ENSDARG00000017842,external_gene_name
syvn1,syvn1,ENSDARG00000017842,zfin_id_symbol
taf9,taf9,ENSDARG00000077870,external_gene_name
taf9,taf9,ENSDARG00000077870,zfin_id_symbol
taldo1,taldo1,ENSDARG00000103369,external_gene_name
taldo1,taldo1,ENSDARG00000103369,zfin_id_symbol
tars1,tars1,ENSDARG00000013250,external_gene_name
tars1,tars1,ENSDARG00000013250,zfin_id_symbol
tat,tat,ENSDARG00000069630,external_gene_name
tat,tat,ENSDARG00000069630,zfin_id_symbol
tbcb,tbcb,ENSDARG00000068404,external_gene_name
tbcb,tbcb,ENSDARG00000068404,zfin_id_symbol
tbl1x,tbl1x,ENSDARG00000060438,external_gene_name
tbl1x,tbl1x,ENSDARG00000060438,zfin_id_symbol
tbl1xr1a,tbl1xr1a,ENSDARG00000058696,external_gene_name
tbl1xr1a,tbl1xr1a,ENSDARG00000058696,zfin_id_symbol
tbxas1,tbxas1,ENSDARG00000002249,external_gene_name
tbxas1,tbxas1,ENSDARG00000002249,zfin_id_symbol
tcirg1a,tcirg1a,ENSDARG00000016835,external_gene_name
tcirg1a,tcirg1a,ENSDARG00000016835,zfin_id_symbol
tcn2,tcn2,ENSDARG00000036481,external_gene_name
tcn2,tcn2,ENSDARG00000036481,zfin_id_symbol
tdh,tdh,ENSDARG00000002745,external_gene_name
tdh,tdh,ENSDARG00000002745,zfin_id_symbol
tdo2a,tdo2a,ENSDARG00000071429,external_gene_name
tdo2a,tdo2a,ENSDARG00000071429,zfin_id_symbol
tecrb,tecrb,ENSDARG00000025904,external_gene_name
tecrb,tecrb,ENSDARG00000025904,zfin_id_symbol
tecrl2b,tecrl2b,ENSDARG00000039979,external_gene_name
tecrl2b,tecrl2b,ENSDARG00000039979,zfin_id_symbol
tent2,tent2,ENSDARG00000099679,external_gene_name
tent2,tent2,ENSDARG00000099679,zfin_id_symbol
tent4a,tent4a,ENSDARG00000062114,external_gene_name
tent4a,tent4a,ENSDARG00000062114,zfin_id_symbol
tfb1m,tfb1m,ENSDARG00000040727,external_gene_name
tfb1m,tfb1m,ENSDARG00000040727,zfin_id_symbol
tfb2m,tfb2m,ENSDARG00000074756,external_gene_name
tfb2m,tfb2m,ENSDARG00000074756,zfin_id_symbol
tfr1a,tfr1a,ENSDARG00000101322,external_gene_name
tfr1a,tfr1a,ENSDARG00000101322,zfin_id_symbol
tgm1l3,tgm1l3,ENSDARG00000005913,external_gene_name
tgm1l3,tgm1l3,ENSDARG00000005913,zfin_id_symbol
tgm2b,tgm2b,ENSDARG00000074094,external_gene_name
tgm2b,tgm2b,ENSDARG00000074094,zfin_id_symbol
tgm5l,tgm5l,ENSDARG00000098837,external_gene_name
tgm5l,tgm5l,ENSDARG00000098837,zfin_id_symbol
tgs1,tgs1,ENSDARG00000107511,external_gene_name
tgs1,tgs1,ENSDARG00000107511,zfin_id_symbol
th,th,ENSDARG00000030621,external_gene_name
th,th,ENSDARG00000030621,zfin_id_symbol
tha1,tha1,ENSDARG00000076225,external_gene_name
tha1,tha1,ENSDARG00000076225,zfin_id_symbol
thop1,thop1,ENSDARG00000013776,external_gene_name
thop1,thop1,ENSDARG00000013776,zfin_id_symbol
thtpa,thtpa,ENSDARG00000063049,external_gene_name
thtpa,thtpa,ENSDARG00000063049,zfin_id_symbol
tiam2a,tiam2a,ENSDARG00000087780,external_gene_name
tiam2a,tiam2a,ENSDARG00000087780,zfin_id_symbol
ticrr,ticrr,ENSDARG00000045605,external_gene_name
ticrr,ticrr,ENSDARG00000045605,zfin_id_symbol
tigara,tigara,ENSDARG00000051749,external_gene_name
tigara,tigara,ENSDARG00000051749,zfin_id_symbol
tigarb,tigarb,ENSDARG00000045858,external_gene_name
tigarb,tigarb,ENSDARG00000045858,zfin_id_symbol
tiparp,tiparp,ENSDARG00000061841,external_gene_name
tiparp,tiparp,ENSDARG00000061841,zfin_id_symbol
tk1,tk1,ENSDARG00000102245,external_gene_name
tk1,tk1,ENSDARG00000102245,zfin_id_symbol
tk2,tk2,ENSDARG00000046127,external_gene_name
tk2,tk2,ENSDARG00000046127,zfin_id_symbol
tkfc,tkfc,ENSDARG00000062085,external_gene_name
tkfc,tkfc,ENSDARG00000062085,zfin_id_symbol
tkta,tkta,ENSDARG00000029689,external_gene_name
tkta,tkta,ENSDARG00000029689,zfin_id_symbol
tktb,tktb,ENSDARG00000006019,external_gene_name
tktb,tktb,ENSDARG00000006019,zfin_id_symbol
tm7sf2,tm7sf2,ENSDARG00000032816,external_gene_name
tm7sf2,tm7sf2,ENSDARG00000032816,zfin_id_symbol
tmem54a,tmem54a,ENSDARG00000059247,external_gene_name
tmem54a,tmem54a,ENSDARG00000059247,zfin_id_symbol
tmem91,tmem91,ENSDARG00000068456,external_gene_name
tmem91,tmem91,ENSDARG00000068456,zfin_id_symbol
tmlhe,tmlhe,ENSDARG00000077547,external_gene_name
tmlhe,tmlhe,ENSDARG00000077547,zfin_id_symbol
tmppe,tmppe,ENSDARG00000036059,external_gene_name
tmppe,tmppe,ENSDARG00000036059,zfin_id_symbol
tmx3a,tmx3a,ENSDARG00000038894,external_gene_name
tmx3a,tmx3a,ENSDARG00000038894,zfin_id_symbol
tmx3b,tmx3b,ENSDARG00000088466,external_gene_name
tmx3b,tmx3b,ENSDARG00000088466,zfin_id_symbol
tnfrsf21,tnfrsf21,ENSDARG00000001807,external_gene_name
tnfrsf21,tnfrsf21,ENSDARG00000001807,zfin_id_symbol
tnksb,tnksb,ENSDARG00000062897,external_gene_name
tnksb,tnksb,ENSDARG00000062897,zfin_id_symbol
tnni3k,tnni3k,ENSDARG00000086933,external_gene_name
tnni3k,tnni3k,ENSDARG00000086933,zfin_id_symbol
tnrc6bb.1,tnrc6bb.1,ENSDARG00000079723,external_gene_name
tnrc6bb.1,tnrc6bb.1,ENSDARG00000079723,zfin_id_symbol
tns2b,tns2b,ENSDARG00000068397,external_gene_name
tns2b,tns2b,ENSDARG00000068397,zfin_id_symbol
tomt,tomt,ENSDARG00000115463,external_gene_name
tomt,tomt,ENSDARG00000115463,zfin_id_symbol
toporsa,toporsa,ENSDARG00000037260,external_gene_name
toporsa,toporsa,ENSDARG00000037260,zfin_id_symbol
tph1b,tph1b,ENSDARG00000036082,external_gene_name
tph1b,tph1b,ENSDARG00000036082,zfin_id_symbol
tph2,tph2,ENSDARG00000057239,external_gene_name
tph2,tph2,ENSDARG00000057239,zfin_id_symbol
tpi1b,tpi1b,ENSDARG00000040988,external_gene_name
tpi1b,tpi1b,ENSDARG00000040988,zfin_id_symbol
tpk1,tpk1,ENSDARG00000038040,external_gene_name
tpk1,tpk1,ENSDARG00000038040,zfin_id_symbol
tpmt.1,tpmt.1,ENSDARG00000055974,external_gene_name
tpmt.1,tpmt.1,ENSDARG00000055974,zfin_id_symbol
tpp1,tpp1,ENSDARG00000042793,external_gene_name
tpp1,tpp1,ENSDARG00000042793,zfin_id_symbol
tprb,tprb,ENSDARG00000016630,external_gene_name
tprb,tprb,ENSDARG00000016630,zfin_id_symbol
tpst1,tpst1,ENSDARG00000073872,external_gene_name
tpst1,tpst1,ENSDARG00000073872,zfin_id_symbol
tpst2,tpst2,ENSDARG00000099155,external_gene_name
tpst2,tpst2,ENSDARG00000099155,zfin_id_symbol
tpte,tpte,ENSDARG00000056985,external_gene_name
tpte,tpte,ENSDARG00000056985,zfin_id_symbol
traf7,traf7,ENSDARG00000060207,external_gene_name
traf7,traf7,ENSDARG00000060207,zfin_id_symbol
trdmt1,trdmt1,ENSDARG00000034518,external_gene_name
trdmt1,trdmt1,ENSDARG00000034518,zfin_id_symbol
treh,treh,ENSDARG00000077911,external_gene_name
treh,treh,ENSDARG00000077911,zfin_id_symbol
trhde.1,trhde.1,ENSDARG00000109358,external_gene_name
trhde.1,trhde.1,ENSDARG00000109358,zfin_id_symbol
trhde.2,trhde.2,ENSDARG00000111837,external_gene_name
trhde.2,trhde.2,ENSDARG00000111837,zfin_id_symbol
trib3,trib3,ENSDARG00000016200,external_gene_name
trib3,trib3,ENSDARG00000016200,zfin_id_symbol
trim33,trim33,ENSDARG00000016181,external_gene_name
trim33,trim33,ENSDARG00000016181,zfin_id_symbol
trim63a,trim63a,ENSDARG00000028027,external_gene_name
trim63a,trim63a,ENSDARG00000028027,zfin_id_symbol
trip12,trip12,ENSDARG00000061397,external_gene_name
trip12,trip12,ENSDARG00000061397,zfin_id_symbol
trit1,trit1,ENSDARG00000032876,external_gene_name
trit1,trit1,ENSDARG00000032876,zfin_id_symbol
trmt1,trmt1,ENSDARG00000010978,external_gene_name
trmt1,trmt1,ENSDARG00000010978,zfin_id_symbol
trmt10a,trmt10a,ENSDARG00000036678,external_gene_name
trmt10a,trmt10a,ENSDARG00000036678,zfin_id_symbol
trmt10b,trmt10b,ENSDARG00000060176,external_gene_name
trmt10b,trmt10b,ENSDARG00000060176,zfin_id_symbol
trmt10c,trmt10c,ENSDARG00000041575,external_gene_name
trmt10c,trmt10c,ENSDARG00000041575,zfin_id_symbol
trmt11,trmt11,ENSDARG00000040033,external_gene_name
trmt11,trmt11,ENSDARG00000040033,zfin_id_symbol
trmt13,trmt13,ENSDARG00000102846,external_gene_name
trmt13,trmt13,ENSDARG00000102846,zfin_id_symbol
trmt1l,trmt1l,ENSDARG00000042057,external_gene_name
trmt1l,trmt1l,ENSDARG00000042057,zfin_id_symbol
trmt9b,trmt9b,ENSDARG00000102636,external_gene_name
trmt9b,trmt9b,ENSDARG00000102636,zfin_id_symbol
trmu,trmu,ENSDARG00000043734,external_gene_name
trmu,trmu,ENSDARG00000043734,zfin_id_symbol
trnt1,trnt1,ENSDARG00000075297,external_gene_name
trnt1,trnt1,ENSDARG00000075297,zfin_id_symbol
trpm2,trpm2,ENSDARG00000101641,external_gene_name
trpm2,trpm2,ENSDARG00000101641,zfin_id_symbol
ttc3,ttc3,ENSDARG00000086075,external_gene_name
ttc3,ttc3,ENSDARG00000086075,zfin_id_symbol
ttl,ttl,ENSDARG00000062418,external_gene_name
ttl,ttl,ENSDARG00000062418,zfin_id_symbol
ttll10,ttll10,ENSDARG00000090472,external_gene_name
ttll10,ttll10,ENSDARG00000090472,zfin_id_symbol
tufm,tufm,ENSDARG00000104173,external_gene_name
tufm,tufm,ENSDARG00000104173,zfin_id_symbol
tusc3,tusc3,ENSDARG00000078854,external_gene_name
tusc3,tusc3,ENSDARG00000078854,zfin_id_symbol
tut1,tut1,ENSDARG00000057321,external_gene_name
tut1,tut1,ENSDARG00000057321,zfin_id_symbol
tut4,tut4,ENSDARG00000070271,external_gene_name
tut4,tut4,ENSDARG00000070271,zfin_id_symbol
txn2,txn2,ENSDARG00000034777,external_gene_name
txn2,txn2,ENSDARG00000034777,zfin_id_symbol
txnrd2.2,txnrd2.2,ENSDARG00000075923,external_gene_name
txnrd2.2,txnrd2.2,ENSDARG00000075923,zfin_id_symbol
txnrd2.2,txnrd2.2,ENSDARG00000094470,external_gene_name
txnrd2.2,txnrd2.2,ENSDARG00000094470,zfin_id_symbol
txnrd3,txnrd3,ENSDARG00000100374,external_gene_name
txnrd3,txnrd3,ENSDARG00000100374,zfin_id_symbol
tymp,tymp,ENSDARG00000099821,external_gene_name
tymp,tymp,ENSDARG00000099821,zfin_id_symbol
tyms,tyms,ENSDARG00000042894,external_gene_name
tyms,tyms,ENSDARG00000042894,zfin_id_symbol
tyr,tyr,ENSDARG00000039077,external_gene_name
tyr,tyr,ENSDARG00000039077,zfin_id_symbol
tyrp1b,tyrp1b,ENSDARG00000056151,external_gene_name
tyrp1b,tyrp1b,ENSDARG00000056151,zfin_id_symbol
tyw3,tyw3,ENSDARG00000038222,external_gene_name
tyw3,tyw3,ENSDARG00000038222,zfin_id_symbol
uap1,uap1,ENSDARG00000052170,external_gene_name
uap1,uap1,ENSDARG00000052170,zfin_id_symbol
uap1l1,uap1l1,ENSDARG00000013082,external_gene_name
uap1l1,uap1l1,ENSDARG00000013082,zfin_id_symbol
uba1,uba1,ENSDARG00000037559,external_gene_name
uba1,uba1,ENSDARG00000037559,zfin_id_symbol
uba2,uba2,ENSDARG00000101332,external_gene_name
uba2,uba2,ENSDARG00000101332,zfin_id_symbol
uba3,uba3,ENSDARG00000057987,external_gene_name
uba3,uba3,ENSDARG00000057987,zfin_id_symbol
uba6,uba6,ENSDARG00000080019,external_gene_name
uba6,uba6,ENSDARG00000080019,zfin_id_symbol
uba7,uba7,ENSDARG00000061222,external_gene_name
uba7,uba7,ENSDARG00000061222,zfin_id_symbol
ubac2,ubac2,ENSDARG00000093065,external_gene_name
ubac2,ubac2,ENSDARG00000093065,zfin_id_symbol
ube2a,ube2a,ENSDARG00000098466,external_gene_name
ube2a,ube2a,ENSDARG00000098466,zfin_id_symbol
ube2b,ube2b,ENSDARG00000026035,external_gene_name
ube2b,ube2b,ENSDARG00000026035,zfin_id_symbol
ube2c,ube2c,ENSDARG00000101618,external_gene_name
ube2c,ube2c,ENSDARG00000101618,zfin_id_symbol
ube2d1b,ube2d1b,ENSDARG00000038576,external_gene_name
ube2d1b,ube2d1b,ENSDARG00000038576,zfin_id_symbol
ube2d2,ube2d2,ENSDARG00000043484,external_gene_name
ube2d2,ube2d2,ENSDARG00000043484,zfin_id_symbol
ube2d3,ube2d3,ENSDARG00000038473,external_gene_name
ube2d3,ube2d3,ENSDARG00000038473,zfin_id_symbol
ube2d4,ube2d4,ENSDARG00000015057,external_gene_name
ube2d4,ube2d4,ENSDARG00000015057,zfin_id_symbol
ube2e1,ube2e1,ENSDARG00000116649,external_gene_name
ube2e1,ube2e1,ENSDARG00000116649,zfin_id_symbol
ube2e2,ube2e2,ENSDARG00000034670,external_gene_name
ube2e2,ube2e2,ENSDARG00000034670,zfin_id_symbol
ube2e3,ube2e3,ENSDARG00000012244,external_gene_name
ube2e3,ube2e3,ENSDARG00000012244,zfin_id_symbol
ube2f,ube2f,ENSDARG00000025754,external_gene_name
ube2f,ube2f,ENSDARG00000025754,zfin_id_symbol
ube2g1a,ube2g1a,ENSDARG00000015292,external_gene_name
ube2g1a,ube2g1a,ENSDARG00000015292,zfin_id_symbol
ube2g2,ube2g2,ENSDARG00000025404,external_gene_name
ube2g2,ube2g2,ENSDARG00000025404,zfin_id_symbol
ube2h,ube2h,ENSDARG00000000019,external_gene_name
ube2h,ube2h,ENSDARG00000000019,zfin_id_symbol
ube2ia,ube2ia,ENSDARG00000052649,external_gene_name
ube2ia,ube2ia,ENSDARG00000052649,zfin_id_symbol
ube2j1,ube2j1,ENSDARG00000033489,external_gene_name
ube2j1,ube2j1,ENSDARG00000033489,zfin_id_symbol
ube2j2,ube2j2,ENSDARG00000061161,external_gene_name
ube2j2,ube2j2,ENSDARG00000061161,zfin_id_symbol
ube2kb,ube2kb,ENSDARG00000013505,external_gene_name
ube2kb,ube2kb,ENSDARG00000013505,zfin_id_symbol
ube2l3b,ube2l3b,ENSDARG00000027141,external_gene_name
ube2l3b,ube2l3b,ENSDARG00000027141,zfin_id_symbol
ube2na,ube2na,ENSDARG00000008748,external_gene_name
ube2na,ube2na,ENSDARG00000008748,zfin_id_symbol
ube2o,ube2o,ENSDARG00000117236,external_gene_name
ube2o,ube2o,ENSDARG00000117236,zfin_id_symbol
ube2q1,ube2q1,ENSDARG00000100766,external_gene_name
ube2q1,ube2q1,ENSDARG00000100766,zfin_id_symbol
ube2q2,ube2q2,ENSDARG00000013990,external_gene_name
ube2q2,ube2q2,ENSDARG00000013990,zfin_id_symbol
ube2ql1,ube2ql1,ENSDARG00000079276,external_gene_name
ube2ql1,ube2ql1,ENSDARG00000079276,zfin_id_symbol
ube2r2,ube2r2,ENSDARG00000058740,external_gene_name
ube2r2,ube2r2,ENSDARG00000058740,zfin_id_symbol
ube2s,ube2s,ENSDARG00000031775,external_gene_name
ube2s,ube2s,ENSDARG00000031775,zfin_id_symbol
ube2t,ube2t,ENSDARG00000063285,external_gene_name
ube2t,ube2t,ENSDARG00000063285,zfin_id_symbol
ube2wb,ube2wb,ENSDARG00000045360,external_gene_name
ube2wb,ube2wb,ENSDARG00000045360,zfin_id_symbol
ube2z,ube2z,ENSDARG00000029215,external_gene_name
ube2z,ube2z,ENSDARG00000029215,zfin_id_symbol
ube3a,ube3a,ENSDARG00000055737,external_gene_name
ube3a,ube3a,ENSDARG00000055737,zfin_id_symbol
ube3b,ube3b,ENSDARG00000061960,external_gene_name
ube3b,ube3b,ENSDARG00000061960,zfin_id_symbol
ube3c,ube3c,ENSDARG00000035978,external_gene_name
ube3c,ube3c,ENSDARG00000035978,zfin_id_symbol
ube4a,ube4a,ENSDARG00000040571,external_gene_name
ube4a,ube4a,ENSDARG00000040571,zfin_id_symbol
ube4b,ube4b,ENSDARG00000037017,external_gene_name
ube4b,ube4b,ENSDARG00000037017,zfin_id_symbol
ubiad1,ubiad1,ENSDARG00000013009,external_gene_name
ubiad1,ubiad1,ENSDARG00000013009,zfin_id_symbol
ubr1,ubr1,ENSDARG00000060480,external_gene_name
ubr1,ubr1,ENSDARG00000060480,zfin_id_symbol
ubr2,ubr2,ENSDARG00000070164,external_gene_name
ubr2,ubr2,ENSDARG00000070164,zfin_id_symbol
ubr3,ubr3,ENSDARG00000042508,external_gene_name
ubr3,ubr3,ENSDARG00000042508,zfin_id_symbol
ubr4,ubr4,ENSDARG00000009549,external_gene_name
ubr4,ubr4,ENSDARG00000009549,zfin_id_symbol
ubr5,ubr5,ENSDARG00000018192,external_gene_name
ubr5,ubr5,ENSDARG00000018192,zfin_id_symbol
ubr7,ubr7,ENSDARG00000005536,external_gene_name
ubr7,ubr7,ENSDARG00000005536,zfin_id_symbol
uck1,uck1,ENSDARG00000022218,external_gene_name
uck1,uck1,ENSDARG00000022218,zfin_id_symbol
uck2a,uck2a,ENSDARG00000006074,external_gene_name
uck2a,uck2a,ENSDARG00000006074,zfin_id_symbol
uckl1b,uckl1b,ENSDARG00000078973,external_gene_name
uckl1b,uckl1b,ENSDARG00000078973,zfin_id_symbol
ucp1,ucp1,ENSDARG00000023151,external_gene_name
ucp1,ucp1,ENSDARG00000023151,zfin_id_symbol
ucp2,ucp2,ENSDARG00000043154,external_gene_name
ucp2,ucp2,ENSDARG00000043154,zfin_id_symbol
ucp3,ucp3,ENSDARG00000091209,external_gene_name
ucp3,ucp3,ENSDARG00000091209,zfin_id_symbol
uevld,uevld,ENSDARG00000009266,external_gene_name
uevld,uevld,ENSDARG00000009266,zfin_id_symbol
ugcg,ugcg,ENSDARG00000058221,external_gene_name
ugcg,ugcg,ENSDARG00000058221,zfin_id_symbol
ugdh,ugdh,ENSDARG00000019838,external_gene_name
ugdh,ugdh,ENSDARG00000019838,zfin_id_symbol
uggt1,uggt1,ENSDARG00000054746,external_gene_name
uggt1,uggt1,ENSDARG00000054746,zfin_id_symbol
uggt2,uggt2,ENSDARG00000062089,external_gene_name
uggt2,uggt2,ENSDARG00000062089,zfin_id_symbol
ugp2a,ugp2a,ENSDARG00000005578,external_gene_name
ugp2a,ugp2a,ENSDARG00000005578,zfin_id_symbol
ugp2b,ugp2b,ENSDARG00000008200,external_gene_name
ugp2b,ugp2b,ENSDARG00000008200,zfin_id_symbol
ugt1ab,ugt1ab,ENSDARG00000006220,external_gene_name
ugt1ab,ugt1ab,ENSDARG00000006220,zfin_id_symbol
ugt2a5,ugt2a5,ENSDARG00000011537,external_gene_name
ugt2a5,ugt2a5,ENSDARG00000011537,zfin_id_symbol
ugt2a5,ugt2a5,ENSDARG00000039501,external_gene_name
ugt2a5,ugt2a5,ENSDARG00000039501,zfin_id_symbol
ugt8,ugt8,ENSDARG00000037455,external_gene_name
ugt8,ugt8,ENSDARG00000037455,zfin_id_symbol
uhrf1,uhrf1,ENSDARG00000103409,external_gene_name
uhrf1,uhrf1,ENSDARG00000103409,zfin_id_symbol
umps,umps,ENSDARG00000012215,external_gene_name
umps,umps,ENSDARG00000012215,zfin_id_symbol
unm_hu7910,unm_hu7910,ENSDARG00000078703,external_gene_name
unm_hu7910,unm_hu7910,ENSDARG00000078703,zfin_id_symbol
uox,uox,ENSDARG00000007024,external_gene_name
uox,uox,ENSDARG00000007024,zfin_id_symbol
upb1,upb1,ENSDARG00000011521,external_gene_name
upb1,upb1,ENSDARG00000011521,zfin_id_symbol
upp1,upp1,ENSDARG00000040869,external_gene_name
upp1,upp1,ENSDARG00000040869,zfin_id_symbol
upp2,upp2,ENSDARG00000036833,external_gene_name
upp2,upp2,ENSDARG00000036833,zfin_id_symbol
uprt,uprt,ENSDARG00000035549,external_gene_name
uprt,uprt,ENSDARG00000035549,zfin_id_symbol
uqcr10,uqcr10,ENSDARG00000104517,external_gene_name
uqcr10,uqcr10,ENSDARG00000104517,zfin_id_symbol
uqcrb,uqcrb,ENSDARG00000011146,external_gene_name
uqcrb,uqcrb,ENSDARG00000011146,zfin_id_symbol
uqcrc1,uqcrc1,ENSDARG00000052304,external_gene_name
uqcrc1,uqcrc1,ENSDARG00000052304,zfin_id_symbol
uqcrc2b,uqcrc2b,ENSDARG00000071691,external_gene_name
uqcrc2b,uqcrc2b,ENSDARG00000071691,zfin_id_symbol
uqcrfs1,uqcrfs1,ENSDARG00000007745,external_gene_name
uqcrfs1,uqcrfs1,ENSDARG00000007745,zfin_id_symbol
uqcrh,uqcrh,ENSDARG00000059128,external_gene_name
uqcrh,uqcrh,ENSDARG00000059128,zfin_id_symbol
uqcrq,uqcrq,ENSDARG00000029064,external_gene_name
uqcrq,uqcrq,ENSDARG00000029064,zfin_id_symbol
urad,urad,ENSDARG00000071579,external_gene_name
urad,urad,ENSDARG00000071579,zfin_id_symbol
uraha,uraha,ENSDARG00000100719,external_gene_name
uraha,uraha,ENSDARG00000100719,zfin_id_symbol
urahb,urahb,ENSDARG00000089331,external_gene_name
urahb,urahb,ENSDARG00000089331,zfin_id_symbol
uroc1,uroc1,ENSDARG00000070394,external_gene_name
uroc1,uroc1,ENSDARG00000070394,zfin_id_symbol
urod,urod,ENSDARG00000006818,external_gene_name
urod,urod,ENSDARG00000006818,zfin_id_symbol
uros,uros,ENSDARG00000027491,external_gene_name
uros,uros,ENSDARG00000027491,zfin_id_symbol
usp1,usp1,ENSDARG00000056414,external_gene_name
usp1,usp1,ENSDARG00000056414,zfin_id_symbol
usp10,usp10,ENSDARG00000103422,external_gene_name
usp10,usp10,ENSDARG00000103422,zfin_id_symbol
usp11,usp11,ENSDARG00000076303,external_gene_name
usp11,usp11,ENSDARG00000076303,zfin_id_symbol
usp12a,usp12a,ENSDARG00000078109,external_gene_name
usp12a,usp12a,ENSDARG00000078109,zfin_id_symbol
usp13,usp13,ENSDARG00000079198,external_gene_name
usp13,usp13,ENSDARG00000079198,zfin_id_symbol
usp14,usp14,ENSDARG00000025889,external_gene_name
usp14,usp14,ENSDARG00000025889,zfin_id_symbol
usp16,usp16,ENSDARG00000060633,external_gene_name
usp16,usp16,ENSDARG00000060633,zfin_id_symbol
usp18,usp18,ENSDARG00000088078,external_gene_name
usp18,usp18,ENSDARG00000088078,zfin_id_symbol
usp19,usp19,ENSDARG00000004132,external_gene_name
usp19,usp19,ENSDARG00000004132,zfin_id_symbol
usp20,usp20,ENSDARG00000027501,external_gene_name
usp20,usp20,ENSDARG00000027501,zfin_id_symbol
usp21,usp21,ENSDARG00000094280,external_gene_name
usp21,usp21,ENSDARG00000094280,zfin_id_symbol
usp22,usp22,ENSDARG00000040407,external_gene_name
usp22,usp22,ENSDARG00000040407,zfin_id_symbol
usp24,usp24,ENSDARG00000059925,external_gene_name
usp24,usp24,ENSDARG00000059925,zfin_id_symbol
usp25,usp25,ENSDARG00000012314,external_gene_name
usp25,usp25,ENSDARG00000012314,zfin_id_symbol
usp28,usp28,ENSDARG00000008880,external_gene_name
usp28,usp28,ENSDARG00000008880,zfin_id_symbol
usp2a,usp2a,ENSDARG00000020107,external_gene_name
usp2a,usp2a,ENSDARG00000020107,zfin_id_symbol
usp3,usp3,ENSDARG00000045641,external_gene_name
usp3,usp3,ENSDARG00000045641,zfin_id_symbol
usp30,usp30,ENSDARG00000056842,external_gene_name
usp30,usp30,ENSDARG00000056842,zfin_id_symbol
usp31,usp31,ENSDARG00000074017,external_gene_name
usp31,usp31,ENSDARG00000074017,zfin_id_symbol
usp32,usp32,ENSDARG00000061895,external_gene_name
usp32,usp32,ENSDARG00000061895,zfin_id_symbol
usp33,usp33,ENSDARG00000016163,external_gene_name
usp33,usp33,ENSDARG00000016163,zfin_id_symbol
usp34,usp34,ENSDARG00000102252,external_gene_name
usp34,usp34,ENSDARG00000102252,zfin_id_symbol
usp36,usp36,ENSDARG00000032327,external_gene_name
usp36,usp36,ENSDARG00000032327,zfin_id_symbol
usp37,usp37,ENSDARG00000040990,external_gene_name
usp37,usp37,ENSDARG00000040990,zfin_id_symbol
usp38,usp38,ENSDARG00000075798,external_gene_name
usp38,usp38,ENSDARG00000075798,zfin_id_symbol
usp4,usp4,ENSDARG00000014770,external_gene_name
usp4,usp4,ENSDARG00000014770,zfin_id_symbol
usp40,usp40,ENSDARG00000071197,external_gene_name
usp40,usp40,ENSDARG00000071197,zfin_id_symbol
usp42,usp42,ENSDARG00000077300,external_gene_name
usp42,usp42,ENSDARG00000077300,zfin_id_symbol
usp43b,usp43b,ENSDARG00000088072,external_gene_name
usp43b,usp43b,ENSDARG00000088072,zfin_id_symbol
usp44,usp44,ENSDARG00000089861,external_gene_name
usp44,usp44,ENSDARG00000089861,zfin_id_symbol
usp45,usp45,ENSDARG00000075013,external_gene_name
usp45,usp45,ENSDARG00000075013,zfin_id_symbol
usp46,usp46,ENSDARG00000045343,external_gene_name
usp46,usp46,ENSDARG00000045343,zfin_id_symbol
usp47,usp47,ENSDARG00000102645,external_gene_name
usp47,usp47,ENSDARG00000102645,zfin_id_symbol
usp48,usp48,ENSDARG00000090301,external_gene_name
usp48,usp48,ENSDARG00000090301,zfin_id_symbol
usp49,usp49,ENSDARG00000000229,external_gene_name
usp49,usp49,ENSDARG00000000229,zfin_id_symbol
usp5,usp5,ENSDARG00000014517,external_gene_name
usp5,usp5,ENSDARG00000014517,zfin_id_symbol
usp7,usp7,ENSDARG00000073710,external_gene_name
usp7,usp7,ENSDARG00000073710,zfin_id_symbol
usp8,usp8,ENSDARG00000063719,external_gene_name
usp8,usp8,ENSDARG00000063719,zfin_id_symbol
usp9,usp9,ENSDARG00000013708,external_gene_name
usp9,usp9,ENSDARG00000013708,zfin_id_symbol
usta,usta,ENSDARG00000006044,external_gene_name
usta,usta,ENSDARG00000006044,zfin_id_symbol
uxs1,uxs1,ENSDARG00000056102,external_gene_name
uxs1,uxs1,ENSDARG00000056102,zfin_id_symbol
vapal,vapal,ENSDARG00000115862,external_gene_name
vapal,vapal,ENSDARG00000115862,zfin_id_symbol
vapb,vapb,ENSDARG00000070435,external_gene_name
vapb,vapb,ENSDARG00000070435,zfin_id_symbol
vars1,vars1,ENSDARG00000044575,external_gene_name
vars1,vars1,ENSDARG00000044575,zfin_id_symbol
vcpkmt,vcpkmt,ENSDARG00000060021,external_gene_name
vcpkmt,vcpkmt,ENSDARG00000060021,zfin_id_symbol
vkorc1,vkorc1,ENSDARG00000086183,external_gene_name
vkorc1,vkorc1,ENSDARG00000086183,zfin_id_symbol
vps29,vps29,ENSDARG00000069521,external_gene_name
vps29,vps29,ENSDARG00000069521,zfin_id_symbol
wars1,wars1,ENSDARG00000100954,external_gene_name
wars1,wars1,ENSDARG00000100954,zfin_id_symbol
wwox,wwox,ENSDARG00000007614,external_gene_name
wwox,wwox,ENSDARG00000007614,zfin_id_symbol
wwp2,wwp2,ENSDARG00000061345,external_gene_name
wwp2,wwp2,ENSDARG00000061345,zfin_id_symbol
xdh,xdh,ENSDARG00000055240,external_gene_name
xdh,xdh,ENSDARG00000055240,zfin_id_symbol
xpo6,xpo6,ENSDARG00000041217,external_gene_name
xpo6,xpo6,ENSDARG00000041217,zfin_id_symbol
xpo7,xpo7,ENSDARG00000005540,external_gene_name
xpo7,xpo7,ENSDARG00000005540,zfin_id_symbol
xylb,xylb,ENSDARG00000043260,external_gene_name
xylb,xylb,ENSDARG00000043260,zfin_id_symbol
xylt1,xylt1,ENSDARG00000061248,external_gene_name
xylt1,xylt1,ENSDARG00000061248,zfin_id_symbol
xylt2,xylt2,ENSDARG00000059557,external_gene_name
xylt2,xylt2,ENSDARG00000059557,zfin_id_symbol
yars1,yars1,ENSDARG00000035913,external_gene_name
yars1,yars1,ENSDARG00000035913,zfin_id_symbol
ykt6,ykt6,ENSDARG00000038308,external_gene_name
ykt6,ykt6,ENSDARG00000038308,zfin_id_symbol
zdhhc1,zdhhc1,ENSDARG00000077546,external_gene_name
zdhhc1,zdhhc1,ENSDARG00000077546,zfin_id_symbol
zdhhc11,zdhhc11,ENSDARG00000076202,external_gene_name
zdhhc11,zdhhc11,ENSDARG00000076202,zfin_id_symbol
zdhhc12b,zdhhc12b,ENSDARG00000052787,external_gene_name
zdhhc12b,zdhhc12b,ENSDARG00000052787,zfin_id_symbol
zdhhc13,zdhhc13,ENSDARG00000101144,external_gene_name
zdhhc13,zdhhc13,ENSDARG00000101144,zfin_id_symbol
zdhhc14,zdhhc14,ENSDARG00000037069,external_gene_name
zdhhc14,zdhhc14,ENSDARG00000037069,zfin_id_symbol
zdhhc15b,zdhhc15b,ENSDARG00000071872,external_gene_name
zdhhc15b,zdhhc15b,ENSDARG00000071872,zfin_id_symbol
zdhhc16b,zdhhc16b,ENSDARG00000015989,external_gene_name
zdhhc16b,zdhhc16b,ENSDARG00000015989,zfin_id_symbol
zdhhc17,zdhhc17,ENSDARG00000070441,external_gene_name
zdhhc17,zdhhc17,ENSDARG00000070441,zfin_id_symbol
zdhhc18b,zdhhc18b,ENSDARG00000105034,external_gene_name
zdhhc18b,zdhhc18b,ENSDARG00000105034,zfin_id_symbol
zdhhc2,zdhhc2,ENSDARG00000034757,external_gene_name
zdhhc2,zdhhc2,ENSDARG00000034757,zfin_id_symbol
zdhhc20a,zdhhc20a,ENSDARG00000055066,external_gene_name
zdhhc20a,zdhhc20a,ENSDARG00000055066,zfin_id_symbol
zdhhc21,zdhhc21,ENSDARG00000110709,external_gene_name
zdhhc21,zdhhc21,ENSDARG00000110709,zfin_id_symbol
zdhhc22,zdhhc22,ENSDARG00000075170,external_gene_name
zdhhc22,zdhhc22,ENSDARG00000075170,zfin_id_symbol
zdhhc23b,zdhhc23b,ENSDARG00000003899,external_gene_name
zdhhc23b,zdhhc23b,ENSDARG00000003899,zfin_id_symbol
zdhhc24,zdhhc24,ENSDARG00000105134,external_gene_name
zdhhc24,zdhhc24,ENSDARG00000105134,zfin_id_symbol
zdhhc3b,zdhhc3b,ENSDARG00000058830,external_gene_name
zdhhc3b,zdhhc3b,ENSDARG00000058830,zfin_id_symbol
zdhhc4,zdhhc4,ENSDARG00000045159,external_gene_name
zdhhc4,zdhhc4,ENSDARG00000045159,zfin_id_symbol
zdhhc5a,zdhhc5a,ENSDARG00000016263,external_gene_name
zdhhc5a,zdhhc5a,ENSDARG00000016263,zfin_id_symbol
zdhhc5b,zdhhc5b,ENSDARG00000087417,external_gene_name
zdhhc5b,zdhhc5b,ENSDARG00000087417,zfin_id_symbol
zdhhc6,zdhhc6,ENSDARG00000075721,external_gene_name
zdhhc6,zdhhc6,ENSDARG00000075721,zfin_id_symbol
zdhhc7,zdhhc7,ENSDARG00000019484,external_gene_name
zdhhc7,zdhhc7,ENSDARG00000019484,zfin_id_symbol
zdhhc8b,zdhhc8b,ENSDARG00000018508,external_gene_name
zdhhc8b,zdhhc8b,ENSDARG00000018508,zfin_id_symbol
zdhhc9,zdhhc9,ENSDARG00000060515,external_gene_name
zdhhc9,zdhhc9,ENSDARG00000060515,zfin_id_symbol
zgc:101040,zgc:101040,ENSDARG00000005176,external_gene_name
zgc:101040,zgc:101040,ENSDARG00000005176,zfin_id_symbol
zgc:101699,zgc:101699,ENSDARG00000033355,external_gene_name
zgc:101699,zgc:101699,ENSDARG00000033355,zfin_id_symbol
zgc:101765,zgc:101765,ENSDARG00000054934,external_gene_name
zgc:101765,zgc:101765,ENSDARG00000054934,zfin_id_symbol
zgc:110366,zgc:110366,ENSDARG00000004167,external_gene_name
zgc:110366,zgc:110366,ENSDARG00000004167,zfin_id_symbol
zgc:136858,zgc:136858,ENSDARG00000070830,external_gene_name
zgc:136858,zgc:136858,ENSDARG00000070830,zfin_id_symbol
zgc:152670,zgc:152670,ENSDARG00000017038,external_gene_name
zgc:152670,zgc:152670,ENSDARG00000017038,zfin_id_symbol
zgc:152891,zgc:152891,ENSDARG00000016789,external_gene_name
zgc:152891,zgc:152891,ENSDARG00000016789,zfin_id_symbol
zgc:153372,zgc:153372,ENSDARG00000068967,external_gene_name
zgc:153372,zgc:153372,ENSDARG00000068967,zfin_id_symbol
zgc:158482,zgc:158482,ENSDARG00000067520,external_gene_name
zgc:158482,zgc:158482,ENSDARG00000067520,zfin_id_symbol
zgc:158785,zgc:158785,ENSDARG00000062959,external_gene_name
zgc:158785,zgc:158785,ENSDARG00000062959,zfin_id_symbol
zgc:162634,zgc:162634,ENSDARG00000045773,external_gene_name
zgc:162634,zgc:162634,ENSDARG00000045773,zfin_id_symbol
zgc:172295,zgc:172295,ENSDARG00000053456,external_gene_name
zgc:172295,zgc:172295,ENSDARG00000053456,zfin_id_symbol
zgc:64002,zgc:64002,ENSDARG00000086998,external_gene_name
zgc:64002,zgc:64002,ENSDARG00000086998,zfin_id_symbol
zgc:77938,zgc:77938,ENSDARG00000088366,external_gene_name
zgc:77938,zgc:77938,ENSDARG00000088366,zfin_id_symbol
zgc:92040,zgc:92040,ENSDARG00000021154,external_gene_name
zgc:92040,zgc:92040,ENSDARG00000021154,zfin_id_symbol
zmpste24,zmpste24,ENSDARG00000044090,external_gene_name
zmpste24,zmpste24,ENSDARG00000044090,zfin_id_symbol
znrf1,znrf1,ENSDARG00000020475,external_gene_name
znrf1,znrf1,ENSDARG00000020475,zfin_id_symbol
znrf2b,znrf2b,ENSDARG00000098792,external_gene_name
znrf2b,znrf2b,ENSDARG00000098792,zfin_id_symbol
zswim2,zswim2,ENSDARG00000075700,external_gene_name
zswim2,zswim2,ENSDARG00000075700,zfin_id_symbol
