ex_rxn,biomass_class,condition,hpf,n_features,mw_mg_per_mmol,fc,share_mol,mass_share,class_mass_frac,mu_per_hr,mmol_per_gDW,flux_mmol_gDW_hr
MAR00567,Lipid,BL,24,1,312.53,0.7003867906503256,0.025879334730748688,0.024246085485038982,0.06,0.004208,0.004654801552178476,1.9587404931567024e-05
MAR00568,Lipid,BL,24,1,304.47,0.8740815424441424,0.032297366427880905,0.02947870697890263,0.06,0.004208,0.0058091845460444625,2.4445048569755098e-05
MAR00571,Lipid,BL,24,1,330.5,0.7485518806147476,0.02765903774937432,0.027403456347390998,0.06,0.004208,0.004974908867907594,2.0934416516155154e-05
MAR00611,Lipid,BL,24,1,256.42,0.8529858571432465,0.03151787956638613,0.024227338080678996,0.06,0.004208,0.00566898168957468,2.3855074949730254e-05
MAR00621,Lipid,BL,24,1,368.64,1.2446646491842928,0.04599043487650794,0.05082375932909196,0.06,0.004208,0.008272096244969393,3.480898099883121e-05
MAR00626,Lipid,BL,24,1,278.43,0.9659706761641284,0.03569267553622372,0.029791470719156832,0.06,0.004208,0.006419883788203173,2.7014870980758954e-05
MAR00637,Lipid,BL,24,1,366.62,1.155536800717898,0.0426971554270889,0.04692582402469476,0.06,0.004208,0.007679748626593435,3.231638222070517e-05
MAR00639,Lipid,BL,24,1,284.48,0.7423245324747431,0.027428936854909356,0.02339147058850841,0.06,0.004208,0.00493352163705886,2.0760259048743683e-05
MAR00702,Lipid,BL,24,1,228.37,1.1880292659835774,0.0438977540049932,0.03005233106661617,0.06,0.004208,0.007895694986193328,3.3225084501901524e-05
MAR04395,Lipid,BL,24,1,408.19,0.851334004376062,0.03145684350565719,0.03849234015191652,0.06,0.004208,0.005658003403108824,2.3808878320281933e-05
MAR04830,Lipid,BL,24,1,411.58,1.294916062681926,0.04784722767722737,0.05903476711342921,0.06,0.004208,0.008606069359069326,3.621433986296372e-05
MAR04899,Lipid,BL,24,1,259.34,0.16425142165494178,0.006069100071208783,0.00471835504225385,0.06,0.004208,0.001091622204577894,4.593546236863778e-06
MAR04918,Lipid,BL,24,1,287.4,1.4671310198249936,0.054210580871551235,0.04670545817137652,0.06,0.004208,0.009750617572312428,4.10305987442907e-05
MAR04923,Lipid,BL,24,1,343.5,0.7762882585532689,0.02868389860978982,0.02953668369932765,0.06,0.004208,0.00515924606101793,2.1710107424763448e-05
MAR04929,Lipid,BL,24,1,340.58,1.0679707812880845,0.039461585656049646,0.0402893708432242,0.06,0.004208,0.007097780992992694,2.9867462418513254e-05
MAR04950,Lipid,BL,24,1,395.58,0.8984468548541913,0.03319766621093854,0.03936757760317357,0.06,0.004208,0.005971117488726462,2.512646239256095e-05
MAR09815,Lipid,BL,24,1,172.26,1.190447998950339,0.04398712633597762,0.022714691648021396,0.06,0.004208,0.007911769992344619,3.329272812778615e-05
MAR09850,Lipid,BL,24,2,257.22,2.061528038774632,0.07617358705856649,0.05873621451987312,0.06,0.004208,0.01370100641937791,5.7653835012742244e-05
MAR09868,Lipid,BL,24,1,172.07,0.581292076315589,0.021478777755552528,0.011079279923824174,0.06,0.004208,0.0038632928193726417,1.6256736183920077e-05
MAR09924,Lipid,BL,24,1,427.66,0.44068850051633146,0.016283467034357263,0.020875761334120026,0.06,0.004208,0.002928835243060379,1.2324538702798074e-05
MAR09925,Lipid,BL,24,1,399.61,0.6658865849148946,0.02460455001974937,0.029474645245666307,0.06,0.004208,0.004425511660719147,1.8622553068306172e-05
MAR10254,Lipid,BL,24,1,423.64,1.22500046264318,0.04526384198169789,0.05748376238382758,0.06,0.004208,0.008141407192497533,3.425904146602962e-05
MAR10281,Lipid,BL,24,1,481.6,1.3666567981616782,0.05049805223887666,0.07290510129013712,0.06,0.004208,0.009082861456412432,3.822068100858351e-05
MAR10310,Lipid,BL,24,1,501.64,0.7736762523586878,0.028587384821222236,0.042989599502901904,0.06,0.004208,0.005141886552456172,2.1637058612735572e-05
MAR10317,Lipid,BL,24,1,453.59,1.013947997455937,0.03746544049091756,0.05094377535502995,0.06,0.004208,0.0067387431850389045,2.835663132264371e-05
MAR10432,Lipid,BL,24,1,310.51,0.6275111162687469,0.023186574107295535,0.02158285973667276,0.06,0.004208,0.004170466600754776,1.75493234559761e-05
MAR10434,Lipid,BL,24,1,200.32,1.2271154734402199,0.04534199175994388,0.027228374631757986,0.06,0.004208,0.00815546364769109,3.431819102948411e-05
MAR11949,Lipid,BL,24,1,397.59,0.8969329847842364,0.03314172861930743,0.03950093918338636,0.06,0.004208,0.005961056241362161,2.5084124663651976e-05
MAR09038,Protein,BL,24,3,155.15,0.943389296008127,0.032013957781027974,0.03467347650733271,0.31,0.004208,0.06927990794246304,0.00029152985262188445
MAR09039,Protein,BL,24,2,131.17,1.3569466733285123,0.04604804580130737,0.04216498624531255,0.31,0.004208,0.0996504211027437,0.0004193289720003455
MAR09040,Protein,BL,24,2,131.17,1.3513360193537396,0.045857648008760465,0.0419906439868263,0.31,0.004208,0.09923839014954756,0.00041759514574929614
MAR09041,Protein,BL,24,3,146.19,1.5578302490742042,0.05286503889210996,0.05395012588342061,0.31,0.004208,0.1144027568497188,0.0004814068008236167
MAR09042,Protein,BL,24,4,149.21,1.1251322977993008,0.03818141464211346,0.03977005446903756,0.31,0.004208,0.0826266127297208,0.0003476927863666651
MAR09043,Protein,BL,24,4,165.19,0.7225326956252048,0.024519179209510956,0.028274564296557298,0.31,0.004208,0.05306080835360956,0.00022327988155198901
MAR09044,Protein,BL,24,2,119.12,1.6774549416825042,0.05692450816416493,0.04733585347106037,0.31,0.004208,0.12318766433872325,0.0005183736915373474
MAR09045,Protein,BL,24,4,204.23,0.8279909467617795,0.028097909659213095,0.040058971006158364,0.31,0.004208,0.060805371453308,0.0002558690030755201
MAR09046,Protein,BL,24,4,117.15,0.9816060064362998,0.03331084355167886,0.027241697363009316,0.31,0.004208,0.07208643775102765,0.00030333973005632433
MAR09061,Protein,BL,24,4,89.09,0.9080001292741173,0.030813024831584605,0.019163266226108994,0.31,0.004208,0.06668102514416643,0.00028059375380665234
MAR09062,Protein,BL,24,4,132.12,2.14422416429869,0.07276434252475014,0.06711095435935553,0.31,0.004208,0.15746590865425533,0.0006626165436171064
MAR09063,Protein,BL,24,4,146.14,0.8990834012479001,0.03051043526884086,0.031126031072491168,0.31,0.004208,0.06602620523109527,0.00027783827161244893
MAR09064,Protein,BL,24,4,181.19,0.9237609535343219,0.0313478691048824,0.039650483718721465,0.31,0.004208,0.06783845660800074,0.0002854642254064671
MAR09066,Protein,BL,24,4,174.2,1.7930498628069607,0.06084722696141926,0.07399377445986435,0.31,0.004208,0.1316766365244429,0.0005540952864948557
MAR09067,Protein,BL,24,4,75.07,0.8654999003930111,0.029370777671434464,0.015391753585149064,0.31,0.004208,0.06355992555476503,0.00026746016673445124
MAR09068,Protein,BL,24,4,115.13,1.4688625452971185,0.04984591590158358,0.04006123424314505,0.31,0.004208,0.10786921406562117,0.00045391365278813384
MAR09069,Protein,BL,24,4,105.09,1.6051534056824626,0.054470952319506646,0.03996065520381749,0.31,0.004208,0.11787803894931412,0.0004960307878987138
MAR09070,Protein,BL,24,3,133.1,1.6682593116821418,0.05661245405050556,0.0526012756986234,0.31,0.004208,0.12251236263390874,0.000515532021963488
MAR09071,Protein,BL,24,4,147.13,0.8127934825925346,0.02758218303569552,0.02832931747038351,0.31,0.004208,0.05968931160075368,0.0002511726232159715
MAR09087,Protein,BL,24,3,132.16,0.5879618743657128,0.019952512395938666,0.018407883601451954,0.31,0.004208,0.043178298399289536,0.00018169427966421037
MAR09091,Protein,BL,24,1,103.12,1.1037439529912045,0.037455600208358676,0.026962856813689092,0.31,0.004208,0.08105591167808009,0.000341083276341361
MAR09201,Protein,BL,24,2,175.19,1.001070707711882,0.03397137905647373,0.04154595344481763,0.31,0.004208,0.07351587172723024,0.0003093547882281849
MAR09418,Protein,BL,24,4,125.15,0.2483360757093434,0.008427295790725823,0.007362500405487246,0.31,0.004208,0.018237116465849353,7.674178608829408e-05
MAR09846,Protein,BL,24,2,222.26,1.7134895886704606,0.05814734551477734,0.090218882579195,0.31,0.004208,0.1258339494265745,0.0005295092591870255
MAR10343,Protein,BL,24,1,188.27,1.180553619234796,0.04006213965363558,0.05265280388898391,0.31,0.004208,0.0866966017187285,0.00036481930003240957
MAR01939,Soluble,BL,24,1,785.55,1.2362738704858096,0.018097427880291363,0.05667728683339693,0.595,0.004208,0.042929139667584715,0.00018064581972119647
MAR01947,Soluble,BL,24,1,260.14,1.5971093891730066,0.02337958657666739,0.024247240928568847,0.595,0.004208,0.05545901573190768,0.00023337153819986752
MAR01986,Soluble,BL,24,1,566.3,1.1390393420390634,0.01667404192346641,0.03764487118383872,0.595,0.004208,0.039552707671523996,0.00016643779388177298
MAR09026,Soluble,BL,24,2,384.41,0.6633678994044112,0.009710835927361378,0.014882286396403406,0.595,0.004208,0.023035197850888443,9.693211255653857e-05
MAR09034,Soluble,BL,24,2,180.16,0.5875588629435226,0.008601091070029576,0.006177749353112434,0.595,0.004208,0.020402757910201477,8.585480528612781e-05
MAR09075,Soluble,BL,24,1,168.11,0.024810200308091515,0.00036318878970953916,0.00024341332442833532,0.595,0.004208,0.0008615247637550383,3.625296205881201e-06
MAR09083,Soluble,BL,24,2,104.17,0.9931306512014754,0.014538130073688878,0.006037672875508801,0.595,0.004208,0.03448608391022114,0.00014511744109421055
MAR09133,Soluble,BL,24,2,88.06,1.9128233020275558,0.028001224148320153,0.009830465058411928,0.595,0.004208,0.06642206120548601,0.0002795040335526851
MAR09135,Soluble,BL,24,2,90.08,0.4177513796277803,0.006115332245706273,0.0021961742712282217,0.595,0.004208,0.01450625767518641,6.104233229718441e-05
MAR09143,Soluble,BL,24,1,376.36,1.0984423668598586,0.01607975545668626,0.024126885554715854,0.595,0.004208,0.038142993158295065,0.00016050571521010563
MAR09145,Soluble,BL,24,1,219.23,2.2337102568707308,0.03269858826936127,0.028579021246786098,0.595,0.004208,0.07756473859343033,0.0003263924200011548
MAR09247,Soluble,BL,24,2,146.21,2.2876702289489392,0.03348849148289774,0.01952050400220834,0.595,0.004208,0.07943847808846152,0.0003342771157962461
MAR09253,Soluble,BL,24,1,135.13,2.233961150035428,0.03270226101620334,0.01761764773380962,0.595,0.004208,0.07757345076309277,0.0003264290808110944
MAR09259,Soluble,BL,24,1,146.1,1.2221864944972947,0.01789120717381108,0.010420971911152184,0.595,0.004208,0.04243996089757392,0.00017858735545699103
MAR09262,Soluble,BL,24,1,347.22,1.8140425488297478,0.02655520348927662,0.036759765403238255,0.595,0.004208,0.06299193714338679,0.0002650700714993716
MAR09286,Soluble,BL,24,1,192.12,3.3959143408375945,0.04971173163014851,0.03807586987832674,0.595,0.004208,0.1179218331126609,0.0004962150737380771
MAR09287,Soluble,BL,24,1,323.2,1.9563759727302417,0.02863877812066627,0.036901515418964394,0.595,0.004208,0.06793441112092764,0.0002858680019968635
MAR09290,Soluble,BL,24,1,131.13,0.7804322062727441,0.011424503830148513,0.0059725222102902644,0.595,0.004208,0.027100211356079523,0.00011403768938638263
MAR09292,Soluble,BL,24,1,161.2,1.709984938661294,0.02503193656567898,0.016087103341959893,0.595,0.004208,0.05937857623117951,0.0002498650487808034
MAR09295,Soluble,BL,24,1,243.22,1.8114926078174767,0.026517875697538662,0.02571321488952156,0.595,0.004208,0.06290339141215906,0.0002646974710623653
MAR09342,Soluble,BL,24,1,106.08,0.41422198449827424,0.006063666530412794,0.002564408366294579,0.595,0.004208,0.01438370077248562,6.0526612850619485e-05
MAR09343,Soluble,BL,24,3,363.22,1.0376200500465422,0.015189396517361042,0.02199523661003448,0.595,0.004208,0.03603096135391915,0.0001516182853772918
MAR09348,Soluble,BL,24,1,283.24,0.5201976674485509,0.007615011523657371,0.008598912213324674,0.595,0.004208,0.0180636660320865,7.601190666301999e-05
MAR09350,Soluble,BL,24,1,612.63,0.7874455259073012,0.011527169630435914,0.028153948304975262,0.595,0.004208,0.027343746211351518,0.00011506248405736719
MAR09351,Soluble,BL,24,2,307.32,0.9638397845260955,0.014109350205518881,0.017286863482199964,0.595,0.004208,0.03346896971205577,0.00014083742454833067
MAR09358,Soluble,BL,24,2,136.11,0.5320138135656436,0.007787984403924619,0.00422603871922649,0.595,0.004208,0.018473977209167297,7.773849609617599e-05
MAR09360,Soluble,BL,24,2,348.21,0.23441119168545804,0.0034314723760955077,0.004763652916259426,0.595,0.004208,0.008139839422114123,3.4252444288256226e-05
MAR09362,Soluble,BL,24,1,268.23,0.362147777365333,0.005301368442173311,0.005669094582179819,0.595,0.004208,0.01257544374751889,5.2917467289559486e-05
MAR09376,Soluble,BL,24,1,663.43,1.7475515628813239,0.025581862669237926,0.0676621251427775,0.595,0.004208,0.060683062960602656,0.000255354328938216
MAR09378,Soluble,BL,24,1,122.12,1.2315041557614665,0.018027605513019747,0.008776941553835266,0.595,0.004208,0.042763513138977916,0.00017994886328881907
MAR09406,Soluble,BL,24,1,150.13,0.88894081058316,0.013012927469748008,0.00778862614952894,0.595,0.004208,0.03086813134596496,0.00012989309670382055
MAR09415,Soluble,BL,24,1,118.09,0.9450061758551028,0.013833650878059196,0.006512808347488235,0.595,0.004208,0.032814979818405456,0.00013808543507585016
MAR09435,Soluble,BL,24,1,404.16,1.9121811135277507,0.027991823351022536,0.04510273544426889,0.595,0.004208,0.06639976145422602,0.0002794101961993831
MAR09436,Soluble,BL,24,1,324.18,2.0215708360309232,0.029593145405227495,0.038246853347816315,0.595,0.004208,0.07019827793803043,0.00029539435356323206
MAR09437,Soluble,BL,24,1,112.09,0.32221390063014005,0.004716788866847009,0.00210781101916325,0.595,0.004208,0.011188755075404887,4.708228135730376e-05
MAR09439,Soluble,BL,24,1,244.2,0.40518671170046094,0.0059314019879510745,0.005774593034405077,0.595,0.004208,0.014069954363108192,5.920636795995927e-05
MAR09845,Soluble,BL,24,2,184.15,0.8942000001217726,0.013089915106270993,0.00961007811467149,0.595,0.004208,0.03105075470121931,0.00013066157578273086
MAR09854,Soluble,BL,24,1,192.12,3.939091173657166,0.0576631279937507,0.04416610901028862,0.595,0.004208,0.13678344191714412,0.0005755847235873425
MAR09858,Soluble,BL,24,1,168.04,0.3730384450972385,0.005460793532803858,0.0036583629839017392,0.595,0.004208,0.012953618039880594,5.4508824711817535e-05
MAR09864,Soluble,BL,24,1,580.29,1.1703328723597959,0.017132138160570104,0.039634649252047335,0.595,0.004208,0.04063936360262656,0.00017101044203985256
MAR09919,Soluble,BL,24,1,290.27,1.0171985850100533,0.014890453055454401,0.017231712072721506,0.595,0.004208,0.03532183375226271,0.00014863427642952147
MAR09920,Soluble,BL,24,1,203.24,1.1947284080654454,0.017489256804403105,0.014170948041163886,0.595,0.004208,0.041486489295869476,0.00017457514695701874
MAR10202,Soluble,BL,24,1,398.44,1.808756977803935,0.026477829662384836,0.04205945878991282,0.595,0.004208,0.06280839770102933,0.0002642977375259314
MAR10222,Soluble,BL,24,1,131.13,0.09088422741967071,0.0013304258792893162,0.0006955223816575237,0.595,0.004208,0.003155920209610513,1.3280112242041038e-05
MAR10264,Soluble,BL,24,1,175.14,0.08982223762240979,0.0013148797416378084,0.0009180994860215715,0.595,0.004208,0.003119043018058896,1.3124933019991835e-05
MAR11348,Soluble,BL,24,1,309.27,1.253157018852627,0.01834457502725862,0.02261850072960478,0.595,0.004208,0.043515400569453376,0.0001831128055962598
MAR11393,Soluble,BL,24,1,196.16,0.4129656498424981,0.006045275438948987,0.004727645576172565,0.595,0.004208,0.014340075029683303,6.034303572490734e-05
MAR11400,Soluble,BL,24,2,116.07,1.071537962416642,0.01568591026534369,0.007258519957809931,0.595,0.004208,0.03720874795293279,0.00015657441138594116
MAR11404,Soluble,BL,24,2,134.09,0.9790509630988184,0.014332021907773586,0.007661648414741406,0.595,0.004208,0.033997172099121016,0.00014306010019310124
MAR11428,Soluble,BL,24,1,152.11,0.5807784345067823,0.008501834491401765,0.005155713514807019,0.595,0.004208,0.020167310113142965,8.486404095610559e-05
MAR11925,Soluble,BL,24,1,123.11,9.44755211308557,0.13829977086280484,0.06787864378290867,0.595,0.004208,0.32806265170035465,0.0013804876383550924
MAR12104,Soluble,BL,24,1,614.44,0.5469052111223957,0.008005974931552745,0.01961155684192016,0.595,0.004208,0.018991075322151055,7.991444495561164e-05
MAR00567,Lipid,BL,48,1,312.53,0.7121787404448422,0.027215241145012153,0.025370693725952204,0.065,0.003901,0.005276597741614863,2.058400779003958e-05
MAR00568,Lipid,BL,48,1,304.47,0.8527244685078178,0.032586064035268626,0.029594080965382037,0.065,0.003901,0.006317913957860651,2.46461823496144e-05
MAR00571,Lipid,BL,48,1,330.5,0.8222207643394841,0.03142039365280428,0.030975015291848793,0.065,0.003901,0.006091909210197192,2.3764537828979243e-05
MAR00611,Lipid,BL,48,1,256.42,0.9326189353592369,0.035639155988217694,0.02725886382729394,0.065,0.003901,0.006909859405561602,2.6955361541095807e-05
MAR00621,Lipid,BL,48,1,368.64,0.8881716832546325,0.0339406460277766,0.037320805245340885,0.065,0.003901,0.006580545629739468,2.5670708501613663e-05
MAR00626,Lipid,BL,48,1,278.43,1.1326368199430787,0.043282651438340675,0.03594664216198838,0.065,0.003901,0.008391810295331842,3.273645196208951e-05
MAR00637,Lipid,BL,48,1,366.62,0.9259237742975791,0.03538330670144468,0.03869394533596829,0.065,0.003901,0.006860254341928805,2.6761852187864268e-05
MAR00639,Lipid,BL,48,1,284.48,0.8113128022738145,0.031003556135536615,0.02630823385986245,0.065,0.003901,0.006011091116743037,2.3449266446414586e-05
MAR00702,Lipid,BL,48,1,228.37,1.2050535871550463,0.04604999012832302,0.031368737295016526,0.065,0.003901,0.008928352779156956,3.4829504191491286e-05
MAR04395,Lipid,BL,48,1,408.19,0.877616777062724,0.03353730020886554,0.04083371593841195,0.065,0.003901,0.006502343359702043,2.536564144619767e-05
MAR04830,Lipid,BL,48,1,411.58,1.0750257747025378,0.04108109949667757,0.05043415690040808,0.065,0.003901,0.007964964766331031,3.1071327553457354e-05
MAR04899,Lipid,BL,48,1,259.34,0.36767993646993885,0.01405054316696095,0.010869036917347866,0.065,0.003901,0.0027241744413804714,1.062700449582522e-05
MAR04918,Lipid,BL,48,1,287.4,0.8087440058990816,0.030905391996647658,0.02649411786574645,0.065,0.003901,0.005992058668314264,2.3375020865093943e-05
MAR04923,Lipid,BL,48,1,343.5,0.6883033212184285,0.02630286444126606,0.026949966638655724,0.065,0.003901,0.005099702566266731,1.9893939711006516e-05
MAR04929,Lipid,BL,48,1,340.58,1.051460155676484,0.040180561516387756,0.040819115193330424,0.065,0.003901,0.007790364929139932,3.0390213588574875e-05
MAR04950,Lipid,BL,48,1,395.58,0.715199484331028,0.02733067603323771,0.032248769205782304,0.065,0.003901,0.005298978710692781,2.0671315950412537e-05
MAR09815,Lipid,BL,48,1,172.26,1.3534750254612482,0.05172177588265455,0.026575798041956686,0.065,0.003901,0.010028020856421599,3.9119309360900655e-05
MAR09850,Lipid,BL,48,2,257.22,1.4401311113854987,0.055033256752805605,0.04222390462574407,0.065,0.003901,0.010670063761268035,4.16239187327066e-05
MAR09868,Lipid,BL,48,1,172.07,0.36134109589061186,0.013808310332492434,0.007087191070100183,0.065,0.003901,0.0026772093889493344,1.0443793826291354e-05
MAR09924,Lipid,BL,48,1,427.66,0.5286353724438545,0.020201303860680284,0.02576952874842719,0.065,0.003901,0.003916708059317606,1.527907813939798e-05
MAR09925,Lipid,BL,48,1,399.61,0.7773981298452156,0.029707538807187427,0.035410451525619085,0.065,0.003901,0.005759814191750058,2.2469035162016976e-05
MAR10254,Lipid,BL,48,1,423.64,1.1664015764359248,0.04457293987012038,0.056324414088060895,0.065,0.003901,0.00864197647937862,3.371235024605599e-05
MAR10281,Lipid,BL,48,1,481.6,1.53490033755518,0.05865477365139074,0.08425938505895701,0.065,0.003901,0.011372217667840957,4.436302112224757e-05
MAR10310,Lipid,BL,48,1,501.64,0.9830293505110876,0.03756554261936152,0.05620957083239376,0.065,0.003901,0.007283354804452584,2.841236709216953e-05
MAR10317,Lipid,BL,48,1,453.59,1.0655453844792466,0.040718815295502836,0.05509181101172252,0.065,0.003901,0.007894723683859795,3.079731709073706e-05
MAR10432,Lipid,BL,48,1,310.51,0.8195879621652984,0.03131978359245227,0.02900833402674351,0.065,0.003901,0.006072402536917743,2.3688442296516114e-05
MAR10434,Lipid,BL,48,1,200.32,1.4395682871288338,0.05501174895287068,0.03287064361419923,0.065,0.003901,0.010665893744623354,4.16076514977757e-05
MAR11949,Lipid,BL,48,1,397.59,0.8314941735652708,0.03177476826971369,0.037683070987739535,0.065,0.003901,0.006160616751435071,2.4032565947348213e-05
MAR09038,Protein,BL,48,3,155.15,0.4913133927594403,0.016563594123764402,0.017545438072237598,0.4,0.003901,0.0452347742758301,0.0001764608544500132
MAR09039,Protein,BL,48,2,131.17,1.348232816173278,0.045452823962338344,0.04070551424317166,0.4,0.003901,0.1241305610830881,0.0004842333187851267
MAR09040,Protein,BL,48,2,131.17,1.3442408960935566,0.04531824480176703,0.040584991171997715,0.4,0.003901,0.12376302865593573,0.0004827995747868053
MAR09041,Protein,BL,48,3,146.19,1.44644306027733,0.04876377507034493,0.048671288273490224,0.4,0.003901,0.1331726883466454,0.0005195066572402637
MAR09042,Protein,BL,48,4,149.21,1.5602163592499392,0.05259940172753784,0.053584180242660116,0.4,0.003901,0.14364769182403356,0.0005603696458055549
MAR09043,Protein,BL,48,4,165.19,1.4845250403397283,0.05004762865642394,0.05644495278133073,0.4,0.003901,0.13667886138708332,0.000533184238271012
MAR09044,Protein,BL,48,2,119.12,1.1240724806104552,0.03789573133749439,0.030820014148471964,0.4,0.003901,0.1034923242057487,0.0004037235567266257
MAR09045,Protein,BL,48,4,204.23,1.1392841164589,0.038408559536084755,0.05355566463819697,0.4,0.003901,0.10489284559212059,0.0004091869906548624
MAR09046,Protein,BL,48,4,117.15,1.2151189989282318,0.040965172549604634,0.032765359520072146,0.4,0.003901,0.11187489379452717,0.00043642396069245047
MAR09061,Protein,BL,48,4,89.09,0.9773444550083351,0.0329491056226835,0.020041510272969392,0.4,0.003901,0.08998320921750767,0.0003510244991574974
MAR09062,Protein,BL,48,4,132.12,1.6917616459838096,0.05703417344445879,0.05144717984544002,0.4,0.003901,0.15575894594441422,0.0006076156481291599
MAR09063,Protein,BL,48,4,146.14,1.0783101934663002,0.03635295240738272,0.03627159445942184,0.4,0.003901,0.09927903232358518,0.0003872875050943058
MAR09064,Protein,BL,48,4,181.19,1.4681801542483264,0.04949659531760816,0.06123044386774566,0.4,0.003901,0.13517400268832863,0.00052731378448717
MAR09066,Protein,BL,48,4,174.2,1.6234381389434138,0.05473079060082567,0.06509351572408527,0.4,0.003901,0.1494684632011143,0.0005830764749475469
MAR09067,Protein,BL,48,4,75.07,0.7963325992766351,0.02684667293081248,0.013759883090331696,0.4,0.003901,0.0733176133759515,0.0002860120097795868
MAR09068,Protein,BL,48,4,115.13,1.5118495901270383,0.05096881818425185,0.04006368795275595,0.4,0.003901,0.13919460767048014,0.000542998164522543
MAR09069,Protein,BL,48,4,105.09,0.9702165928942563,0.032708804794805264,0.023468423852558755,0.4,0.003901,0.0893269534781949,0.0003484644455184383
MAR09070,Protein,BL,48,3,133.1,1.3013208744472573,0.04387128685433619,0.03986725052278448,0.4,0.003901,0.11981142155607657,0.0004673843554902547
MAR09071,Protein,BL,48,4,147.13,0.8189073843657703,0.027607734166183125,0.02773255325798309,0.4,0.003901,0.07539605317197877,0.0002941200034238892
MAR09087,Protein,BL,48,3,132.16,0.5860648954283548,0.01975794106393241,0.017827874649385983,0.4,0.003901,0.05395845838191884,0.0002104919461478654
MAR09091,Protein,BL,48,1,103.12,0.8543385394083028,0.028802220781263092,0.020278075498915794,0.4,0.003901,0.07865816717965783,0.0003068455101678452
MAR09201,Protein,BL,48,2,175.19,0.6560281970175096,0.02211660612000321,0.026453652994658936,0.4,0.003901,0.060399915508097354,0.0002356200703970878
MAR09418,Protein,BL,48,4,125.15,0.8760448057533128,0.029534001740177656,0.02523544725685599,0.4,0.003901,0.08065664325003913,0.00031464156531840266
MAR09846,Protein,BL,48,2,222.26,1.7390183805526378,0.05862733451547357,0.08896502716885892,0.4,0.003901,0.16010983023280648,0.000624588447738178
MAR10343,Protein,BL,48,1,188.27,1.5596417411326922,0.052580029690441954,0.067586476493619,0.4,0.003901,0.14359478726003932,0.0005601632651014134
MAR01939,Soluble,BL,48,1,785.55,1.107983919325447,0.017273416243278352,0.05240442775775514,0.5,0.003901,0.03335524648829173,0.00013011881655082604
MAR01947,Soluble,BL,48,1,260.14,1.2511388735194249,0.019505195123774632,0.019596266934065333,0.5,0.003901,0.0376648476475462,0.00014693057067307773
MAR01986,Soluble,BL,48,1,566.3,1.207338274399328,0.01882234588101033,0.041165768075296566,0.5,0.003901,0.036346254701833454,0.0001417867395918523
MAR09026,Soluble,BL,48,2,384.41,1.0917784554707628,0.017020773837829198,0.025269106712239815,0.5,0.003901,0.03286738991212483,0.00012821568804719896
MAR09034,Soluble,BL,48,2,180.16,1.1295638244348858,0.017609845930518512,0.012252644725727811,0.5,0.003901,0.034004897662432865,0.0001326531057811506
MAR09075,Soluble,BL,48,1,168.11,0.20741208259840532,0.003233544435183394,0.0020993666462349953,0.5,0.003901,0.006244026667762165,2.4357948030940203e-05
MAR09083,Soluble,BL,48,2,104.17,1.0192468418699694,0.015890009455178326,0.0063926765544863205,0.5,0.003901,0.030683865577835846,0.00011969775961913764
MAR09133,Soluble,BL,48,2,88.06,1.3908948833228865,0.02168398462399102,0.007374518735201509,0.5,0.003901,0.041872125455379904,0.000163343161401437
MAR09135,Soluble,BL,48,2,90.08,0.28902054512219016,0.004505816457872616,0.0015675369470999371,0.5,0.003901,0.008700804546513861,3.3941838535950575e-05
MAR09143,Soluble,BL,48,1,376.36,1.09311936448158,0.017041678545094543,0.024770327029979732,0.5,0.003901,0.03290775724038119,0.00012837316099472703
MAR09145,Soluble,BL,48,1,219.23,2.1183313634977954,0.03302468451452409,0.027961120612096473,0.5,0.003901,0.06377120059320457,0.00024877145351409103
MAR09247,Soluble,BL,48,2,146.21,2.22447015384699,0.03467938317330596,0.019582329454975386,0.5,0.003901,0.06696645049919768,0.00026123612339737015
MAR09253,Soluble,BL,48,1,135.13,1.5928547959295247,0.024832529990095647,0.012959512261520277,0.5,0.003901,0.04795201754429171,0.00018706082044028194
MAR09259,Soluble,BL,48,1,146.1,1.017519004477686,0.015863072552975106,0.008950626565169992,0.5,0.003901,0.0306318499834702,0.00011949484678551725
MAR09262,Soluble,BL,48,1,347.22,1.530485977936508,0.023860203104295236,0.0319959331289734,0.5,0.003901,0.04607443858212862,0.00017973638490888374
MAR09286,Soluble,BL,48,1,192.12,2.4941527000697903,0.03888372115439293,0.02885069698923538,0.5,0.003901,0.07508509522495155,0.000292906956472536
MAR09287,Soluble,BL,48,1,323.2,1.1363305933646781,0.01771533953408773,0.02211244390045549,0.5,0.003901,0.03420860751926901,0.00013344777793266842
MAR09290,Soluble,BL,48,1,131.13,1.007692755471713,0.015709881801530257,0.007955928843764132,0.5,0.003901,0.030336036161687382,0.00011834087706674248
MAR09292,Soluble,BL,48,1,161.2,1.6547055136411932,0.025796779717320566,0.016060033400900432,0.5,0.003901,0.04981399938244552,0.00019432441159091996
MAR09295,Soluble,BL,48,1,243.22,1.2834723666683996,0.02000927273358458,0.01879518044312119,0.5,0.003901,0.03863822967502917,0.00015072773396228878
MAR09342,Soluble,BL,48,1,106.08,0.9443819703095702,0.014722869692671985,0.006031729972717186,0.5,0.003901,0.028430099795989754,0.00011090581930415602
MAR09343,Soluble,BL,48,3,363.22,1.0628124389140694,0.016569195026831587,0.023242726691433693,0.5,0.003901,0.03199538391530435,0.00012481399265360226
MAR09348,Soluble,BL,48,1,283.24,0.5035785370730285,0.007850765277657962,0.008587811243257337,0.5,0.003901,0.015159954885004477,5.9138984006402465e-05
MAR09350,Soluble,BL,48,1,612.63,1.2385667797862352,0.01930919678452517,0.04568549976524266,0.5,0.003901,0.03728637168049447,0.00014545413592560892
MAR09351,Soluble,BL,48,2,307.32,1.2765800373954936,0.019901821650279043,0.023621069967909195,0.5,0.003901,0.03843073989312312,0.0001499183163230733
MAR09358,Soluble,BL,48,2,136.11,0.28225168766225833,0.0044002902942185396,0.002313062000849868,0.5,0.003901,0.00849703181562658,3.314692111275929e-05
MAR09360,Soluble,BL,48,2,348.21,0.31074387347038107,0.004844482106536685,0.006514851290095145,0.5,0.003901,0.009354773398373317,3.649297102705431e-05
MAR09362,Soluble,BL,48,1,268.23,0.5870611025882071,0.009152254476236186,0.009480938909232604,0.5,0.003901,0.017673151603535404,6.894296440539161e-05
MAR09376,Soluble,BL,48,1,663.43,1.4200050060103866,0.022137810042666968,0.05672123449023084,0.5,0.003901,0.04274846968800841,0.0001667617802529208
MAR09378,Soluble,BL,48,1,122.12,0.880034300037185,0.013719692594599266,0.006470637759798309,0.5,0.003901,0.02649294857434617,0.00010334899238852441
MAR09406,Soluble,BL,48,1,150.13,1.2330494147516056,0.019223181327850232,0.011145733603575602,0.5,0.003901,0.0371202744407367,0.00014480619059331387
MAR09415,Soluble,BL,48,1,118.09,0.7850142064627101,0.01223833388608442,0.005581505172733008,0.5,0.003901,0.023632420919353917,9.219007400639962e-05
MAR09435,Soluble,BL,48,1,404.16,1.735033381010358,0.02704908732287425,0.04222035263612148,0.5,0.003901,0.0522322256484084,0.00020375791225444114
MAR09436,Soluble,BL,48,1,324.18,1.5138198593626082,0.02360037911383329,0.02954752501048472,0.5,0.003901,0.04557271424900475,0.0001777791582853675
MAR09437,Soluble,BL,48,1,112.09,0.2938897232587047,0.00458172671184624,0.0019834075485975653,0.5,0.003901,0.008847388476213601,3.4513662445709256e-05
MAR09439,Soluble,BL,48,1,244.2,0.553956325593009,0.008636152588198769,0.008144827264237231,0.5,0.003901,0.01667655050007623,6.505522350079737e-05
MAR09845,Soluble,BL,48,2,184.15,0.8892385621159606,0.013863186599634746,0.009859404929763478,0.5,0.003901,0.02677003782178517,0.00010442991754278395
MAR09854,Soluble,BL,48,1,192.12,2.608604737394483,0.04066802293541901,0.03017460191637275,0.5,0.003901,0.07853061085876731,0.00030634791296005125
MAR09858,Soluble,BL,48,1,168.04,0.4913299182674165,0.007659809897038908,0.004971032193474447,0.5,0.003901,0.01479121695273282,5.770053733261073e-05
MAR09864,Soluble,BL,48,1,580.29,1.0681695260791912,0.01665271175919627,0.037320371910953165,0.5,0.003901,0.032156656077955134,0.00012544311536010297
MAR09919,Soluble,BL,48,1,290.27,0.9994625495016103,0.015581573284583504,0.017467444461824386,0.5,0.003901,0.030088270337658707,0.00011737434258720661
MAR09920,Soluble,BL,48,1,203.24,0.9656596562241815,0.015054587797137422,0.011816638961319924,0.5,0.003901,0.029070652827494402,0.00011340461668005565
MAR10202,Soluble,BL,48,1,398.44,2.5982099123511326,0.040505968110779354,0.06233010513173324,0.5,0.003901,0.07821768036810214,0.0003051271711159665
MAR10222,Soluble,BL,48,1,131.13,0.5914251404925618,0.009220289618180536,0.004669415661293906,0.5,0.003901,0.017804528564378502,6.945546592964054e-05
MAR10264,Soluble,BL,48,1,175.14,0.6102466036318296,0.009513715327201678,0.006435042344803926,0.5,0.003901,0.018371138360180218,7.166581074306303e-05
MAR11348,Soluble,BL,48,1,309.27,0.9977704638654717,0.015555193750546505,0.018579290735449564,0.5,0.003901,0.030037331030247947,0.00011717562834899724
MAR11393,Soluble,BL,48,1,196.16,1.0291909619366022,0.016045037810814265,0.01215533994739302,0.5,0.003901,0.03098322784306948,0.00012086557181581405
MAR11400,Soluble,BL,48,2,116.07,0.7124506086139393,0.011107070870539236,0.004978923333034491,0.5,0.003901,0.02144793371687125,8.366838942951474e-05
MAR11404,Soluble,BL,48,2,134.09,0.6392525900217084,0.009965917265984578,0.005160949146567268,0.5,0.003901,0.019244347626844908,7.507220009232199e-05
MAR11428,Soluble,BL,48,1,152.11,0.2256143615204212,0.0035173170919090006,0.002066261103209398,0.5,0.003901,0.006791996263261448,2.649557742298291e-05
MAR11925,Soluble,BL,48,1,123.11,8.300779135408446,0.1294087492142696,0.06152801191301233,0.5,0.003901,0.24989039035420493,0.0009748224127717534
MAR12104,Soluble,BL,48,1,614.44,0.9481832178639965,0.01478213096001179,0.03507780726497899,0.5,0.003901,0.028544534262888964,0.00011135222815952984
MAR00567,Lipid,BL,72,1,312.53,0.9699592894958298,0.03467993099159328,0.03277236906527733,0.05,0.003566,0.005243075715175716,1.8696808000316606e-05
MAR00568,Lipid,BL,72,1,304.47,0.853301747851675,0.03050895645927957,0.028087284983368054,0.05,0.003566,0.004612488091333802,1.6448132533696338e-05
MAR00571,Lipid,BL,72,1,330.5,0.9782796212413523,0.03497741618905127,0.034954016660256625,0.05,0.003566,0.005288050931960155,1.8857189623369913e-05
MAR00611,Lipid,BL,72,1,256.42,1.0720213423582314,0.03832905831936826,0.029717888286254095,0.05,0.003566,0.0057947680146349925,2.0664142740188383e-05
MAR00621,Lipid,BL,72,1,368.64,0.6495115628619381,0.023222640807947805,0.025885226096236193,0.05,0.003566,0.003510908487445231,1.2519899666229695e-05
MAR00626,Lipid,BL,72,1,278.43,1.3197518203384377,0.047186415503228614,0.039725641170141816,0.05,0.003566,0.007133865095381571,2.5439362930130683e-05
MAR00637,Lipid,BL,72,1,366.62,0.7899898206953255,0.02824530138787111,0.03131123997449282,0.05,0.003566,0.004270258029361849,1.5227740132704353e-05
MAR00639,Lipid,BL,72,1,284.48,0.9566850022796162,0.034205322036757496,0.0294227541770756,0.05,0.003566,0.005171322092427517,1.8440934581596526e-05
MAR00702,Lipid,BL,72,1,228.37,0.749861202087184,0.02681054248696747,0.01851324523191286,0.05,0.003566,0.004053344404237173,1.445422614550976e-05
MAR04395,Lipid,BL,72,1,408.19,0.9265343327999385,0.03312731479642367,0.04088711766809554,0.05,0.003566,0.0050083438678183625,1.785975423264028e-05
MAR04830,Lipid,BL,72,1,411.58,0.8809026008273523,0.031495797543097774,0.03919627295972543,0.05,0.003566,0.004761683385942639,1.6980162954271452e-05
MAR04899,Lipid,BL,72,1,259.34,1.9048054668486043,0.06810442753433027,0.0534051025917503,0.05,0.003566,0.010296348922601662,3.671678025799753e-05
MAR04918,Lipid,BL,72,1,287.4,0.5799284217693712,0.02073476471108313,0.01801871332555647,0.05,0.003566,0.0031347796321427404,1.1178624168221013e-05
MAR04923,Lipid,BL,72,1,343.5,1.111372048134414,0.039736003719620924,0.04127136467758918,0.05,0.003566,0.006007476663404538,2.1422661781700585e-05
MAR04929,Lipid,BL,72,1,340.58,0.79668707448466,0.028484755045114843,0.02933388132771162,0.05,0.003566,0.00430645976388978,1.5356835518030955e-05
MAR04950,Lipid,BL,72,1,395.58,1.0521785800820915,0.037619600062850284,0.04499729434970728,0.05,0.003566,0.005687508765572992,2.0281656258033292e-05
MAR09815,Lipid,BL,72,1,172.26,0.6034667902090946,0.021576355695348673,0.011238295217931701,0.05,0.003566,0.0032620153308753346,1.1632346669901444e-05
MAR09850,Lipid,BL,72,2,257.22,0.8368325022062366,0.029920114939173837,0.023270509487686546,0.05,0.003566,0.004523464249997384,1.6130673515490673e-05
MAR09868,Lipid,BL,72,1,172.07,2.0756813149192554,0.07421392376102283,0.038612547263955854,0.05,0.003566,0.011220011409297338,4.0010560685554305e-05
MAR09924,Lipid,BL,72,1,427.66,1.1732101247906217,0.04194696273028707,0.054242169593782245,0.05,0.003566,0.0063417398860990334,2.2614644433829153e-05
MAR09925,Lipid,BL,72,1,399.61,0.9592315647776248,0.0342963718495209,0.04144025578226264,0.05,0.003566,0.005185087433030033,1.84900217861851e-05
MAR10254,Lipid,BL,72,1,423.64,0.7585307887512424,0.02712051494714305,0.03474023814294338,0.05,0.003566,0.004100207504360233,1.4621339960548591e-05
MAR10281,Lipid,BL,72,1,481.6,0.7778430051274476,0.027811004061969347,0.040498696691631406,0.05,0.003566,0.004204598909014889,1.4993599709547095e-05
MAR10310,Lipid,BL,72,1,501.64,1.3995271286715996,0.050038702416491915,0.07589900784881155,0.05,0.003566,0.007565087298541938,2.6977101306600552e-05
MAR10317,Lipid,BL,72,1,453.59,0.9046779257968369,0.03234586067272975,0.044362915848482655,0.05,0.003566,0.004890199943614571,1.743845299892956e-05
MAR10432,Lipid,BL,72,1,310.51,1.3021058482773527,0.04655550129890556,0.043710371644515675,0.05,0.003566,0.007038480506991027,2.5099221487930005e-05
MAR10434,Lipid,BL,72,1,200.32,0.6417482827675411,0.022945072438988693,0.013897978807438673,0.05,0.003566,0.003468944390834334,1.2370255697715236e-05
MAR11949,Lipid,BL,72,1,397.59,0.944268087836151,0.03376136759383266,0.040587601125406596,0.05,0.003566,0.0051042029635311,1.8201587767951905e-05
MAR09038,Protein,BL,72,3,155.15,1.0715406779627998,0.045046388788579125,0.049096175085610455,0.39,0.003566,0.1234128796866779,0.0004400903289626934
MAR09039,Protein,BL,72,2,131.17,0.764768077883171,0.03215000688066801,0.029624531237929626,0.39,0.003566,0.08808086592050435,0.0003140963678725185
MAR09040,Protein,BL,72,2,131.17,0.7552684919542696,0.03175065476097306,0.029256549377498033,0.39,0.003566,0.08698676722744708,0.0003101948119330763
MAR09041,Protein,BL,72,3,146.19,0.728119016357081,0.030609320737628166,0.031434550644423485,0.39,0.003566,0.08385987243535918,0.00029904430510449087
MAR09042,Protein,BL,72,4,149.21,0.935075015549141,0.03930952278638142,0.041203262036760065,0.39,0.003566,0.10769567853586505,0.00038404278965889477
MAR09043,Protein,BL,72,4,165.19,1.0623632613839853,0.04466058031318834,0.05182556117491993,0.39,0.003566,0.12235588630194791,0.0004363210905527463
MAR09044,Protein,BL,72,2,119.12,0.805503514090232,0.03386247971029897,0.028336052001616888,0.39,0.003566,0.09277250067688537,0.00033082673741377327
MAR09045,Protein,BL,72,4,204.23,1.0331886812154316,0.043434113126226484,0.062314109596709244,0.39,0.003566,0.11899575352649762,0.0004243388570754905
MAR09046,Protein,BL,72,4,117.15,0.8720027111135079,0.036658032641554844,0.030168057337090676,0.39,0.003566,0.10043143287635821,0.0003581384896370934
MAR09061,Protein,BL,72,4,89.09,0.9520743407085795,0.040024155675289934,0.025048806409415817,0.39,0.003566,0.10965354697128936,0.00039102454849961787
MAR09062,Protein,BL,72,4,132.12,0.6803657789594852,0.028601827282675917,0.026545948227801534,0.39,0.003566,0.0783599743327475,0.00027943166847057757
MAR09063,Protein,BL,72,4,146.14,0.8043811517333026,0.033815296834154664,0.034715082793140895,0.39,0.003566,0.09264323449654407,0.0003303657742146762
MAR09064,Protein,BL,72,4,181.19,0.9013783215028084,0.03789295091737245,0.04823125366545492,0.39,0.003566,0.10381471896642983,0.0003702032878342888
MAR09066,Protein,BL,72,4,174.2,0.7426942326987135,0.031222046764278946,0.03820721821844889,0.39,0.003566,0.08553854825025872,0.0003050304630604226
MAR09067,Protein,BL,72,4,75.07,0.8748574901256648,0.036778044403993564,0.019395051939345997,0.39,0.003566,0.10076022720587371,0.0003593109702161457
MAR09068,Protein,BL,72,4,115.13,0.7548155135808461,0.03173161204953737,0.025663538620159004,0.39,0.003566,0.0869345962117781,0.00031000877009120073
MAR09069,Protein,BL,72,4,105.09,0.7727737734510246,0.03248655749651412,0.02398286060498179,0.39,0.003566,0.08900290832565323,0.00031738437108927946
MAR09070,Protein,BL,72,3,133.1,0.6706713294003154,0.02819428331079061,0.026361797109299166,0.39,0.003566,0.07724343255166548,0.0002754500804792391
MAR09071,Protein,BL,72,4,147.13,1.354458271450484,0.0569399325181601,0.05885103178624431,0.39,0.003566,0.1559974335392869,0.0005562868480010972
MAR09087,Protein,BL,72,3,132.16,1.4695349014211596,0.061777627176653006,0.057354454256715634,0.39,0.003566,0.16925118916555007,0.0006035497405643516
MAR09091,Protein,BL,72,1,103.12,1.245588983333185,0.05236318766793991,0.037931924676164436,0.39,0.003566,0.14345859798006333,0.0005115733603969059
MAR09201,Protein,BL,72,2,175.19,1.4012991059302684,0.05890906956032015,0.07249822508749278,0.39,0.003566,0.16139224718375583,0.0005755247534572734
MAR09418,Protein,BL,72,4,125.15,1.5731431387482608,0.06613320325166414,0.05814151058848653,0.39,0.003566,0.18118409212552736,0.0006461024725196306
MAR09846,Protein,BL,72,2,222.26,0.696092963960057,0.02926298080176823,0.045689433224527426,0.39,0.003566,0.08017132618359443,0.0002858909491706978
MAR10343,Protein,BL,72,1,188.27,0.865534699011136,0.036386124543388555,0.048123014299762706,0.39,0.003566,0.09968649055562466,0.00035548202532135754
MAR01939,Soluble,BL,72,1,785.55,0.7783177609821317,0.013659555991799197,0.04337835523176871,0.525,0.003566,0.028990689958218543,0.00010338080039100733
MAR01947,Soluble,BL,72,1,260.14,0.874666322475249,0.015350483060948732,0.016143282542771167,0.525,0.003566,0.032579470035192064,0.0001161783901454949
MAR01986,Soluble,BL,72,1,566.3,0.9371115904378219,0.016446403874937777,0.037651317522116035,0.525,0.003566,0.03490542415523737,0.00012447274253757647
MAR09026,Soluble,BL,72,2,384.41,1.205931704372418,0.02116422425896439,0.03288968369615308,0.525,0.003566,0.04491840467334452,0.00016017903106514656
MAR09034,Soluble,BL,72,2,180.16,1.1026814927727238,0.019352172527379256,0.014094535428703894,0.525,0.003566,0.04107255273129187,0.00014646472303978683
MAR09075,Soluble,BL,72,1,168.11,4.493658449897466,0.07886416356083283,0.05359643644015358,0.525,0.003566,0.16737927030563696,0.0005968744779099014
MAR09083,Soluble,BL,72,2,104.17,0.9115862192391742,0.015998431010153837,0.0067372509185680335,0.525,0.003566,0.03395465808052431,0.00012108231071514969
MAR09133,Soluble,BL,72,2,88.06,0.7063938835061031,0.012397284615271183,0.004413345404049615,0.525,0.003566,0.02631167768710025,9.38274426321995e-05
MAR09135,Soluble,BL,72,2,90.08,1.754761676192108,0.030796246173238475,0.011214730081227172,0.525,0.003566,0.06536115999827116,0.00023307789655383496
MAR09143,Soluble,BL,72,1,376.36,0.8464429301126125,0.014855159649891687,0.022601821916105453,0.525,0.003566,0.0315282083801556,0.00011242959108363488
MAR09145,Soluble,BL,72,1,219.23,0.7878895815319689,0.01382754241752199,0.01225484008701952,0.525,0.003566,0.029347220023195956,0.00010465218660271679
MAR09247,Soluble,BL,72,2,146.21,0.9042644017585151,0.015869932367501,0.009380258749535783,0.525,0.003566,0.03368193586968255,0.00012010978331128798
MAR09253,Soluble,BL,72,1,135.13,0.3865744609934932,0.006784421170444601,0.0037061862690987704,0.525,0.003566,0.014399080820519902,5.134712220597397e-05
MAR09259,Soluble,BL,72,1,146.1,0.8462310184445374,0.014851440578529709,0.008771653407359446,0.525,0.003566,0.03152031511884812,0.0001124014437138124
MAR09262,Soluble,BL,72,1,347.22,0.7120243788127816,0.012496100381477117,0.017540497346703092,0.525,0.003566,0.026521401725186113,9.457531855201369e-05
MAR09286,Soluble,BL,72,1,192.12,1.0274512094852348,0.018031873392039387,0.014004773605943818,0.525,0.003566,0.03827038383885334,0.000136472188769351
MAR09287,Soluble,BL,72,1,323.2,0.9241602366288963,0.01621910629624783,0.02119146286475521,0.525,0.003566,0.03442301362622675,0.0001227524665911246
MAR09290,Soluble,BL,72,1,131.13,1.0090108540894216,0.017708243276339675,0.009387289384598612,0.525,0.003566,0.03758351961346962,0.00013402283094163267
MAR09292,Soluble,BL,72,1,161.2,0.7125215954125684,0.012504826583454405,0.008149019857229711,0.525,0.003566,0.026539921991598006,9.46413618220385e-05
MAR09295,Soluble,BL,72,1,243.22,0.7316533154153134,0.012840590218434488,0.012625452025249038,0.525,0.003566,0.02725253808591294,9.718255081436555e-05
MAR09342,Soluble,BL,72,1,106.08,1.145976026265608,0.020111996000556367,0.008624846019974168,0.525,0.003566,0.042685182508356324,0.00015221536082479865
MAR09343,Soluble,BL,72,3,363.22,1.217052544494024,0.02135939613596902,0.0313632738189175,0.525,0.003566,0.04533263244020617,0.0001616561672817752
MAR09348,Soluble,BL,72,1,283.24,0.928356267491225,0.016292747065327764,0.018655700735143395,0.525,0.003566,0.03457930689856759,0.00012330980840029204
MAR09350,Soluble,BL,72,1,612.63,1.0739067111894776,0.018847172179330962,0.04667745010840925,0.525,0.003566,0.0400007529943275,0.0001426426851777719
MAR09351,Soluble,BL,72,2,307.32,0.9596876943560745,0.016842616798511453,0.020924883924664024,0.525,0.003566,0.035746336263336634,0.00012747143511505844
MAR09358,Soluble,BL,72,2,136.11,1.0947066317586938,0.019212212904190777,0.01057134119200492,0.525,0.003566,0.04077550603043555,0.0001454054545045332
MAR09360,Soluble,BL,72,2,348.21,2.169628909716229,0.03807720838375606,0.053600520272655425,0.525,0.003566,0.08081408673830189,0.0002881830333087845
MAR09362,Soluble,BL,72,1,268.23,1.0390071931557365,0.018234682082654836,0.019772801695633804,0.525,0.003566,0.03870081978230529,0.00013800712334370067
MAR09376,Soluble,BL,72,1,663.43,0.5397458109205471,0.009472593965098445,0.025405438398679505,0.525,0.003566,0.020104389550226462,7.169225313610757e-05
MAR09378,Soluble,BL,72,1,122.12,1.093570007496519,0.019192265032602667,0.00947492308652767,0.525,0.003566,0.040733169181354625,0.0001452544813007106
MAR09406,Soluble,BL,72,1,150.13,0.9771641997489317,0.01714933124847271,0.010408240983190716,0.525,0.003566,0.03639729911526761,0.0001297927686450443
MAR09415,Soluble,BL,72,1,118.09,0.8015527691205393,0.014067332751558602,0.006715642182609131,0.525,0.003566,0.029856144854515994,0.00010646701255120404
MAR09435,Soluble,BL,72,1,404.16,1.0477987094023806,0.01838897408836766,0.03004508901220827,0.525,0.003566,0.03902828516282992,0.0001391748648906515
MAR09436,Soluble,BL,72,1,324.18,1.1577455764379585,0.0203185528050351,0.02662819049391882,0.525,0.003566,0.0431235733521728,0.00015377866257384822
MAR09437,Soluble,BL,72,1,112.09,1.4388262187333418,0.02525154671076304,0.011442410368720266,0.525,0.003566,0.05359323261288375,0.00019111346749754344
MAR09439,Soluble,BL,72,1,244.2,1.5225985291143291,0.02672175929176278,0.026379913822499892,0.525,0.003566,0.05671357394272091,0.0002022406046797428
MAR09845,Soluble,BL,72,2,184.15,0.9161622924349418,0.016078741560900212,0.01196978757563348,0.525,0.003566,0.03412510712575388,0.00012169013201043834
MAR09854,Soluble,BL,72,1,192.12,1.227976742612847,0.02155111692579306,0.016738056381551618,0.525,0.003566,0.0457395357084874,0.00016310718433646608
MAR09858,Soluble,BL,72,1,168.04,1.427290321436336,0.025049090538048623,0.017016384905989355,0.525,0.003566,0.05316354484434904,0.00018958120091494869
MAR09864,Soluble,BL,72,1,580.29,0.7713316086499975,0.013536948306696895,0.0317561995496979,0.525,0.003566,0.028730470564013504,0.00010245285803127216
MAR09919,Soluble,BL,72,1,290.27,1.1516121567649735,0.020210910664968013,0.023716505620228798,0.525,0.003566,0.04289511644544776,0.0001529639852444667
MAR09920,Soluble,BL,72,1,203.24,1.0430356191016898,0.018305381368378615,0.015040096846531532,0.525,0.003566,0.03885087012610241,0.0001385422028696812
MAR10202,Soluble,BL,72,1,398.44,0.7047744856408484,0.012368864017769291,0.01992303104332356,0.525,0.003566,0.026251358542678623,9.361234456319197e-05
MAR10222,Soluble,BL,72,1,131.13,1.452656147634807,0.02549426337182675,0.013514724424317866,0.525,0.003566,0.054108368205344926,0.00019295044102026003
MAR10264,Soluble,BL,72,1,175.14,1.498136544114863,0.026292448963100717,0.01861568622919694,0.525,0.003566,0.05580241675418748,0.00019899141814543256
MAR11348,Soluble,BL,72,1,309.27,0.791074311596292,0.013883434754576582,0.01735790804274295,0.525,0.003566,0.029465844480357127,0.00010507520141695352
MAR11393,Soluble,BL,72,1,196.16,1.500353449349429,0.026331355875801585,0.020880761882572922,0.525,0.003566,0.055884991784006854,0.00019928588070176846
MAR11400,Soluble,BL,72,2,116.07,1.1300282863298554,0.01983211154010132,0.009305754822686798,0.525,0.003566,0.042091162935388726,0.0001500970870275962
MAR11404,Soluble,BL,72,2,134.09,1.1927408692788335,0.020932723759332927,0.011347097807729148,0.525,0.003566,0.04442707397313597,0.00015842694578820289
MAR11428,Soluble,BL,72,1,152.11,1.1200529600345603,0.019657043547440956,0.012087559681666152,0.525,0.003566,0.04171960313506495,0.00014877210477964162
MAR11925,Soluble,BL,72,1,123.11,0.21942798764255997,0.0038509835360678356,0.0019165831184596493,0.525,0.003566,0.008173228309571245,2.9145732151931062e-05
MAR12104,Soluble,BL,72,1,614.44,0.9724155761076867,0.017065992419830645,0.042391003172804864,0.525,0.003566,0.03622042293099823,0.0001291620281719397
MAR00567,Lipid,BL,96,1,312.53,1.3609575390329598,0.03605074411541429,0.03403243530783891,0.05,0.003285,0.005444666961225949,1.7885730967627243e-05
MAR00568,Lipid,BL,96,1,304.47,1.2836940622646402,0.03400409258474189,0.03127251284524251,0.05,0.003285,0.0051355655475486105,1.6870332823697187e-05
MAR00571,Lipid,BL,96,1,330.5,1.2887879001997922,0.03413902452986051,0.03408079004696997,0.05,0.003285,0.005155944031311645,1.6937276142858756e-05
MAR00611,Lipid,BL,96,1,256.42,1.266805412552171,0.033556724925004534,0.025990734094776213,0.05,0.003285,0.0050680005644599116,1.664838185425081e-05
MAR00621,Lipid,BL,96,1,368.64,0.9657057766347156,0.02558082147733517,0.02848420001102869,0.05,0.003285,0.003863416885176417,1.269132446780453e-05
MAR00626,Lipid,BL,96,1,278.43,0.9964570538239116,0.02639539973813647,0.022198894805851598,0.05,0.003285,0.003986440901815824,1.3095458362464984e-05
MAR00637,Lipid,BL,96,1,366.62,1.195010083926197,0.0316549205360034,0.035054555383748645,0.05,0.003285,0.004780775105524609,1.570484622164834e-05
MAR00639,Lipid,BL,96,1,284.48,1.4687551894544082,0.038906222997105104,0.03343165630230503,0.05,0.003285,0.005875923843909068,1.9302409827241292e-05
MAR00702,Lipid,BL,96,1,228.37,1.17541356473788,0.03113582344549989,0.0214776366164354,0.05,0.003285,0.00470237697955848,1.5447308377849606e-05
MAR04395,Lipid,BL,96,1,408.19,1.3179247560454144,0.03491083798053187,0.04304371199419903,0.05,0.003285,0.005272509369925651,1.7320193280205765e-05
MAR04830,Lipid,BL,96,1,411.58,1.1901401770775923,0.03152592035735734,0.039193055209608085,0.05,0.003285,0.004761292483795141,1.564084580926704e-05
MAR04899,Lipid,BL,96,1,259.34,3.275960012265136,0.08677772285123415,0.06797744519766873,0.05,0.003285,0.013105854322061529,4.3052731447972124e-05
MAR04918,Lipid,BL,96,1,287.4,1.1379971278219938,0.030144690104246922,0.02616885192212364,0.05,0.003285,0.004552688225839187,1.495558082188173e-05
MAR04923,Lipid,BL,96,1,343.5,1.7234010857659967,0.04565160173573383,0.04736634169368947,0.05,0.003285,0.006894664001992646,2.2648971246545843e-05
MAR04929,Lipid,BL,96,1,340.58,1.280108205193246,0.033909105921302606,0.03488370156923486,0.05,0.003285,0.00512121991444519,1.682320741895245e-05
MAR04950,Lipid,BL,96,1,395.58,1.523724447898283,0.04036231741117647,0.04822780562545108,0.05,0.003285,0.00609583467635511,2.0024816911826535e-05
MAR09815,Lipid,BL,96,1,172.26,1.1679431924782961,0.03093793888918338,0.016097665639205876,0.05,0.003285,0.004672490897250052,1.5349132597466422e-05
MAR09850,Lipid,BL,96,2,257.22,0.4972847465784085,0.013172699836128156,0.010234499568176854,0.05,0.003285,0.001989444749276272,6.535326001372554e-06
MAR09868,Lipid,BL,96,1,172.07,1.8017320009835862,0.0477265289100541,0.024805734490899702,0.05,0.003285,0.007208035825797554,2.3678397687744968e-05
MAR09924,Lipid,BL,96,1,427.66,2.016727678835317,0.05342160311028238,0.06900850682821495,0.05,0.003285,0.008068150730511967,2.650387514973181e-05
MAR09925,Lipid,BL,96,1,399.61,1.468915883350549,0.03891047965784912,0.046966696525986666,0.05,0.003285,0.005876566718298675,1.9304521669611148e-05
MAR10254,Lipid,BL,96,1,423.64,1.1364626268837759,0.03010404232569252,0.038522002727514215,0.05,0.003285,0.004546549278575467,1.493541438012041e-05
MAR10281,Lipid,BL,96,1,481.6,0.9034414388081721,0.02393148588373877,0.03481314227721688,0.05,0.003285,0.0036143212497110546,1.1873045305300814e-05
MAR10310,Lipid,BL,96,1,501.64,1.180072928989222,0.03125924650870948,0.047365022381923666,0.05,0.003285,0.004721017301443632,1.5508541835242335e-05
MAR10317,Lipid,BL,96,1,453.59,1.110602904128505,0.02941903767183076,0.040306864570043725,0.05,0.003285,0.004443094487317152,1.4595565390836844e-05
MAR10432,Lipid,BL,96,1,310.51,1.4578258996864837,0.03861671431113491,0.03621912822140173,0.05,0.003285,0.005832199964800124,1.915877688436841e-05
MAR10434,Lipid,BL,96,1,200.32,1.180982014821378,0.03128332751033816,0.018928854601853017,0.05,0.003285,0.004724654203737275,1.552048905927695e-05
MAR11949,Lipid,BL,96,1,397.59,1.3783298906001729,0.036510924674373994,0.04384755354139073,0.05,0.003285,0.005514167049144939,1.8114038756441127e-05
MAR09038,Protein,BL,96,3,155.15,1.0858570944448973,0.04826702062915341,0.05360434607791767,0.35,0.003285,0.12092504754928252,0.0003972387811993931
MAR09039,Protein,BL,96,2,131.17,0.8179615498768686,0.03635889768896711,0.03413838383120866,0.35,0.003285,0.09109121247940102,0.0002992346329948324
MAR09040,Protein,BL,96,2,131.17,0.8053677145973572,0.0357990939078378,0.03361276843676415,0.35,0.003285,0.0896887165729012,0.00029462743394198044
MAR09041,Protein,BL,96,3,146.19,0.7257659512869122,0.032260746208607284,0.033759018003714,0.35,0.003285,0.0808239708687318,0.000265506744303784
MAR09042,Protein,BL,96,4,149.21,0.7862096324666599,0.034947505287062516,0.037326033378616785,0.35,0.003285,0.08755520194702683,0.00028761883839598313
MAR09043,Protein,BL,96,4,165.19,0.8891432301551739,0.03952296748045946,0.046733792792892886,0.35,0.003285,0.09901826670810891,0.0003252750061361378
MAR09044,Protein,BL,96,2,119.12,0.7284878336997017,0.032381735568294066,0.02761102550858212,0.35,0.003285,0.08112708972467883,0.00026650248974556995
MAR09045,Protein,BL,96,4,204.23,0.9166097053623389,0.04074386932124183,0.05956340793501332,0.35,0.003285,0.10207703460439045,0.00033532305867542265
MAR09046,Protein,BL,96,4,117.15,0.8513238094135501,0.0378418707961377,0.031733108888556044,0.35,0.003285,0.09480655664528054,0.0003114395385797466
MAR09061,Protein,BL,96,4,89.09,1.0488599914458083,0.04662247647798329,0.029731856492220984,0.35,0.003285,0.11680491382060101,0.00038370414190067433
MAR09062,Protein,BL,96,4,132.12,0.6073891841432102,0.026998825564566675,0.025533548135925056,0.35,0.003285,0.06764109784721291,0.0002222010064280944
MAR09063,Protein,BL,96,4,146.14,0.9689905807683828,0.04307223168746012,0.04505720083111782,0.35,0.003285,0.10791036191933241,0.00035448553890500697
MAR09064,Protein,BL,96,4,181.19,0.7522229221830924,0.03343677495729235,0.04336669620820334,0.35,0.003285,0.0837703166447992,0.00027518549017816537
MAR09066,Protein,BL,96,4,174.2,0.6399286607708636,0.028445225461646784,0.03546951593499952,0.35,0.003285,0.07126481387629066,0.00023410491358361483
MAR09067,Protein,BL,96,4,75.07,1.1327294143589712,0.05035052429073371,0.027056283661142086,0.35,0.003285,0.1261449218249598,0.00041438606819499293
MAR09068,Protein,BL,96,4,115.13,0.8179429227752401,0.036358069702758636,0.029963121340215542,0.35,0.003285,0.09108913809672059,0.00029922781864772714
MAR09069,Protein,BL,96,4,105.09,0.7467606494068085,0.033193973548042696,0.02496998986466101,0.35,0.003285,0.08316201781931062,0.0002731872285364354
MAR09070,Protein,BL,96,3,133.1,0.7419128058308044,0.032978483897436774,0.03142002108253156,0.35,0.003285,0.0826221440938095,0.0002714137433481642
MAR09071,Protein,BL,96,4,147.13,0.9961485776858585,0.04427942147713718,0.04663381049089867,0.35,0.003285,0.11093477653649515,0.0003644207409223866
MAR09087,Protein,BL,96,3,132.16,1.4117583701294274,0.06275353425696567,0.059365748870800684,0.35,0.003285,0.15721861459428146,0.0005164631489422147
MAR09091,Protein,BL,96,1,103.12,1.0409017101114952,0.046268725941839055,0.03415294633510407,0.35,0.003285,0.11591865028400335,0.00038079276618295104
MAR09201,Protein,BL,96,2,175.19,1.045601730121699,0.04647764474335586,0.058284242321229585,0.35,0.003285,0.11644206183246963,0.00038251217311966276
MAR09418,Protein,BL,96,4,125.15,1.5794175977809748,0.07020609080526735,0.0628931541951746,0.35,0.003285,0.1758897640296533,0.0005777978748374112
MAR09846,Protein,BL,96,2,222.26,0.6079869954924726,0.027025398649436507,0.04299630642943942,0.35,0.003285,0.06770767232207234,0.00022241970357800764
MAR10343,Protein,BL,96,1,188.27,0.7515956349318382,0.03340889165031616,0.045023672953070325,0.35,0.003285,0.08370045962487178,0.00027495600986770385
MAR01939,Soluble,BL,96,1,785.55,0.8676161945931607,0.013685554242564277,0.044813946990350406,0.565,0.003285,0.032232041308061836,0.00010588225569698313
MAR01947,Soluble,BL,96,1,260.14,0.769701147616246,0.012141067527221033,0.013165609919609559,0.565,0.003285,0.028594486063578842,9.39328867188565e-05
MAR01986,Soluble,BL,96,1,566.3,0.8791467261037845,0.013867433874845961,0.0327355497057352,0.565,0.003285,0.03266040187840436,0.00010728942017055834
MAR09026,Soluble,BL,96,2,384.41,0.9396808708791476,0.01482228387305161,0.023751266692129416,0.565,0.003285,0.03490925231147243,0.00011467689384318695
MAR09034,Soluble,BL,96,2,180.16,1.1522785318811257,0.018175744584846165,0.013649839887532994,0.565,0.003285,0.04280727984267396,0.00014062191428318397
MAR09075,Soluble,BL,96,1,168.11,6.733946850843492,0.10621954208332612,0.07443461489884551,0.565,0.003285,0.25016689916035756,0.0008217982637417746
MAR09083,Soluble,BL,96,2,104.17,0.9304023295695935,0.014675926553795574,0.00637272483435414,0.565,0.003285,0.03456455343582691,0.0001135445580366914
MAR09133,Soluble,BL,96,2,88.06,0.6795034525008183,0.010718312331145776,0.003934432167591814,0.565,0.003285,0.025243631327383317,8.292532891045421e-05
MAR09135,Soluble,BL,96,2,90.08,2.142068215703976,0.0337884319587143,0.012687422078757072,0.565,0.003285,0.0795780803119199,0.0002614139938246569
MAR09143,Soluble,BL,96,1,376.36,1.0149380856777541,0.01600937178322322,0.025116245704783026,0.565,0.003285,0.03770506648741208,0.0001238611434111487
MAR09145,Soluble,BL,96,1,219.23,0.5507579933177363,0.008687514639592633,0.007939122554912142,0.565,0.003285,0.020460722727388407,6.721347415947092e-05
MAR09247,Soluble,BL,96,2,146.21,0.5405658841520746,0.00852674693642844,0.005196816998447811,0.565,0.003285,0.02008208470093026,6.59696482425559e-05
MAR09253,Soluble,BL,96,1,135.13,1.0009470870074793,0.01578868137610204,0.008893538923232977,0.565,0.003285,0.037185299279409695,0.00012215370813286084
MAR09259,Soluble,BL,96,1,146.1,0.6516001407367109,0.010278172682906568,0.006259549796616178,0.565,0.003285,0.02420702008958344,7.95200609942816e-05
MAR09262,Soluble,BL,96,1,347.22,1.0212666521847573,0.01610919696024159,0.023316083236919357,0.565,0.003285,0.037940173460225324,0.0001246334698168402
MAR09286,Soluble,BL,96,1,192.12,0.4944100546096735,0.007798696776980597,0.00624556288553567,0.565,0.003285,0.018367390330666526,6.033687723623954e-05
MAR09287,Soluble,BL,96,1,323.2,0.743605608936817,0.011729443225701713,0.01580249721294293,0.565,0.003285,0.02762503380356669,9.074823604471657e-05
MAR09290,Soluble,BL,96,1,131.13,1.0621152302493526,0.016753531902717833,0.009157678888285349,0.565,0.003285,0.03945770282834761,0.0001296185537911219
MAR09292,Soluble,BL,96,1,161.2,0.5364425907214169,0.008461707168550736,0.005685910274077235,0.565,0.003285,0.019928903876263258,6.546644923352481e-05
MAR09295,Soluble,BL,96,1,243.22,0.6196651202315949,0.009774437900080037,0.009909872085031319,0.565,0.003285,0.023020630408859037,7.562277089310195e-05
MAR09342,Soluble,BL,96,1,106.08,1.4698248709386907,0.023184638695839366,0.010252052375315129,0.565,0.003285,0.054604162821012894,0.00017937467486702735
MAR09343,Soluble,BL,96,3,363.22,0.8892238142519014,0.0140263872661238,0.02123696994548061,0.565,0.003285,0.03303476686084616,0.00010851920913787963
MAR09348,Soluble,BL,96,1,283.24,1.5164224920753457,0.023919657562031904,0.028241419147051278,0.565,0.003285,0.056335269799759814,0.000185061361292211
MAR09350,Soluble,BL,96,1,612.63,1.02336131773536,0.016142237674778098,0.04122294077167089,0.565,0.003285,0.038017990526082714,0.00012488909887818173
MAR09351,Soluble,BL,96,2,307.32,0.9472681721705624,0.014941964008145243,0.019141478648993765,0.565,0.003285,0.03519112142614043,0.0001156028338848713
MAR09358,Soluble,BL,96,2,136.11,2.178195359941159,0.03435829222085332,0.019493892908514058,0.565,0.003285,0.08092020787091647,0.0002658228828559606
MAR09360,Soluble,BL,96,2,348.21,1.8627540824363036,0.029382602808254492,0.042648963052144016,0.565,0.003285,0.06920152817110758,0.00022732702004208842
MAR09362,Soluble,BL,96,1,268.23,1.586985900486469,0.0250327065799833,0.027989306068622183,0.565,0.003285,0.058956708529141144,0.00019367278751822867
MAR09376,Soluble,BL,96,1,663.43,0.9340629721411332,0.014733668586260677,0.04074581188620701,0.565,0.003285,0.03470054672792451,0.00011399129600123203
MAR09378,Soluble,BL,96,1,122.12,0.7096698474458947,0.01119414927021657,0.005698425335464617,0.565,0.003285,0.026364316365357913,8.660677926020075e-05
MAR09406,Soluble,BL,96,1,150.13,1.0182876058589565,0.016062206251288794,0.01005193463229337,0.565,0.003285,0.03782950154696433,0.00012426991258177782
MAR09415,Soluble,BL,96,1,118.09,1.4520028029456156,0.02290351798860283,0.011274370191492132,0.565,0.003285,0.05394207094752353,0.00017719970306261478
MAR09435,Soluble,BL,96,1,404.16,0.8148908064880949,0.012853877559523004,0.0216553127561679,0.565,0.003285,0.030273287082429885,9.944774806578218e-05
MAR09436,Soluble,BL,96,1,324.18,0.731775486888994,0.011542837929499795,0.015598246836754946,0.565,0.003285,0.027185543410347783,8.930451010299248e-05
MAR09437,Soluble,BL,96,1,112.09,2.2750761223322162,0.03588646439770568,0.01676773937141671,0.565,0.003285,0.08451933932420769,0.00027764602968002227
MAR09439,Soluble,BL,96,1,244.2,1.5956242674024887,0.025168965953348034,0.025620523874309697,0.565,0.003285,0.05927762485251834,0.00019472699764052276
MAR09845,Soluble,BL,96,2,184.15,0.9828400632657843,0.0155030658503285,0.011900529568743967,0.565,0.003285,0.03651262126712105,0.00011994396086249265
MAR09854,Soluble,BL,96,1,192.12,0.45833818943345944,0.007229708472502221,0.005789890311209749,0.565,0.003285,0.017027316395135893,5.593473435802141e-05
MAR09858,Soluble,BL,96,1,168.04,1.3549722677643607,0.02137298333435887,0.01497113728357303,0.565,0.003285,0.050337375417869326,0.00016535827824770076
MAR09864,Soluble,BL,96,1,580.29,0.9759664905154859,0.015394643885292991,0.037238459490902785,0.565,0.003285,0.03625726724975456,0.00011910512291544374
MAR09919,Soluble,BL,96,1,290.27,1.0495910394330483,0.016555978544644415,0.020032445997636383,0.565,0.003285,0.03899242770063925,0.00012809012499659996
MAR09920,Soluble,BL,96,1,203.24,0.849343299684905,0.013397322307759424,0.011350216998838035,0.565,0.003285,0.03155320116287881,0.0001036522658200569
MAR10202,Soluble,BL,96,1,398.44,0.4781469510937175,0.00754216677361382,0.012526681508926808,0.565,0.003285,0.01776321416660889,5.8352158537310205e-05
MAR10222,Soluble,BL,96,1,131.13,3.147826731566009,0.04965300757351726,0.02714092179703953,0.565,0.003285,0.11694212472605303,0.0003841548797250842
MAR10264,Soluble,BL,96,1,175.14,2.9934185789270864,0.04721741316944437,0.03447184343087904,0.565,0.003285,0.11120584411583109,0.0003653111979205052
MAR11348,Soluble,BL,96,1,309.27,0.8371511516154302,0.013205006506397032,0.01702367763213404,0.565,0.003285,0.031100261461362987,0.00010216435890057742
MAR11393,Soluble,BL,96,1,196.16,1.1451766094855838,0.018063720691359197,0.014770480889077786,0.565,0.003285,0.04254344260975197,0.00013975520897303523
MAR11400,Soluble,BL,96,2,116.07,0.8542794027204492,0.013475183124858976,0.006519760360276105,0.565,0.003285,0.03173657795774963,0.00010425465859120754
MAR11404,Soluble,BL,96,2,134.09,0.9049575733791014,0.014274567527530407,0.007978776925468981,0.565,0.003285,0.03361927782004604,0.00011043932763885125
MAR11428,Soluble,BL,96,1,152.11,1.5332730653991924,0.0241854541627396,0.015335183824830552,0.565,0.003285,0.05696127053467398,0.00018711777370640403
MAR11925,Soluble,BL,96,1,123.11,0.1288400301527553,0.0020322894296549696,0.0010429316864860477,0.565,0.003285,0.004786421922383372,1.5723396015029378e-05
MAR12104,Soluble,BL,96,1,614.44,1.3662905823465832,0.021551515511506678,0.055199388756388766,0.565,0.003285,0.050757852104940514,0.00016673954416472958
MAR00567,Lipid,BL,120,1,312.53,1.6032883984724187,0.04697591166983468,0.046026940566444616,0.05,0.003041,0.00736360358468701,2.2392718501033198e-05
MAR00568,Lipid,BL,120,1,304.47,1.2671704442591685,0.03712774751994684,0.035439557298921946,0.05,0.003041,0.0058198767200252815,1.769824510559688e-05
MAR00571,Lipid,BL,120,1,330.5,1.339368774107081,0.03924313884247905,0.040661217613943805,0.05,0.003041,0.006151470138266839,1.8706620690469457e-05
MAR00611,Lipid,BL,120,1,256.42,1.1060555597983226,0.0324071254607219,0.026051790985526423,0.05,0.003041,0.0050799062057418345,1.544799477166092e-05
MAR00621,Lipid,BL,120,1,368.64,1.2874519500289971,0.0377219900931997,0.04359555721300579,0.05,0.003041,0.0059130258806702725,1.79815117031183e-05
MAR00626,Lipid,BL,120,1,278.43,0.8915000862283821,0.026120708753469425,0.022800594088565912,0.05,0.003041,0.004094493066222374,1.2451353414382239e-05
MAR00637,Lipid,BL,120,1,366.62,0.9020000597524235,0.02642835510659649,0.03037606164828461,0.05,0.003041,0.004142717479718048,1.2598003855822583e-05
MAR00639,Lipid,BL,120,1,284.48,1.3997370230143649,0.041011912028284615,0.03657690339460268,0.05,0.003041,0.006428730208556432,1.954976856422011e-05
MAR00702,Lipid,BL,120,1,228.37,0.721922879984925,0.02115214297996301,0.015143930373113682,0.05,0.003041,0.0033156566915780714,1.0082911999088915e-05
MAR04395,Lipid,BL,120,1,408.19,1.1788558321037501,0.03454015353266332,0.04420097034574878,0.05,0.003041,0.005414264233046961,1.6464777532695808e-05
MAR04830,Lipid,BL,120,1,411.58,0.5109850546608125,0.01497172237709853,0.019318402350409682,0.05,0.003041,0.002346858733467331,7.136797408474153e-06
MAR04899,Lipid,BL,120,1,259.34,4.510342875444491,0.13215181293610134,0.10744539598134314,0.05,0.003041,0.020715160789184693,6.299480395991065e-05
MAR04918,Lipid,BL,120,1,287.4,1.199212488131882,0.03513659798793528,0.031658596115310286,0.05,0.003041,0.005507758544765187,1.6749093734630933e-05
MAR04923,Lipid,BL,120,1,343.5,0.7799080950633019,0.02285109392620168,0.024608147182717276,0.05,0.003041,0.00358197193343774,1.0892776649584168e-05
MAR04929,Lipid,BL,120,1,340.58,0.5637872854249673,0.016518813300172925,0.017637749274507737,0.05,0.003041,0.002589369498283478,7.874272644280057e-06
MAR04950,Lipid,BL,120,1,395.58,0.6806310292660928,0.01994230304480225,0.02473174821879656,0.05,0.003041,0.0031260109483286012,9.506199293867276e-06
MAR09815,Lipid,BL,120,1,172.26,0.7050028929864539,0.020656391987532555,0.011155372791189893,0.05,0.003041,0.0032379463575960454,9.846594873449574e-06
MAR09850,Lipid,BL,120,2,257.22,0.5221681484079367,0.015299383965968577,0.012337406004804763,0.05,0.003041,0.0023982205903127214,7.292988815140985e-06
MAR09868,Lipid,BL,120,1,172.07,3.437957553442441,0.10073121623597364,0.054339347009672856,0.05,0.003041,0.01578989568480062,4.801707277747868e-05
MAR09924,Lipid,BL,120,1,427.66,2.046825940842794,0.05997144037976487,0.0804059690143292,0.05,0.003041,0.009400688515915587,2.8587493776899298e-05
MAR09925,Lipid,BL,120,1,399.61,1.09707840249137,0.032144097206354555,0.040270104746029704,0.05,0.003041,0.005038675802160821,1.5322613114371054e-05
MAR10254,Lipid,BL,120,1,423.64,0.6554404616922282,0.019204226303031816,0.025505800198003463,0.05,0.003041,0.003010315385469203,9.154369087211846e-06
MAR10281,Lipid,BL,120,1,481.6,0.7886453761484582,0.02310709387286248,0.03488807327221507,0.05,0.003041,0.0036221006304209993,1.1014808017110259e-05
MAR10310,Lipid,BL,120,1,501.64,1.193558595417617,0.0349709404774156,0.054997715489404464,0.05,0.003041,0.00548179127356316,1.6670127262905568e-05
MAR10317,Lipid,BL,120,1,453.59,0.9981978523226086,0.02924692412444486,0.041589993132614536,0.05,0.003041,0.004584535939131654,1.394157379089936e-05
MAR10432,Lipid,BL,120,1,310.51,1.2875460936899252,0.03772474847672212,0.03672375851660405,0.05,0.003041,0.005913458264887452,1.798282658352274e-05
MAR10434,Lipid,BL,120,1,200.32,0.6423084039243162,0.018819460601280116,0.011818889221103936,0.05,0.003041,0.0029500023015934353,8.970956999145637e-06
MAR11949,Lipid,BL,120,1,397.59,0.8130637929853547,0.02382254680917772,0.029694007952785154,0.05,0.003041,0.0037342498494410264,1.1355853792150161e-05
MAR09038,Protein,BL,120,3,155.15,2.279729554036807,0.08387071701021268,0.09338552930333016,0.4,0.003041,0.24076191892576262,0.0007321569954532441
MAR09039,Protein,BL,120,2,131.17,0.7755780859583202,0.02853333635630117,0.026859908164606653,0.4,0.003041,0.0819086930383675,0.00024908433552967555
MAR09040,Protein,BL,120,2,131.17,0.7701324098001754,0.028332991204315806,0.02667131289077137,0.4,0.003041,0.08133357594197262,0.0002473354044395387
MAR09041,Protein,BL,120,3,146.19,0.7721601194870176,0.02840759016936535,0.02980365372646411,0.4,0.003041,0.08154772207801932,0.00024798662283925674
MAR09042,Protein,BL,120,4,149.21,0.7451745878130714,0.027414798771636634,0.029356240823353252,0.4,0.003041,0.0786977838572569,0.0002393199607099182
MAR09043,Protein,BL,120,4,165.19,0.9012078205844487,0.03315522490542247,0.03930548688865509,0.4,0.003041,0.09517643171779185,0.000289431528853805
MAR09044,Protein,BL,120,2,119.12,0.8847151343410017,0.032548462836556456,0.02782483621887298,0.4,0.003041,0.0934346414334217,0.0002841347445990354
MAR09045,Protein,BL,120,4,204.23,0.8822216677436503,0.03245672878372086,0.047570939956791305,0.4,0.003041,0.09317130677528533,0.00028333394390364267
MAR09046,Protein,BL,120,4,117.15,1.053469063753836,0.038756880424108915,0.03258431195338963,0.4,0.003041,0.11125672028472772,0.000338331686385857
MAR09061,Protein,BL,120,4,89.09,1.3100572871881906,0.048196701142188936,0.030815109941877392,0.4,0.003041,0.1383549666264559,0.0004207374535110524
MAR09062,Protein,BL,120,4,132.12,0.7324477333271527,0.02694658077221274,0.025549927948101455,0.4,0.003041,0.07735370253739465,0.00023523260941621713
MAR09063,Protein,BL,120,4,146.14,1.664766420945696,0.06124636719825003,0.06423428373843505,0.4,0.003041,0.17581574856558113,0.0005346556913879322
MAR09064,Protein,BL,120,4,181.19,1.2619971321171277,0.04642857927953444,0.06037220920873216,0.4,0.003041,0.13327934038022443,0.0004053024740962625
MAR09066,Protein,BL,120,4,174.2,0.5227738899729327,0.0192327291228949,0.024043988666576505,0.4,0.003041,0.05521007730557177,0.00016789384508624375
MAR09067,Protein,BL,120,4,75.07,1.3513289194545648,0.049715074838855386,0.02678378575201587,0.4,0.003041,0.14271365793001664,0.00043399223376518057
MAR09068,Protein,BL,120,4,115.13,0.8772676633035648,0.03227447211922923,0.026666443717195183,0.4,0.003041,0.0926481150601761,0.00028174291789799554
MAR09069,Protein,BL,120,4,105.09,0.9141230943418036,0.03363037480576677,0.025363579734955486,0.4,0.003041,0.09654041197052236,0.0002935793928023585
MAR09070,Protein,BL,120,3,133.1,0.8276202755989684,0.030447956339278395,0.029083967630120958,0.4,0.003041,0.08740486139780905,0.0002657981835107373
MAR09071,Protein,BL,120,4,147.13,1.35925133139371,0.05000653852085653,0.052801404820318,0.4,0.003041,0.1435503427453762,0.000436536592288689
MAR09087,Protein,BL,120,3,132.16,1.7090282224258977,0.06287474852082171,0.05963397239543197,0.4,0.003041,0.18049023122104108,0.0005488707931431859
MAR09091,Protein,BL,120,1,103.12,1.244661953416987,0.045790822110265625,0.03388744252814032,0.4,0.003041,0.1314485745854939,0.0003997351153144869
MAR09201,Protein,BL,120,2,175.19,0.924247087720876,0.034002834153940724,0.04275056696598114,0.4,0.003041,0.0976096054934212,0.00029683081030549386
MAR09418,Protein,BL,120,4,125.15,1.9634066940297874,0.07223327298597228,0.06487622878393978,0.4,0.003041,0.20735510598142956,0.0006305668772895273
MAR09846,Protein,BL,120,2,222.26,0.8350924605438624,0.0307228562754798,0.04900499487943697,0.4,0.003041,0.08819399780336,0.00026819794732001775
MAR10343,Protein,BL,120,1,188.27,0.6190134861306076,0.022773361352812105,0.03076987336250728,0.4,0.003041,0.0653739275774309,0.00019880211376296735
MAR01939,Soluble,BL,120,1,785.55,0.9935896930790717,0.0124538519560198,0.0445072971324068,0.515,0.003041,0.02917861119367259,8.873215663995833e-05
MAR01947,Soluble,BL,120,1,260.14,0.7425682858503274,0.009307499427210151,0.01101523693881192,0.515,0.003041,0.021806900220989234,6.631478357202826e-05
MAR01986,Soluble,BL,120,1,566.3,0.7215079360598895,0.009043524790336344,0.023299037709251923,0.515,0.003041,0.02118842383942211,6.443399689568263e-05
MAR09026,Soluble,BL,120,2,384.41,1.4593638740505077,0.018291958706884624,0.031989582963139127,0.515,0.003041,0.04285693719210387,0.00013032794600118788
MAR09034,Soluble,BL,120,2,180.16,1.351268929899398,0.01693707505518292,0.013881949956714965,0.515,0.003041,0.03968252790690612,0.00012067456736490151
MAR09075,Soluble,BL,120,1,168.11,8.803966169741384,0.11035067298654061,0.0843960699636887,0.515,0.003041,0.25854485771994334,0.0007862349123263476
MAR09083,Soluble,BL,120,2,104.17,1.0374188910546562,0.01300321589038941,0.0061623608609677714,0.515,0.003041,0.030465737193034484,9.264630680401787e-05
MAR09133,Soluble,BL,120,2,88.06,0.7209164671940246,0.00903611120126292,0.0036200447333862885,0.515,0.003041,0.02117105425498454,6.438117598940798e-05
MAR09135,Soluble,BL,120,2,90.08,3.646468945474993,0.045705571148225654,0.018730579198460412,0.515,0.003041,0.10708534954714821,0.0003256465479728777
MAR09143,Soluble,BL,120,1,376.36,0.7187971971390477,0.009009547846486445,0.015426242177616267,0.515,0.003041,0.021108817944182106,6.419191536825778e-05
MAR09145,Soluble,BL,120,1,219.23,0.5146502570992223,0.006450729265496892,0.006433724918688739,0.515,0.003041,0.0151136629709652,4.596064909470517e-05
MAR09247,Soluble,BL,120,2,146.21,0.41911790924490905,0.00525330770861494,0.003494327502336272,0.515,0.003041,0.012308177714952328,3.742916843117003e-05
MAR09253,Soluble,BL,120,1,135.13,0.9105056659591937,0.011412460141200974,0.007015921800531265,0.515,0.003041,0.026738694052198635,8.131236861273605e-05
MAR09259,Soluble,BL,120,1,146.1,0.8904920483332803,0.011161605454650116,0.007418747193143865,0.515,0.003041,0.026150956909439364,7.952505996160511e-05
MAR09262,Soluble,BL,120,1,347.22,0.5795944223006896,0.007264752422601039,0.011475701430022134,0.515,0.003041,0.017020869294572312,5.17604635247944e-05
MAR09286,Soluble,BL,120,1,192.12,0.3318018611506642,0.004158870896392602,0.0036349773243220408,0.515,0.003041,0.009743979398427291,2.963144135061739e-05
MAR09287,Soluble,BL,120,1,323.2,0.4211995487281472,0.005279399394278179,0.007762642033892006,0.515,0.003041,0.012369308933955393,3.7615068468158346e-05
MAR09290,Soluble,BL,120,1,131.13,1.3606867548162316,0.017055119956492726,0.010174440322140021,0.515,0.003041,0.03995909986961116,0.00012151562270348753
MAR09292,Soluble,BL,120,1,161.2,0.9090401706063435,0.011394091329312364,0.008355999838636557,0.515,0.003041,0.02669565705271605,8.11814930973095e-05
MAR09295,Soluble,BL,120,1,243.22,0.4985277974169602,0.006248647130941364,0.006914152808309768,0.515,0.003041,0.014640196925744307,4.4520838851188436e-05
MAR09342,Soluble,BL,120,1,106.08,1.8834583807017002,0.023607644082834764,0.011393045957700403,0.515,0.003041,0.055311261955276275,0.00016820154760599515
MAR09343,Soluble,BL,120,3,363.22,0.6796533021557999,0.008518910437001403,0.014076915240522197,0.515,0.003041,0.01995928459024539,6.0696184438936234e-05
MAR09348,Soluble,BL,120,1,283.24,3.1939531527873006,0.0400336476881209,0.051586188153812135,0.515,0.003041,0.09379638080501783,0.0002852347940280592
MAR09350,Soluble,BL,120,1,612.63,1.1980354667045456,0.015016416176946117,0.04185219551067704,0.515,0.003041,0.03518254197149777,0.0001069901101353247
MAR09351,Soluble,BL,120,2,307.32,0.7949220004863845,0.009963711358520186,0.01393046622367858,0.515,0.003041,0.0233443645229548,7.099021251430555e-05
MAR09358,Soluble,BL,120,2,136.11,3.3395672243663714,0.041858803587775245,0.025919733645264932,0.515,0.003041,0.09807260911991358,0.0002982388043336572
MAR09360,Soluble,BL,120,2,348.21,2.1265633400881474,0.026654770270900078,0.04222502080439731,0.515,0.003041,0.06245049169829878,0.00018991194525452658
MAR09362,Soluble,BL,120,1,268.23,3.7066950421157205,0.04646045709025693,0.05669496832843696,0.515,0.003041,0.10885400100341137,0.00033102501705137397
MAR09376,Soluble,BL,120,1,663.43,0.49187030966669765,0.006165200847814325,0.018607842648238972,0.515,0.003041,0.014444687403106692,4.392629439284745e-05
MAR09378,Soluble,BL,120,1,122.12,1.270667744474431,0.01592680367479899,0.008848488922471993,0.515,0.003041,0.037315524034335704,0.00011347650858841487
MAR09406,Soluble,BL,120,1,150.13,0.7922603575657764,0.009930349793757655,0.006782436251515019,0.515,0.003041,0.023266200423168154,7.075251548685435e-05
MAR09415,Soluble,BL,120,1,118.09,1.0862792776372592,0.013615641749123844,0.007314841627038921,0.515,0.003041,0.031900613412863446,9.700976538851773e-05
MAR09435,Soluble,BL,120,1,404.16,0.4943129107146976,0.006195816897931693,0.011392147329996997,0.515,0.003041,0.014516418930493994,4.4144429967632234e-05
MAR09436,Soluble,BL,120,1,324.18,0.392207594692984,0.004916008443280342,0.007250242408909673,0.515,0.003041,0.011517906226752058,3.5025952835553e-05
MAR09437,Soluble,BL,120,1,112.09,7.665588332036253,0.09608201746450169,0.04899623081769411,0.515,0.003041,0.22511427309405357,0.0006845725044790169
MAR09439,Soluble,BL,120,1,244.2,1.6256083750970254,0.020375700536089517,0.022636636551249492,0.515,0.003041,0.047739016477860316,0.0001451743491091732
MAR09845,Soluble,BL,120,2,184.15,1.4400126251990144,0.018049406283042788,0.015121272268379062,0.515,0.003041,0.0422886517415977,0.00012859978994619862
MAR09854,Soluble,BL,120,1,192.12,0.35763684384241157,0.004482691737098274,0.003918006406597477,0.515,0.003041,0.010502671764510207,3.1938624835875536e-05
MAR09858,Soluble,BL,120,1,168.04,2.5990479218580465,0.03257698652762203,0.024904468080868523,0.515,0.003041,0.07632588110954111,0.00023210700445411452
MAR09864,Soluble,BL,120,1,580.29,1.0794848291073336,0.013530478772188902,0.03572004028590521,0.515,0.003041,0.03170108178193866,9.640298969887545e-05
MAR09919,Soluble,BL,120,1,290.27,0.8465775983091776,0.01061117295405182,0.014012616471094351,0.515,0.003041,0.024861327324951225,7.560329639517667e-05
MAR09920,Soluble,BL,120,1,203.24,1.256048059604691,0.015743557620336433,0.014556794580039029,0.515,0.003041,0.03688618976933724,0.00011217090308855455
MAR10202,Soluble,BL,120,1,398.44,0.6072088559277822,0.007610877257265339,0.013795941326595076,0.515,0.003041,0.017831818550337476,5.4226560211576264e-05
MAR10222,Soluble,BL,120,1,131.13,1.9474794944105485,0.02441009752789687,0.014562142112677218,0.515,0.003041,0.057191361153273605,0.00017391892926710504
MAR10264,Soluble,BL,120,1,175.14,1.9480298326632528,0.02441699557763778,0.019455001075377357,0.515,0.003041,0.057207522860679115,0.00017396807701932517
MAR11348,Soluble,BL,120,1,309.27,1.2375791311266693,0.015512064376541988,0.02182534321866549,0.515,0.003041,0.03634381529929424,0.00011052154232515377
MAR11393,Soluble,BL,120,1,196.16,1.6705450790780019,0.020938946172259807,0.01868611264354075,0.515,0.003041,0.04905866645301533,0.0001491874046836196
MAR11400,Soluble,BL,120,2,116.07,1.2380536484228704,0.015518012071247984,0.008194260363052683,0.515,0.003041,0.036357750383149236,0.00011056391891515682
MAR11404,Soluble,BL,120,2,134.09,1.3688714446392858,0.017157708495879023,0.010466690084549828,0.515,0.003041,0.040199458524447465,0.00012224655337284473
MAR11428,Soluble,BL,120,1,152.11,2.8018738465525335,0.03511924723803677,0.024302819090853134,0.515,0.003041,0.0822822420076876,0.000250220297945378
MAR11925,Soluble,BL,120,1,123.11,0.39807336231881324,0.0049895311480037665,0.0027945170176844176,0.515,0.003041,0.011690165413918246,3.554979302372538e-05
MAR12104,Soluble,BL,120,1,614.44,1.2120688517963096,0.0151923134327168,0.04246753774604876,0.515,0.003041,0.03559465845194829,0.00010824335635237475
MAR00567,Lipid,D,24,1,312.53,0.9267937091813137,0.03217774079653953,0.030159232540282997,0.06,0.004208,0.005790016806120948,2.436439072015695e-05
MAR00568,Lipid,D,24,1,304.47,0.8152439176768231,0.0283047966436166,0.025845061577061176,0.06,0.004208,0.005093124756539792,2.1431868975519442e-05
MAR00571,Lipid,D,24,1,330.5,0.7540873407312346,0.02618147571311837,0.025950074596092058,0.06,0.004208,0.004711057415326849,1.982412960369538e-05
MAR00611,Lipid,D,24,1,256.42,0.8874281564704579,0.03081099160640814,0.023693575130598905,0.06,0.004208,0.005544085905295742,2.332951348948448e-05
MAR00621,Lipid,D,24,1,368.64,1.5266700682409746,0.053005100542911486,0.0585993967242606,0.06,0.004208,0.009537662227255958,4.013448265229307e-05
MAR00626,Lipid,D,24,1,278.43,0.8890163486851008,0.03086613272024134,0.02577337374677068,0.06,0.004208,0.005554007918709337,2.3371265321928887e-05
MAR00637,Lipid,D,24,1,366.62,1.5065091729179827,0.05230512593421193,0.05750868407827512,0.06,0.004208,0.009411709794055171,3.960447481338416e-05
MAR00639,Lipid,D,24,1,284.48,0.8840347750880098,0.030693175370209606,0.02618584452973643,0.06,0.004208,0.005522886219713814,2.324030521255573e-05
MAR00702,Lipid,D,24,1,228.37,1.164613727472046,0.04043471408949309,0.02769277349150093,0.06,0.004208,0.007275764809257151,3.061641831735409e-05
MAR04395,Lipid,D,24,1,408.19,0.8717130366457632,0.03026537174807712,0.03704941872646925,0.06,0.004208,0.005445907845827078,2.2916380215240347e-05
MAR04830,Lipid,D,24,1,411.58,1.1970336609094367,0.04156031540125743,0.05129867201780088,0.06,0.004208,0.007478303904631063,3.146870283068751e-05
MAR04899,Lipid,D,24,1,259.34,0.17063871881853007,0.005924477485768156,0.004607789013163399,0.06,0.004208,0.0010660420328133106,4.485904874078411e-06
MAR04918,Lipid,D,24,1,287.4,1.4462516593236634,0.050213019962544576,0.043278891702282836,0.06,0.004208,0.009035259228033997,3.802037083156706e-05
MAR04923,Lipid,D,24,1,343.5,0.7299452772369232,0.025343277251348734,0.026107334950104224,0.06,0.004208,0.004560233179057506,1.9189461217473984e-05
MAR04929,Lipid,D,24,1,340.58,1.4925424101810842,0.051820208021344696,0.052928711076767304,0.06,0.004208,0.00932445435611615,3.9237303930536755e-05
MAR04950,Lipid,D,24,1,395.58,0.8757434936662315,0.030405306881442218,0.03607088037691359,0.06,0.004208,0.005471087574232305,2.3022336512369542e-05
MAR09815,Lipid,D,24,1,172.26,1.5822008541825265,0.05493309726813074,0.02837863839426357,0.06,0.004208,0.009884583209426532,4.159432614526685e-05
MAR09850,Lipid,D,24,2,257.22,1.88727319602217,0.06552503228307686,0.050545791601497546,0.06,0.004208,0.011790480896080601,4.961434361070717e-05
MAR09868,Lipid,D,24,1,172.07,0.5111907240007239,0.01774824586263206,0.009158695494103768,0.06,0.004208,0.0031935940585007616,1.3438643798171204e-05
MAR09924,Lipid,D,24,1,427.66,0.4305348622258966,0.01494792105658164,0.01917133923968263,0.06,0.004208,0.002689707605062334,1.1318289602102301e-05
MAR09925,Lipid,D,24,1,399.61,0.6302266626444714,0.021881104708355997,0.0262227730930045,0.06,0.004208,0.003937254787368359,1.6567968145246056e-05
MAR10254,Lipid,D,24,1,423.64,1.1020365213315855,0.038262069736157894,0.04861143519000353,0.06,0.004208,0.006884822281654735,2.8971332161203122e-05
MAR10281,Lipid,D,24,1,481.6,1.6267148172656465,0.0564785962844983,0.08157242954257242,0.06,0.004208,0.010162678099157692,4.276454944125557e-05
MAR10310,Lipid,D,24,1,501.64,0.8190947962493349,0.02843849691727803,0.04278305793403355,0.06,0.004208,0.005117182593178401,2.153310435209471e-05
MAR10317,Lipid,D,24,1,453.59,1.1833424427411303,0.041084964236220066,0.05588810826773983,0.06,0.004208,0.007392769893658127,3.1108775712513396e-05
MAR10432,Lipid,D,24,1,310.51,0.6875232034441835,0.02387040741954952,0.022228412513351375,0.06,0.004208,0.004295207081256908,1.8074231397929067e-05
MAR10434,Lipid,D,24,1,200.32,1.3898840386317137,0.04825596881947475,0.028990010705707014,0.06,0.004208,0.008683110235335566,3.653852787029206e-05
MAR11949,Lipid,D,24,1,397.59,0.8140361957989022,0.028262865239511173,0.033699593745959974,0.06,0.004208,0.005085579679462759,2.1400119291179292e-05
MAR09038,Protein,D,24,3,155.15,0.9431912083246593,0.03166635442006513,0.03427475325916357,0.31,0.004208,0.06848323242243445,0.0002881774420336042
MAR09039,Protein,D,24,2,131.17,1.357513017075064,0.04557664230660855,0.041706268456295985,0.31,0.004208,0.09856631258253988,0.0004147670433473278
MAR09040,Protein,D,24,2,131.17,1.3944215707678795,0.04681579650148777,0.04284019353051946,0.31,0.004208,0.10124616905131535,0.000426043879367935
MAR09041,Protein,D,24,3,146.19,1.542684091213487,0.05179350778442277,0.05282232101060183,0.31,0.004208,0.112011214948263,0.0004713431925022907
MAR09042,Protein,D,24,4,149.21,1.0833773924246415,0.03637291375959887,0.037861735058907525,0.31,0.004208,0.07866187164574312,0.00033100915588528705
MAR09043,Protein,D,24,4,165.19,0.6991811790874551,0.02347405152360296,0.02705180794928005,0.31,0.004208,0.05076615088247966,0.0002136239629134744
MAR09044,Protein,D,24,2,119.12,1.6473090316330246,0.0553061470194599,0.0459602706421122,0.31,0.004208,0.11960782319555727,0.000503309720006905
MAR09045,Protein,D,24,4,204.23,0.8352633329313418,0.028042823662097118,0.03995450617606894,0.31,0.004208,0.060646804654464925,0.0002552017539859884
MAR09046,Protein,D,24,4,117.15,0.9840462197485563,0.03303800553403482,0.027001046912718988,0.31,0.004208,0.07144963331577368,0.00030066005699277564
MAR09061,Protein,D,24,4,89.09,0.9278119871528704,0.031150018109853465,0.019360285227153943,0.31,0.004208,0.06736657784731981,0.00028347855958152173
MAR09062,Protein,D,24,4,132.12,2.2071805345005835,0.07410306675643442,0.06830134178880043,0.31,0.004208,0.16025897634368858,0.0006743697724542415
MAR09063,Protein,D,24,4,146.14,0.90875481672482,0.030510199685241407,0.031105604227347768,0.31,0.004208,0.06598287471245251,0.00027765593679000014
MAR09064,Protein,D,24,4,181.19,0.8966793771818933,0.03010478332324669,0.03805346601321941,0.31,0.004208,0.06510610113194999,0.0002739664735632456
MAR09066,Protein,D,24,4,174.2,1.794696664364131,0.06025448514433254,0.07322544497064976,0.31,0.004208,0.1303093452405363,0.0005483417247721768
MAR09067,Protein,D,24,4,75.07,0.8905909460470263,0.029900372577602318,0.015659125496988273,0.31,0.004208,0.06466403229074684,0.0002721062478794627
MAR09068,Protein,D,24,4,115.13,1.5051569854839932,0.050533586551165945,0.04058757613804404,0.31,0.004208,0.10928644664981893,0.00045987736750243807
MAR09069,Protein,D,24,4,105.09,1.6084180852668608,0.05400043670272551,0.039589785881406735,0.31,0.004208,0.11678402914869244,0.0004914271946576978
MAR09070,Protein,D,24,3,133.1,1.7577114790961907,0.05901275814915976,0.05479594960761243,0.31,0.004208,0.12762392470593428,0.0005370414751625714
MAR09071,Protein,D,24,4,147.13,0.7925835107195289,0.02660990702248461,0.027312979637977138,0.31,0.004208,0.05754790788943731,0.0002421615963987522
MAR09087,Protein,D,24,3,132.16,0.6230918398298415,0.020919456057430213,0.019287454154999734,0.31,0.004208,0.045241455720716695,0.00019037604567277586
MAR09091,Protein,D,24,1,103.12,1.07210342334875,0.035994405672026504,0.025894194169002183,0.31,0.004208,0.07784329123730291,0.0003275645695265706
MAR09201,Protein,D,24,2,175.19,1.069835364032415,0.0359182586834595,0.043898438812035645,0.31,0.004208,0.0776786119740342,0.0003268715991867359
MAR09418,Protein,D,24,4,125.15,0.2640294224990635,0.00886442663628237,0.007739376828757553,0.31,0.004208,0.019170649755611998,8.067009417161529e-05
MAR09846,Protein,D,24,2,222.26,1.7992568351281921,0.06040758663887179,0.0936649885454381,0.31,0.004208,0.13064045014436163,0.0005497350142074737
MAR10343,Protein,D,24,1,188.27,1.1803909067926337,0.03963000977830505,0.05205108550489832,0.31,0.004208,0.08570582942857853,0.00036065013023545844
MAR01939,Soluble,D,24,1,785.55,1.4658402878339223,0.02181737606176611,0.06559085915907076,0.595,0.004208,0.04968055655228452,0.00020905578197201325
MAR01947,Soluble,D,24,1,260.14,1.469431133283691,0.021870821738083992,0.02177404949928354,0.595,0.004208,0.049802258215090746,0.00020956790256910186
MAR01986,Soluble,D,24,1,566.3,1.2708852312404901,0.018915690373261067,0.040995456547864496,0.595,0.004208,0.043073100204802005,0.00018125160566180684
MAR09026,Soluble,D,24,2,384.41,0.631927196234202,0.009405522142028272,0.01383708332313833,0.595,0.004208,0.021417404795055554,9.012443937759376e-05
MAR09034,Soluble,D,24,2,180.16,0.5672001750182497,0.008442133582614942,0.005820731441973381,0.595,0.004208,0.019223663454563507,8.089317581680324e-05
MAR09075,Soluble,D,24,1,168.11,0.034641164386741065,0.000515594582108128,0.0003317178656993071,0.595,0.004208,0.001174065374404186,4.940467095492815e-06
MAR09083,Soluble,D,24,2,104.17,1.0171993059301236,0.015139862078725573,0.006035754295930529,0.595,0.004208,0.03447512533434448,0.00014507132740692157
MAR09133,Soluble,D,24,2,88.06,2.013407436726382,0.029967294238806546,0.010099344398079751,0.595,0.004208,0.06823881350053886,0.0002871489272102675
MAR09135,Soluble,D,24,2,90.08,0.4462118454383419,0.006641359032046158,0.0022895614572406965,0.595,0.004208,0.015123102431818544,6.363801503309244e-05
MAR09143,Soluble,D,24,1,376.36,1.1003056138938123,0.01637680554998741,0.0235884617971422,0.595,0.004208,0.03729178119167714,0.00015692381525457742
MAR09145,Soluble,D,24,1,219.23,2.2357251910955998,0.03327624275969077,0.027919088601751116,0.595,0.004208,0.07577365195475945,0.00031885552742562774
MAR09247,Soluble,D,24,2,146.21,2.3111697398543227,0.034399149604140804,0.019248272242976355,0.595,0.004208,0.07833063391403412,0.0003296153075102556
MAR09253,Soluble,D,24,1,135.13,1.6683597775829995,0.024831649788832073,0.012841753240257946,0.595,0.004208,0.05654438820360748,0.00023793878556078026
MAR09259,Soluble,D,24,1,146.1,1.3150516660124598,0.01957305784004794,0.010943994461099962,0.595,0.004208,0.044569997976416684,0.0001875505514847614
MAR09262,Soluble,D,24,1,347.22,1.6995866490671268,0.02529642647975547,0.03361482668794331,0.595,0.004208,0.05760273566996793,0.00024239231169922504
MAR09286,Soluble,D,24,1,192.12,2.8191504199239272,0.041959867931488294,0.030851313555660554,0.595,0.004208,0.09554721822620253,0.00040206269429586024
MAR09287,Soluble,D,24,1,323.2,1.9233393910134675,0.02862673316897079,0.03540871051001083,0.595,0.004208,0.0651862090144073,0.0002743035675326259
MAR09290,Soluble,D,24,1,131.13,0.8123805273021052,0.012091366035242978,0.006067983607657747,0.595,0.004208,0.02753336571765698,0.00011586040293990057
MAR09292,Soluble,D,24,1,161.2,1.7001674090134364,0.02530507043520915,0.015611317524900262,0.595,0.004208,0.057622418903943276,0.0002424751387477933
MAR09295,Soluble,D,24,1,243.22,1.8413175634870667,0.027405930963390016,0.025510020798007425,0.595,0.004208,0.062406308588168806,0.0002626057465390143
MAR09342,Soluble,D,24,1,106.08,0.39723077933560386,0.00591233121916704,0.0024002652421453766,0.595,0.004208,0.0134630261979308,5.665241424089281e-05
MAR09343,Soluble,D,24,3,363.22,1.0331247031587643,0.015376893618351005,0.02137496110066145,0.595,0.004208,0.03501487212954562,0.00014734258192112797
MAR09348,Soluble,D,24,1,283.24,0.46235150349346377,0.0068815796019264155,0.007459499561676904,0.595,0.004208,0.01567011099843863,6.593982708142976e-05
MAR09350,Soluble,D,24,1,612.63,0.8235436064222701,0.012257515851968086,0.028738737977713095,0.595,0.004208,0.02791170706093285,0.00011745246331240544
MAR09351,Soluble,D,24,2,307.32,1.0705885402519186,0.015934500493644296,0.018741150474085765,0.595,0.004208,0.03628460410022462,0.0001526856140537452
MAR09358,Soluble,D,24,2,136.11,0.5716393921761511,0.008508206313019219,0.004431951667711678,0.595,0.004208,0.01937411830349312,8.152628982109904e-05
MAR09360,Soluble,D,24,2,348.21,0.20293798327581344,0.0030205025302500496,0.004025199519637344,0.595,0.004208,0.006878015318871426,2.8942688461810962e-05
MAR09362,Soluble,D,24,1,268.23,0.34172948036435585,0.0050862571088957425,0.005221227642598094,0.595,0.004208,0.01158196490827225,4.873690833400963e-05
MAR09376,Soluble,D,24,1,663.43,2.049237292157359,0.030500581143706313,0.07744086398993567,0.595,0.004208,0.06945316623307919,0.00029225892350879726
MAR09378,Soluble,D,24,1,122.12,1.1482730498613047,0.017090746623859735,0.007987572267228885,0.595,0.004208,0.03891750326728781,0.0001637648537487471
MAR09406,Soluble,D,24,1,150.13,0.8895226617858334,0.013239539524679447,0.007606893469359952,0.595,0.004208,0.030147882596877184,0.0001268622899676592
MAR09415,Soluble,D,24,1,118.09,1.0446723882093623,0.015548767859687368,0.007027098989839598,0.595,0.004208,0.035406248615078,0.0001489894941722482
MAR09435,Soluble,D,24,1,404.16,2.5016805067926104,0.037234687063852794,0.05759277520324269,0.595,0.004208,0.0847874634944809,0.0003567856463847756
MAR09436,Soluble,D,24,1,324.18,1.926460490204903,0.028673187203118154,0.03557370974671404,0.595,0.004208,0.06529198994168317,0.0002747486936746028
MAR09437,Soluble,D,24,1,112.09,0.25188154342490415,0.0037489721093965627,0.0016082221813316976,0.595,0.004208,0.008536820393365688,3.592294021528281e-05
MAR09439,Soluble,D,24,1,244.2,0.3189217538092315,0.004746789875325304,0.004436215512540303,0.595,0.004208,0.010808960810653072,4.5484107091228125e-05
MAR09845,Soluble,D,24,2,184.15,0.9742918386587389,0.014501232920360005,0.010219828799248352,0.595,0.004208,0.033020896744788315,0.00013895193350206922
MAR09854,Soluble,D,24,1,192.12,2.8196418148885196,0.041967181790185146,0.03085669112616023,0.595,0.004208,0.0955638726840794,0.0004021327762546061
MAR09858,Soluble,D,24,1,168.04,0.40857501097450954,0.006081177286403686,0.003910815310493194,0.595,0.004208,0.013847507199139792,5.8270310293980244e-05
MAR09864,Soluble,D,24,1,580.29,1.3165103701924945,0.019594769003210003,0.04351632421492025,0.595,0.004208,0.04461943667455505,0.00018775858952652764
MAR09919,Soluble,D,24,1,290.27,1.0680489096919619,0.01589670096292843,0.017659407439839365,0.595,0.004208,0.03619853042582569,0.00015232341603187448
MAR09920,Soluble,D,24,1,203.24,1.2641514210159888,0.018815465218299875,0.014634945728373823,0.595,0.004208,0.04284487654193281,0.00018029124048845325
MAR10202,Soluble,D,24,1,398.44,2.0740142290412593,0.030869357847513178,0.04707144124580774,0.595,0.004208,0.0702929112068457,0.00029579257035840673
MAR10222,Soluble,D,24,1,131.13,0.08392217830467133,0.0012490867792296953,0.0006268471303255431,0.595,0.004208,0.0028443075005238935,1.1968845962204543e-05
MAR10264,Soluble,D,24,1,175.14,0.09055330772788314,0.001347783646508626,0.0009033842134420145,0.595,0.004208,0.0030690510848349816,1.2914566964985602e-05
MAR11348,Soluble,D,24,1,309.27,1.3114160583150898,0.019518945928262664,0.023102614134656762,0.595,0.004208,0.04444677922242951,0.00018703204696798338
MAR11393,Soluble,D,24,1,196.16,0.34813307335415045,0.0051815673535140615,0.003889901191056434,0.595,0.004208,0.011798996781599602,4.9650178456971125e-05
MAR11400,Soluble,D,24,2,116.07,1.1670102432710598,0.017369628571883386,0.007715738234904038,0.595,0.004208,0.03955254802936075,0.00016643712210755003
MAR11404,Soluble,D,24,2,134.09,1.0584817791699226,0.015754305037421586,0.008084675816553288,0.595,0.004208,0.03587427929636219,0.00015095896727909208
MAR11428,Soluble,D,24,1,152.11,0.6405245658324558,0.009533484272162022,0.005549787953773092,0.595,0.004208,0.02170878859046078,9.135058238865896e-05
MAR11925,Soluble,D,24,1,123.11,8.548290962362286,0.1272316501048338,0.05994534447101541,0.595,0.004208,0.2897204123162551,0.0012191434950268015
MAR12104,Soluble,D,24,1,614.44,0.6361686071614108,0.00946865075023984,0.022265607427319353,0.595,0.004208,0.021561155555066422,9.07293425757195e-05
MAR00567,Lipid,D,48,1,312.53,0.6660012987324928,0.023552915411389617,0.022353768518352475,0.065,0.003901,0.004649137534613992,1.8136285522529184e-05
MAR00568,Lipid,D,48,1,304.47,1.0591919802569436,0.037457973674964756,0.034634039854393554,0.065,0.003901,0.007393873256923772,2.8843499575259634e-05
MAR00571,Lipid,D,48,1,330.5,0.9650341680610716,0.0341281138230523,0.034252960632852006,0.065,0.003901,0.0067365883241615136,2.6279431052554064e-05
MAR00611,Lipid,D,48,1,256.42,1.08612753512049,0.03841054065413933,0.029910018461120284,0.065,0.003901,0.0075819015676344215,2.9576998015341877e-05
MAR00621,Lipid,D,48,1,368.64,0.8851437896945041,0.031302817044453285,0.03504291662417026,0.065,0.003901,0.006178899686878979,2.4103887678514898e-05
MAR00626,Lipid,D,48,1,278.43,1.3025385385247505,0.04606384413414022,0.03894848509856496,0.065,0.003901,0.009092596097427443,3.547021737606445e-05
MAR00637,Lipid,D,48,1,366.62,0.820483833942479,0.029016139118704452,0.032305029572432135,0.065,0.003901,0.00572752965525091,2.23430931851338e-05
MAR00639,Lipid,D,48,1,284.48,0.873042047046946,0.030874842922704867,0.0266729383465338,0.065,0.003901,0.0060944213741728655,2.3774337780648348e-05
MAR00702,Lipid,D,48,1,228.37,1.5917160135041888,0.05629050978784438,0.03903809339541503,0.065,0.003901,0.011111249598029413,4.334498468191274e-05
MAR04395,Lipid,D,48,1,408.19,0.8335180202420976,0.02947708880146854,0.036539391933442786,0.065,0.003901,0.005818517052533823,2.2698035021934444e-05
MAR04830,Lipid,D,48,1,411.58,1.085599568725469,0.03839186929739325,0.047985263754279646,0.065,0.003901,0.00757821600667714,2.9562620642047523e-05
MAR04899,Lipid,D,48,1,259.34,0.26971737583906685,0.009538465690997297,0.007512117866579149,0.065,0.003901,0.0018828089046334724,7.344837536975176e-06
MAR04918,Lipid,D,48,1,287.4,1.135634010604761,0.040161320767655925,0.03505170239387891,0.065,0.003901,0.007927490102999755,3.0925138891802044e-05
MAR04923,Lipid,D,48,1,343.5,0.7230009346075651,0.025568688661082365,0.026671630221372943,0.065,0.003901,0.00504703337522341,1.9688477196746523e-05
MAR04929,Lipid,D,48,1,340.58,0.9453089772548673,0.0334305389813572,0.034576169990981565,0.065,0.003901,0.006598893209859069,2.5742282411660228e-05
MAR04950,Lipid,D,48,1,395.58,0.9220371884388309,0.03260753987535097,0.03917118637689021,0.065,0.003901,0.006436440453253107,2.510855420814037e-05
MAR09815,Lipid,D,48,1,172.26,1.6203596565058638,0.05730348273846241,0.02997642419729334,0.065,0.003901,0.011311201514130195,4.412499710662189e-05
MAR09850,Lipid,D,48,2,257.22,1.5656827655206453,0.05536985259272018,0.0432506328247871,0.065,0.003901,0.010929519996933213,4.263605750803646e-05
MAR09868,Lipid,D,48,1,172.07,0.33205473318672873,0.011743005693206477,0.006136189952094024,0.065,0.003901,0.0023179656354164677,9.042383943759641e-06
MAR09924,Lipid,D,48,1,427.66,0.5212493851499856,0.018433811916044984,0.0239402206383285,0.065,0.003901,0.003638671705306441,1.4194458322400426e-05
MAR09925,Lipid,D,48,1,399.61,0.7950335584472682,0.02811609855260335,0.03411974444202025,0.065,0.003901,0.005549869594683106,2.1650041288858797e-05
MAR10254,Lipid,D,48,1,423.64,1.320955562559334,0.046715156091101294,0.06009926057223362,0.065,0.003901,0.009221159326775532,3.597174253375135e-05
MAR10281,Lipid,D,48,1,481.6,1.5565504534243393,0.05504689139921491,0.08050699970497671,0.065,0.003901,0.010865770309018868,4.23873699754826e-05
MAR10310,Lipid,D,48,1,501.64,0.9330431780972922,0.03299676305545244,0.05026640920589408,0.065,0.003901,0.0065132696722412795,2.540826499141323e-05
MAR10317,Lipid,D,48,1,453.59,0.9886909877524556,0.03496472941847843,0.04816238756289294,0.065,0.003901,0.006901728855548053,2.6923644265492955e-05
MAR10432,Lipid,D,48,1,310.51,0.7992921022925816,0.02826670054565539,0.02665416453847869,0.065,0.003901,0.005579597098325706,2.1766008280568578e-05
MAR10434,Lipid,D,48,1,200.32,1.8032567713396115,0.06377157864588005,0.038794114611381554,0.065,0.003901,0.012587946534244217,4.9105579430086694e-05
MAR11949,Lipid,D,48,1,397.59,0.8765449154649798,0.030998720704481262,0.03742773870835955,0.065,0.003901,0.0061188737544791635,2.3869726516223217e-05
MAR09038,Protein,D,48,3,155.15,0.5135340538192783,0.01768633255931206,0.01890954007655952,0.4,0.003901,0.04875163410005678,0.0001901801246243215
MAR09039,Protein,D,48,2,131.17,1.3517187537963724,0.046553772293190084,0.04208049072084143,0.4,0.003901,0.12832352129554453,0.0005005900565739192
MAR09040,Protein,D,48,2,131.17,1.3863544936556123,0.04774664199488257,0.043158739376978505,0.4,0.003901,0.13161161661043994,0.0005134169163973262
MAR09041,Protein,D,48,3,146.19,1.4538693160201817,0.05007188136730961,0.05044324012090593,0.4,0.003901,0.13802104144170174,0.0005384200826640784
MAR09042,Protein,D,48,4,149.21,1.5863769660569305,0.054635501535773894,0.056177739978732884,0.4,0.003901,0.1506004690804447,0.0005874924298828148
MAR09043,Protein,D,48,4,165.19,1.4344323850585459,0.04940246514775573,0.05623721079315535,0.4,0.003901,0.13617582370156875,0.0005312218882598197
MAR09044,Protein,D,48,2,119.12,1.2362343341997932,0.04257643946547653,0.03494985866416688,0.4,0.003901,0.1173601701281628,0.00045782202366996305
MAR09045,Protein,D,48,4,204.23,1.1258700509804926,0.03877544632554822,0.054571732540073324,0.4,0.003901,0.1068828919161207,0.00041695016136478685
MAR09046,Protein,D,48,4,117.15,1.2275417544552198,0.042277063299441454,0.034130174148867015,0.4,0.003901,0.11653495227952887,0.0004546028488424421
MAR09061,Protein,D,48,4,89.09,0.9338032019138915,0.03216058185658634,0.019744414311972325,0.4,0.003901,0.08864929537309384,0.00034582090125043907
MAR09062,Protein,D,48,4,132.12,1.6740436443953852,0.05765477945109944,0.05249226097233993,0.4,0.003901,0.15892298205370856,0.000619958552991517
MAR09063,Protein,D,48,4,146.14,1.0354489839554997,0.035661306085230944,0.035913501259627584,0.4,0.003901,0.09829889492165757,0.00038346398908938614
MAR09064,Protein,D,48,4,181.19,1.429764603747518,0.04924170476201891,0.06148351726354003,0.4,0.003901,0.1357326944390751,0.0005294932410068319
MAR09066,Protein,D,48,4,174.2,1.6070114027273696,0.055346160364362275,0.06643960578439882,0.4,0.003901,0.15255937034305128,0.000595134103708243
MAR09067,Protein,D,48,4,75.07,0.8409741507238816,0.028963509611228098,0.01498335263198648,0.4,0.003901,0.07983669978412938,0.0003114429658578887
MAR09068,Protein,D,48,4,115.13,1.4668264199921344,0.05051812957256337,0.04007994955797,0.4,0.003901,0.1392511059079997,0.0005432185641471068
MAR09069,Protein,D,48,4,105.09,1.0684361428453735,0.03679739795289605,0.026648324044936066,0.4,0.003901,0.10143048451778881,0.00039568032010389416
MAR09070,Protein,D,48,3,133.1,1.3046237536660994,0.044931800336335245,0.041211960505175026,0.4,0.003901,0.12385262360683708,0.00048314908469027144
MAR09071,Protein,D,48,4,147.13,0.8264914461340177,0.028464719067875448,0.02886021326448785,0.4,0.003901,0.07846180456599702,0.0003060794996119544
MAR09087,Protein,D,48,3,132.16,0.5388078238683195,0.01855677201467139,0.01690027849259859,0.4,0.003901,0.0511509639606495,0.0001995399104104937
MAR09091,Protein,D,48,1,103.12,0.7470545523719603,0.02572887845495883,0.01828332414015765,0.4,0.003901,0.07092057463210881,0.0002766611616398565
MAR09201,Protein,D,48,2,175.19,0.6752506693166261,0.02325592199701474,0.02807593794629455,0.4,0.003901,0.0641039738484949,0.00025006960198297856
MAR09418,Protein,D,48,4,125.15,0.7948479552931939,0.0273749037027871,0.023608851105582696,0.4,0.003901,0.07545777420881405,0.00029436077718858364
MAR09846,Protein,D,48,2,222.26,1.3092284458556502,0.045090387905732,0.06906160714000421,0.4,0.003901,0.12428976359219693,0.00048485436777316024
MAR10343,Protein,D,48,1,188.27,1.4670985798912828,0.050527502875949676,0.06555417515864732,0.4,0.003901,0.1392769430257552,0.000543319354743471
MAR01939,Soluble,D,48,1,785.55,1.051409735199126,0.01640794332136311,0.05128674021185912,0.5,0.003901,0.032643842029061884,0.00012734362775537042
MAR01947,Soluble,D,48,1,260.14,1.0568114873981862,0.016492241232016792,0.017071195288652218,0.5,0.003901,0.03281155394912781,0.0001279978719555476
MAR01986,Soluble,D,48,1,566.3,1.1036404595676976,0.01722303827091763,0.038809088643526675,0.5,0.003901,0.03426548529359587,0.0001336696581303175
MAR09026,Soluble,D,48,2,384.41,1.039029242011784,0.016214737548477662,0.024801715217250643,0.5,0.003901,0.03225945633210718,0.0001258441391515501
MAR09034,Soluble,D,48,2,180.16,1.0540620781381187,0.016449334884666038,0.011791901193957559,0.5,0.003901,0.03272619114664065,0.00012766487166304517
MAR09075,Soluble,D,48,1,168.11,0.1293883320854643,0.0020191903767201973,0.001350665889126162,0.5,0.003901,0.004017208640551311,1.5671130906790666e-05
MAR09083,Soluble,D,48,2,104.17,0.9994788079382189,0.015597526903674701,0.006465104120829316,0.5,0.003901,0.03103150677176402,0.00012105390791665144
MAR09133,Soluble,D,48,2,88.06,1.474633121379938,0.023012623780608595,0.00806346926047857,0.5,0.003901,0.045783949923226035,0.00017860318865050475
MAR09135,Soluble,D,48,2,90.08,0.38046234126099765,0.005937366111738803,0.0021281357280664714,0.5,0.003901,0.011812476288113185,4.608046999992953e-05
MAR09143,Soluble,D,48,1,376.36,1.2589712006727136,0.01964707707405249,0.02942242908430789,0.5,0.003901,0.03908814577041647,0.00015248285665039464
MAR09145,Soluble,D,48,1,219.23,1.7943557184449175,0.028002106068603257,0.024426868601368133,0.5,0.003901,0.055710597549076625,0.00021732704103894792
MAR09247,Soluble,D,48,2,146.21,2.2085660609508717,0.03446613202863771,0.020051494176791106,0.5,0.003901,0.06857087127006055,0.0002674949688245062
MAR09253,Soluble,D,48,1,135.13,1.6093242310668647,0.025114567504019185,0.013503756446230464,0.5,0.003901,0.04996579755135967,0.00019491657624785407
MAR09259,Soluble,D,48,1,146.1,0.8984457394336269,0.01402083914236842,0.008150820681856605,0.5,0.003901,0.02789466352449215,0.00010881708240904388
MAR09262,Soluble,D,48,1,347.22,1.205636440159909,0.01881475291130652,0.025994434145316894,0.5,0.003901,0.03743222473549463,0.00014602310869316456
MAR09286,Soluble,D,48,1,192.12,3.5712563372965827,0.05573181377983293,0.04260424478821053,0.5,0.003901,0.11087925460183877,0.00043253997220177304
MAR09287,Soluble,D,48,1,323.2,1.110761367628858,0.01733416474421591,0.02229212080626219,0.5,0.003901,0.03448657302948978,0.00013453212138803963
MAR09290,Soluble,D,48,1,131.13,0.9413716482609168,0.014690726300035626,0.007665181536316945,0.5,0.003901,0.0292274137738006,0.00011401614113159614
MAR09292,Soluble,D,48,1,161.2,1.8269251209064887,0.028510373104478588,0.018287109033780495,0.5,0.003901,0.05672180221395936,0.00022127175043665546
MAR09295,Soluble,D,48,1,243.22,1.377791634604814,0.021501348420520896,0.020808563349737342,0.5,0.003901,0.04277724560015077,0.00016687403508618815
MAR09342,Soluble,D,48,1,106.08,0.7431525973752968,0.011597387097189384,0.004895203834432548,0.5,0.003901,0.02307317041116397,9.000843777395066e-05
MAR09343,Soluble,D,48,3,363.22,0.9919095428938346,0.015479403523535834,0.022371808434181035,0.5,0.003901,0.030796498587882044,0.00012013714099132786
MAR09348,Soluble,D,48,1,283.24,0.4701244370339261,0.007336602333608307,0.00826849906019244,0.5,0.003901,0.014596277115154002,5.694007702621576e-05
MAR09350,Soluble,D,48,1,612.63,0.9839637810325299,0.015355404661911593,0.0374314492321665,0.5,0.003901,0.030549801048076735,0.00011917477388854734
MAR09351,Soluble,D,48,2,307.32,1.2919319257799282,0.020161450958262134,0.024654132420809823,0.5,0.003901,0.040111500098935673,0.00015647496188594807
MAR09358,Soluble,D,48,2,136.11,0.27338742697349805,0.004266391356653078,0.0023106163434026845,0.5,0.003901,0.008488047694521652,3.3111874056328964e-05
MAR09360,Soluble,D,48,2,348.21,0.3624368512256916,0.005656066434802595,0.007836693422065742,0.5,0.003901,0.011252826486984495,4.3897276125726515e-05
MAR09362,Soluble,D,48,1,268.23,0.5837444451889625,0.00910971760120432,0.009722755840495935,0.5,0.003901,0.018123915744875544,7.07013953207595e-05
MAR09376,Soluble,D,48,1,663.43,1.3792804878952356,0.02152458295943111,0.05682075080198593,0.5,0.003901,0.04282347105345397,0.00016705436057952395
MAR09378,Soluble,D,48,1,122.12,0.9479696663979342,0.014793692730724993,0.0071885368887016216,0.5,0.003901,0.029432266986167792,0.00011481527351304055
MAR09406,Soluble,D,48,1,150.13,1.177169681835023,0.018370510346775566,0.010974021889836318,0.5,0.003901,0.036548397688124686,0.0001425752993813744
MAR09415,Soluble,D,48,1,118.09,0.7418398542357048,0.011576900873494816,0.005439795248249964,0.5,0.003901,0.02303241277097961,8.984944221959146e-05
MAR09435,Soluble,D,48,1,404.16,1.1526156184490988,0.017987327970906564,0.02892658056223014,0.5,0.003901,0.03578605077473048,0.00013960138407222362
MAR09436,Soluble,D,48,1,324.18,1.4122247961946077,0.02203870064851189,0.02842819723301128,0.5,0.003901,0.04384631567803578,0.00017104447746001757
MAR09437,Soluble,D,48,1,112.09,0.2634939794023763,0.004111997573178075,0.0018339894576600599,0.5,0.003901,0.00818087901534508,3.191360903886116e-05
MAR09439,Soluble,D,48,1,244.2,0.6667256506185459,0.010404694116871765,0.010110021816266057,0.5,0.003901,0.020700290369095122,8.075183272984007e-05
MAR09845,Soluble,D,48,2,184.15,0.9831711043292735,0.015343034418433932,0.011242427575943407,0.5,0.003901,0.030525190268648944,0.00011907876723799953
MAR09854,Soluble,D,48,1,192.12,3.2217018652144778,0.050276785379733575,0.03843414247999224,0.5,0.003901,0.10002639621068145,0.00039020297161786833
MAR09858,Soluble,D,48,1,168.04,0.420547957075936,0.006562928621076687,0.00438821067687119,0.5,0.003901,0.013057042004496519,5.093552085954092e-05
MAR09864,Soluble,D,48,1,580.29,1.0059054354074743,0.015697818669798674,0.03624611889450743,0.5,0.003901,0.031231038700052928,0.00012183228196890647
MAR09919,Soluble,D,48,1,290.27,1.084870335763415,0.016930118092223157,0.019554164141179768,0.5,0.003901,0.033682716335101406,0.0001313962764232306
MAR09920,Soluble,D,48,1,203.24,0.8926393285309682,0.013930226265388233,0.011265344388314048,0.5,0.003901,0.027714387887015468,0.00010811382714724734
MAR10202,Soluble,D,48,1,398.44,2.092536624468125,0.03265541604068079,0.051772038880535325,0.5,0.003901,0.06496842545996301,0.0002534418277193157
MAR10222,Soluble,D,48,1,131.13,0.5577240360944666,0.008703651932105002,0.004541305223849877,0.5,0.003901,0.01731604218657011,6.754988056981e-05
MAR10264,Soluble,D,48,1,175.14,0.5766885105811921,0.008999605081557909,0.006271709206264638,0.5,0.003901,0.017904845284528487,6.984680145494563e-05
MAR11348,Soluble,D,48,1,309.27,1.275057249408769,0.019898110488609847,0.02448650198189372,0.5,0.003901,0.039587580402065704,0.00015443115114845832
MAR11393,Soluble,D,48,1,196.16,0.8035925857139308,0.01254059303280528,0.009788263301542203,0.5,0.003901,0.0249496923469163,9.732874984532048e-05
MAR11400,Soluble,D,48,2,116.07,0.7702129044302076,0.012019681060761605,0.005551240518475639,0.5,0.003901,0.023913330397499957,9.328590188064732e-05
MAR11404,Soluble,D,48,2,134.09,0.6978867240204425,0.010890983247639914,0.005810862470613917,0.5,0.003901,0.021667769671914076,8.45259694901368e-05
MAR11428,Soluble,D,48,1,152.11,0.24480155377148208,0.0038202899257950874,0.0023122309262137617,0.5,0.003901,0.007600522405541258,2.9649637904016448e-05
MAR11925,Soluble,D,48,1,123.11,8.923529968730472,0.13925757870758626,0.06821647705463106,0.5,0.003901,0.27705497950869573,0.001080791475063422
MAR12104,Soluble,D,48,1,614.44,0.9941549343697942,0.01551444434048703,0.037930871589558504,0.5,0.003901,0.03086621280316915,0.00012040909614516285
MAR00567,Lipid,D,72,1,312.53,0.9672173742624536,0.035386860583632086,0.03240430569492899,0.05,0.003566,0.005184191228830672,1.8486825922010175e-05
MAR00568,Lipid,D,72,1,304.47,0.7810568888970103,0.028575945770577173,0.025492597783617878,0.05,0.003566,0.00418638909968435,1.4928663529474392e-05
MAR00571,Lipid,D,72,1,330.5,0.8855360308095571,0.0323984462003033,0.03137361911125441,0.05,0.003566,0.004746387157527142,1.6925616603741788e-05
MAR00611,Lipid,D,72,1,256.42,1.1270471601871308,0.04123443373743443,0.030979963681845905,0.05,0.003566,0.006040863365152077,2.1541718760132307e-05
MAR00621,Lipid,D,72,1,368.64,0.7686098740838964,0.028120556124366633,0.030373534742734225,0.05,0.003566,0.004119674308639082,1.4690758584606968e-05
MAR00626,Lipid,D,72,1,278.43,1.4665010729599897,0.05365378083096799,0.04377088542144329,0.05,0.003566,0.0078603033835153,2.8029841865615562e-05
MAR00637,Lipid,D,72,1,366.62,0.8595869974887166,0.03144906827467948,0.033782587476387634,0.05,0.003566,0.004607302858052975,1.6429641991816907e-05
MAR00639,Lipid,D,72,1,284.48,0.9988696413103132,0.03654489846734215,0.030461232571458056,0.05,0.003566,0.005353844307413185,1.9091808800235418e-05
MAR00702,Lipid,D,72,1,228.37,0.7427203865959527,0.027173356757713246,0.018182404538712345,0.05,0.003566,0.003980909169048549,1.4195922096827126e-05
MAR04395,Lipid,D,72,1,408.19,0.9549462684896534,0.03493790679026148,0.04178575142553456,0.05,0.003566,0.005118419293164282,1.825228319942383e-05
MAR04830,Lipid,D,72,1,411.58,1.0567480306821515,0.03866245192534141,0.04662433272877884,0.05,0.003566,0.005664066855626954,2.019806240716572e-05
MAR04899,Lipid,D,72,1,259.34,1.3133528395246181,0.048050660654038166,0.03651218668634184,0.05,0.003566,0.00703944371989316,2.510265630513901e-05
MAR04918,Lipid,D,72,1,287.4,0.6209000475644707,0.022716406884531887,0.019129136946275476,0.05,0.003566,0.003327963978127258,1.1867519546001803e-05
MAR04923,Lipid,D,72,1,343.5,1.2689964386392378,0.046427826102167585,0.04672766331754604,0.05,0.003566,0.006801697717255609,2.4254854059733503e-05
MAR04929,Lipid,D,72,1,340.58,0.8848486163166945,0.0323732962790246,0.032305393592657994,0.05,0.003566,0.004742702682579423,1.6912477766078225e-05
MAR04950,Lipid,D,72,1,395.58,1.166926786686756,0.04269347988426949,0.04948400643010371,0.05,0.003566,0.006254614291686095,2.2303954564152616e-05
MAR09815,Lipid,D,72,1,172.26,0.5863068722096938,0.021450772182345017,0.010826706082002617,0.05,0.003566,0.003142547916522297,1.1206325870318513e-05
MAR09850,Lipid,D,72,2,257.22,0.8782758518271642,0.032132823447550266,0.024217125659942093,0.05,0.003566,0.004707473302997841,1.67868497984903e-05
MAR09868,Lipid,D,72,1,172.07,0.8451218700604787,0.030919843447615288,0.01558875453647228,0.05,0.003566,0.004529771179308502,1.615316402541412e-05
MAR09924,Lipid,D,72,1,427.66,1.1995570682273877,0.04388729965468407,0.05499288008237382,0.05,0.003566,0.006429509433004468,2.2927630638093933e-05
MAR09925,Lipid,D,72,1,399.61,1.0638373990769103,0.03892182535853954,0.04557204534749077,0.05,0.003566,0.005702065181988786,2.0333564438972012e-05
MAR10254,Lipid,D,72,1,423.64,0.9183108428272658,0.03359755379947128,0.0417036042799249,0.05,0.003566,0.004922056968171667,1.7552055148500167e-05
MAR10281,Lipid,D,72,1,481.6,0.71739161541718,0.026246671900401388,0.037036479159895476,0.05,0.003566,0.0038451494144409754,1.3711802811896518e-05
MAR10310,Lipid,D,72,1,501.64,1.5396853736315692,0.05633132024836173,0.08279632540749433,0.05,0.003566,0.008252564130401716,2.942864368901252e-05
MAR10317,Lipid,D,72,1,453.59,0.7397477773656598,0.02706460012119996,0.0359694717457296,0.05,0.003566,0.0039649762721543245,1.4139105386502322e-05
MAR10432,Lipid,D,72,1,310.51,1.3661283166785594,0.049981517669200115,0.045473041569423084,0.05,0.003566,0.007322315154008419,2.6111375839194024e-05
MAR10434,Lipid,D,72,1,200.32,0.5851896191950164,0.021409896079703478,0.012566312176417543,0.05,0.003566,0.003136559548826264,1.1184971351114458e-05
MAR11949,Lipid,D,72,1,397.59,1.0292527014395725,0.037656500824276726,0.043867651803212185,0.05,0.003566,0.005516694560126285,1.9672532801410332e-05
MAR09038,Protein,D,72,3,155.15,0.7298067174730485,0.02921643827717943,0.03135476103291237,0.39,0.003566,0.07881635064670206,0.00028105910640613955
MAR09039,Protein,D,72,2,131.17,0.8885540992149773,0.035571590907708873,0.03227470282361545,0.39,0.003566,0.09596046429221641,0.00034219501566604377
MAR09040,Protein,D,72,2,131.17,0.8848425029362865,0.03542300413673251,0.03213988754674956,0.39,0.003566,0.09555962600619296,0.0003407656263380841
MAR09041,Protein,D,72,3,146.19,0.9211550966409092,0.036876710477404255,0.03729016321513488,0.39,0.003566,0.09948124806007665,0.0003547501305822333
MAR09042,Protein,D,72,4,149.21,1.1620156991973154,0.04651911134808871,0.04801244080208945,0.39,0.003566,0.12549327734612215,0.0004475090270162716
MAR09043,Protein,D,72,4,165.19,1.323834513607449,0.05299722300437751,0.06055657601218838,0.39,0.003566,0.14296909404173055,0.0005098277893528112
MAR09044,Protein,D,72,2,119.12,0.8450656856414488,0.03383061412505769,0.02787526538941534,0.39,0.003566,0.09126388097609119,0.00032544699956074116
MAR09045,Protein,D,72,4,204.23,1.2265971532594742,0.04910450830495797,0.06936898636709173,0.39,0.003566,0.13246782883594857,0.0004723802776289926
MAR09046,Protein,D,72,4,117.15,1.017014408334522,0.04071425759273726,0.03299235050185875,0.39,0.003566,0.10983368925074616,0.00039166693586816084
MAR09061,Protein,D,72,4,89.09,0.8993524620689596,0.03600388303967272,0.02218721264066064,0.39,0.003566,0.0971266464233657,0.0003463536211457221
MAR09062,Protein,D,72,4,132.12,0.8243403104359194,0.03300091273842158,0.03015914055378547,0.39,0.003566,0.0890256192550434,0.0003174653582634848
MAR09063,Protein,D,72,4,146.14,0.8038177054684486,0.03217932887660794,0.03252898631884379,0.39,0.003566,0.08680925594874148,0.0003095618067132121
MAR09064,Protein,D,72,4,181.19,1.0590014981193565,0.04239513170332985,0.05313426265663424,0.39,0.003566,0.11436813530596256,0.0004078367705010625
MAR09066,Protein,D,72,4,174.2,1.0057113702168825,0.0402617617365028,0.04851380850245636,0.39,0.003566,0.10861300410997693,0.00038731397265617774
MAR09067,Protein,D,72,4,75.07,0.9258268187223982,0.03706373407772759,0.019245980065406888,0.39,0.003566,0.09998577628225239,0.00035654927822251204
MAR09068,Protein,D,72,4,115.13,0.8358203232760644,0.03346049344456616,0.026646813995895337,0.39,0.003566,0.09026541699295738,0.00032188647699688607
MAR09069,Protein,D,72,4,105.09,0.8320166190829376,0.03330821930660272,0.024212367215580774,0.39,0.003566,0.0898546314023837,0.0003204216155809003
MAR09070,Protein,D,72,3,133.1,0.8690182069889922,0.03478950823329008,0.03202954651332962,0.39,0.003566,0.09385066221035729,0.0003346714614421341
MAR09071,Protein,D,72,4,147.13,1.2241750055167964,0.04900754217909497,0.04987565381305984,0.39,0.003566,0.1322062460891276,0.000471447473553829
MAR09087,Protein,D,72,3,132.16,1.1953578919677432,0.047853903278308234,0.043746351879653804,0.39,0.003566,0.1290941073930462,0.00046034958696360276
MAR09091,Protein,D,72,1,103.12,0.951995584476385,0.03811135135931222,0.027184521762734178,0.39,0.003566,0.10281190348590312,0.00036662724783073056
MAR09201,Protein,D,72,2,175.19,1.1817084671771403,0.04730747424803779,0.057327568080336226,0.39,0.003566,0.12762002141292955,0.0004550929963585068
MAR09418,Protein,D,72,4,125.15,1.3633165195165433,0.054577810797124,0.0472466923601818,0.39,0.003566,0.14723300056309152,0.0005250328800079844
MAR09846,Protein,D,72,2,222.26,0.9943567879613193,0.03980720240772399,0.061199434841138815,0.39,0.003566,0.10738675239829093,0.0003829411590523055
MAR10343,Protein,D,72,1,188.27,1.0146170633704936,0.04061828439943319,0.052896525109246376,0.39,0.003566,0.10957478510971523,0.00039074368370124453
MAR01939,Soluble,D,72,1,785.55,0.7079736946086594,0.012171372705982715,0.03742947899010944,0.525,0.003566,0.025014927719187143,8.920323224662135e-05
MAR01947,Soluble,D,72,1,260.14,1.263844353809407,0.021727813885894665,0.02212705197665249,0.525,0.003566,0.04465557887192496,0.00015924179425728442
MAR01986,Soluble,D,72,1,566.3,1.0235037621263494,0.017595916133156995,0.039008462443026685,0.525,0.003566,0.03616359311776269,0.00012895937305794177
MAR09026,Soluble,D,72,2,384.41,1.1276370665687898,0.019386159568931968,0.029173386617301435,0.525,0.003566,0.03984294886731161,0.0001420799556608332
MAR09034,Soluble,D,72,2,180.16,1.1629852775639564,0.01999386046769164,0.01410117874354782,0.525,0.003566,0.041091911858140574,0.0001465337576861293
MAR09075,Soluble,D,72,1,168.11,2.198672396121805,0.03779923095355531,0.024875791018548178,0.525,0.003566,0.07768598111199686,0.00027702820864538083
MAR09083,Soluble,D,72,2,104.17,0.9868879021878976,0.016966422012605942,0.006918840467239089,0.525,0.003566,0.034869840120001175,0.0001243458498679242
MAR09133,Soluble,D,72,2,88.06,0.8779699943717556,0.015093922426136254,0.005203327749607685,0.525,0.003566,0.031021429349807346,0.000110622417061413
MAR09135,Soluble,D,72,2,90.08,0.9935218381466119,0.017080471599018564,0.006023218563294803,0.525,0.003566,0.035104237852239914,0.00012518171218108755
MAR09143,Soluble,D,72,1,376.36,1.0740904694716822,0.018465594870880238,0.027206153899479207,0.525,0.003566,0.037950979905480346,0.00013533319434294293
MAR09145,Soluble,D,72,1,219.23,0.973361421067786,0.01673387687093324,0.014361405355479426,0.525,0.003566,0.03439190718253295,0.00012264154101291252
MAR09247,Soluble,D,72,2,146.21,1.3409929767395319,0.023054140909888006,0.013195516921095768,0.525,0.003566,0.04738148131848217,0.00016896236238170742
MAR09253,Soluble,D,72,1,135.13,0.6917725029016941,0.011892844359452056,0.006291263852249908,0.525,0.003566,0.024442488880568356,8.716191534810676e-05
MAR09259,Soluble,D,72,1,146.1,1.0052920629288578,0.017282823457214505,0.009884741062232817,0.525,0.003566,0.035520116753403344,0.00012666473634263633
MAR09262,Soluble,D,72,1,347.22,1.0080810454431595,0.017330771207124618,0.023557164206467467,0.525,0.003566,0.03561866023960434,0.00012701614241442908
MAR09286,Soluble,D,72,1,192.12,1.1815505003037532,0.020313030864920253,0.01527733823667775,0.525,0.003566,0.041747879316343016,0.0001488729376420792
MAR09287,Soluble,D,72,1,323.2,1.4044594984537635,0.02414524739593231,0.03054945024309039,0.525,0.003566,0.049623952282247696,0.0001769590138384953
MAR09290,Soluble,D,72,1,131.13,0.9007191526720244,0.015485022387234421,0.007949032750531434,0.525,0.003566,0.03182522835376346,0.00011348876430952051
MAR09292,Soluble,D,72,1,161.2,0.7841406465946676,0.013480822997088287,0.008507105749948528,0.525,0.003566,0.027706144657090436,9.88001118471845e-05
MAR09295,Soluble,D,72,1,243.22,0.7870738342184911,0.013531249898621494,0.012883610493639015,0.525,0.003566,0.027809783361403186,9.916968746676377e-05
MAR09342,Soluble,D,72,1,106.08,1.076158284218665,0.018501144417655935,0.007683029342178837,0.525,0.003566,0.03802404227605476,0.0001355937347564113
MAR09343,Soluble,D,72,3,363.22,1.4401211009891095,0.024758336072892604,0.03520396620669439,0.525,0.003566,0.050883988377607374,0.0001814523025545479
MAR09348,Soluble,D,72,1,283.24,0.7196835097430536,0.012372686010988562,0.013718889718325052,0.525,0.003566,0.025428672158313275,9.067864491654514e-05
MAR09350,Soluble,D,72,1,612.63,1.01132343624089,0.017386513881122473,0.041697609630653165,0.525,0.003566,0.03573322406035113,0.00012742467699921212
MAR09351,Soluble,D,72,2,307.32,1.31495942928107,0.022606576245566713,0.02719731339625749,0.525,0.003566,0.046461634560182166,0.00016568218884160962
MAR09358,Soluble,D,72,2,136.11,0.7795513224182414,0.013401924055721917,0.007140976010810843,0.525,0.003566,0.027543989462021103,9.822186642156726e-05
MAR09360,Soluble,D,72,2,348.21,1.9957913693209621,0.034311332164419533,0.04677127476555059,0.525,0.003566,0.07051755909340358,0.0002514656157270772
MAR09362,Soluble,D,72,1,268.23,0.7734660936727108,0.013297307757648931,0.013962765925052871,0.525,0.003566,0.027328979273954286,9.7455140090921e-05
MAR09376,Soluble,D,72,1,663.43,1.0031217014305496,0.017245510942775353,0.044789019970859566,0.525,0.003566,0.03544343108496944,0.00012639127524900103
MAR09378,Soluble,D,72,1,122.12,1.0181695372175472,0.01750421097524367,0.00836815512444674,0.525,0.003566,0.035975118247089245,0.00012828727166912026
MAR09406,Soluble,D,72,1,150.13,1.0791168214619704,0.018552007125870972,0.010903320408071104,0.525,0.003566,0.03812857666180863,0.00013596650437600958
MAR09415,Soluble,D,72,1,118.09,1.0993396735726282,0.01889967522723008,0.008737110964369663,0.525,0.003566,0.03884311335671161,0.00013851454223003361
MAR09435,Soluble,D,72,1,404.16,1.0332359350661995,0.017763230123764333,0.028104486752100533,0.525,0.003566,0.0365074612649762,0.00013018560687090512
MAR09436,Soluble,D,72,1,324.18,1.378863261730755,0.023705200909179006,0.03008363050428486,0.525,0.003566,0.04871955708171248,0.00017373394055338672
MAR09437,Soluble,D,72,1,112.09,0.5589601230131046,0.009609554757165167,0.00421667881994545,0.525,0.003566,0.019749811584185574,7.042782810920576e-05
MAR09439,Soluble,D,72,1,244.2,1.2308086819117539,0.021159869796557904,0.02022828380302468,0.525,0.003566,0.04348832512935282,0.00015507936741127217
MAR09845,Soluble,D,72,2,184.15,0.8212262169306868,0.014118392305116224,0.01017788070289759,0.525,0.003566,0.02901649399414192,0.00010347281758311009
MAR09854,Soluble,D,72,1,192.12,1.1073302865893433,0.01903704859281745,0.014317677766285624,0.525,0.003566,0.039125446737976015,0.00013952134306762247
MAR09858,Soluble,D,72,1,168.04,1.1627654605757112,0.019990081408509903,0.013150056631955748,0.525,0.003566,0.04108414503556754,0.00014650606119683384
MAR09864,Soluble,D,72,1,580.29,0.7569297784359679,0.013013018019961327,0.02956129839304664,0.525,0.003566,0.026744699471556443,9.537159831557028e-05
MAR09919,Soluble,D,72,1,290.27,0.9377784522066351,0.016122140051765346,0.018319989903014616,0.525,0.003566,0.033134649461131614,0.00011815815997839535
MAR09920,Soluble,D,72,1,203.24,0.8663320652197272,0.014893844973663308,0.011849946861108789,0.525,0.003566,0.03061022486755616,0.00010915606187770527
MAR10202,Soluble,D,72,1,398.44,1.080767727770572,0.018580389248169675,0.028981317645024096,0.525,0.003566,0.038186908351665626,0.00013617451518203963
MAR10222,Soluble,D,72,1,131.13,2.8252898924990695,0.04857194066095942,0.024933767444154924,0.525,0.003566,0.09982633957280054,0.00035598072691660676
MAR10264,Soluble,D,72,1,175.14,2.6397815795608754,0.04538271084349154,0.031115455779757887,0.525,0.003566,0.09327174993932222,0.00033260706028362305
MAR11348,Soluble,D,72,1,309.27,0.7408014222739389,0.012735741850694336,0.015419220866162039,0.525,0.003566,0.02617483414083187,9.333945854620645e-05
MAR11393,Soluble,D,72,1,196.16,1.2478018700524651,0.021452014021546107,0.016473235705406424,0.525,0.003566,0.044088747682189906,0.0001572204742346892
MAR11400,Soluble,D,72,2,116.07,1.1305992927611679,0.019437085696980817,0.008831846685701961,0.525,0.003566,0.03994761359518851,0.00014245319008044223
MAR11404,Soluble,D,72,2,134.09,1.1369584669653885,0.019546411622408912,0.010260388813837288,0.525,0.003566,0.04017230313419775,0.0001432544329765492
MAR11428,Soluble,D,72,1,152.11,1.135706770219293,0.01952489264828938,0.011626441442349297,0.525,0.003566,0.04012807676834778,0.0001430967217559282
MAR11925,Soluble,D,72,1,123.11,0.40117978793617104,0.00689701998571759,0.0033239555179052412,0.525,0.003566,0.014174938241412168,5.054782976887579e-05
MAR12104,Soluble,D,72,1,614.44,1.1686700761830615,0.020091592633842012,0.048327489158546705,0.525,0.003566,0.041292773595854794,0.0001472500306428182
MAR00567,Lipid,D,96,1,312.53,1.3715791615319273,0.03930685754537884,0.0374101900815871,0.05,0.003285,0.005985055847692558,1.9660908459670054e-05
MAR00568,Lipid,D,96,1,304.47,1.3318209757609552,0.03816746334328493,0.03538895043367147,0.05,0.003285,0.00581156607115175,1.90909945437335e-05
MAR00571,Lipid,D,96,1,330.5,1.3491222330061268,0.03866328456379134,0.03891348149738716,0.05,0.003285,0.005887062253765077,1.933899950361828e-05
MAR00611,Lipid,D,96,1,256.42,1.0875345473880162,0.03116667759964633,0.024337293661627533,0.05,0.003285,0.004745591931523971,1.5589269495056245e-05
MAR00621,Lipid,D,96,1,368.64,1.128682147453781,0.03234588978038023,0.03631210603115632,0.05,0.003285,0.0049251445897293186,1.6179099977260813e-05
MAR00626,Lipid,D,96,1,278.43,0.9293560478051652,0.02663358178992251,0.02258268005077339,0.05,0.003285,0.00405536042286632,1.3321858989115862e-05
MAR00637,Lipid,D,96,1,366.62,1.0963431229735432,0.03141911467030822,0.03507841602870874,0.05,0.003285,0.004784029244000428,1.5715536066541408e-05
MAR00639,Lipid,D,96,1,284.48,1.3019291239661899,0.0373108195612723,0.032323353077891324,0.05,0.003285,0.005681129267064701,1.8662509642307545e-05
MAR00702,Lipid,D,96,1,228.37,1.1232042529653588,0.03218890371326578,0.02238592867992636,0.05,0.003285,0.00490124111746866,1.6100577070884552e-05
MAR04395,Lipid,D,96,1,408.19,1.3859839142544939,0.03971967043953942,0.04937395029983097,0.05,0.003285,0.006047912773442634,1.9867393460759052e-05
MAR04830,Lipid,D,96,1,411.58,1.1290349249770197,0.03235599971514744,0.040554491835134196,0.05,0.003285,0.004926683978222241,1.6184156868460065e-05
MAR04899,Lipid,D,96,1,259.34,2.4214296549205483,0.06939358162587708,0.05480481146153901,0.05,0.003285,0.010566208734005364,3.470999569120762e-05
MAR04918,Lipid,D,96,1,287.4,1.082931348927901,0.031034758661826683,0.027162204486870373,0.05,0.003285,0.004725505303909251,1.552328492334189e-05
MAR04923,Lipid,D,96,1,343.5,1.3340990526239054,0.03823274870576404,0.03999375131885725,0.05,0.003285,0.005821506742191739,1.9123649648099865e-05
MAR04929,Lipid,D,96,1,340.58,1.3760756569568717,0.03943571857657469,0.04090145692256048,0.05,0.003285,0.006004676863374315,1.9725363496184628e-05
MAR04950,Lipid,D,96,1,395.58,1.37956576642413,0.039535738494852014,0.047627091387719395,0.05,0.003285,0.006019906389064083,1.9775392488075514e-05
MAR09815,Lipid,D,96,1,172.26,1.1674178969335376,0.033455982897436405,0.017550444263738915,0.05,0.003285,0.0050941728386563676,1.6734357774986167e-05
MAR09850,Lipid,D,96,2,257.22,0.6965023909176453,0.019960437594602788,0.015635244252840932,0.05,0.003285,0.0030392746001168124,9.984017061383728e-06
MAR09868,Lipid,D,96,1,172.07,2.0772993904333243,0.05953146089480327,0.031194754853812772,0.05,0.003285,0.009064553627539017,2.977705866646567e-05
MAR09924,Lipid,D,96,1,427.66,1.6077933484751825,0.04607630815879128,0.06000758982893218,0.05,0.003285,0.00701580576029231,2.3046921922560238e-05
MAR09925,Lipid,D,96,1,399.61,0.9878111432853792,0.02830879396526351,0.03444987047310428,0.05,0.003285,0.004310436484710628,1.4159783852274416e-05
MAR10254,Lipid,D,96,1,423.64,0.9040036125046372,0.025907029075551095,0.033422924661530344,0.05,0.003285,0.003944731925872244,1.2958444376490322e-05
MAR10281,Lipid,D,96,1,481.6,0.875524613987809,0.02509087498898293,0.03679867343969958,0.05,0.003285,0.003820460282360837,1.2550212027555349e-05
MAR10310,Lipid,D,96,1,501.64,0.9764727197041677,0.02798385624894675,0.04274935814980929,0.05,0.003285,0.004260959866618422,1.3997253161841517e-05
MAR10317,Lipid,D,96,1,453.59,1.1805741553124474,0.03383301631149937,0.04673411981345607,0.05,0.003285,0.005151581804433087,1.6922946227562692e-05
MAR10432,Lipid,D,96,1,310.51,1.301131347198741,0.03728795679211496,0.035259330039079696,0.05,0.003285,0.005677648069157144,1.865107390718122e-05
MAR10434,Lipid,D,96,1,200.32,1.0713370005840666,0.03070248662717898,0.01872956714177635,0.05,0.003285,0.0046749119263619085,1.535708567809887e-05
MAR11949,Lipid,D,96,1,397.59,1.2195848088676335,0.034950987657996924,0.042317965826978665,0.05,0.003285,0.0053218096314015285,1.7482144639154023e-05
MAR09038,Protein,D,96,3,155.15,1.5954538301181003,0.06287818799891945,0.06970977668994761,0.35,0.003285,0.15725698898795787,0.0005165892088254417
MAR09039,Protein,D,96,2,131.17,0.8952088408824503,0.03528093933695015,0.03306865656196902,0.35,0.003285,0.08823686663634335,0.00028985810690038794
MAR09040,Protein,D,96,2,131.17,0.8966771818082322,0.03533880789762858,0.03312289648853487,0.35,0.003285,0.08838159465569265,0.0002903335384439504
MAR09041,Protein,D,96,3,146.19,0.6106801496870619,0.024067422406318692,0.02514138161452932,0.35,0.003285,0.060192103188215766,0.0001977310589732888
MAR09042,Protein,D,96,4,149.21,0.8429552028129342,0.03322157916234748,0.035420941162165875,0.35,0.003285,0.08308645135552614,0.0002729389927029034
MAR09043,Protein,D,96,4,165.19,1.036123205109315,0.04083449389198803,0.04820064215153017,0.35,0.003285,0.10212618653087693,0.00033548452275393073
MAR09044,Protein,D,96,2,119.12,0.9310801923656078,0.03669465970901904,0.03123413212185241,0.35,0.003285,0.09177255072740383,0.0003014728291395216
MAR09045,Protein,D,96,4,204.23,0.966247650179815,0.03808063903486522,0.05557323248347018,0.35,0.003285,0.09523885506152163,0.0003128596388770986
MAR09046,Protein,D,96,4,117.15,0.9965830102464295,0.03927618129204374,0.03287860954075719,0.35,0.003285,0.09822888040345723,0.000322681872125357
MAR09061,Protein,D,96,4,89.09,0.9993494712506966,0.039385209865503056,0.025072868135874237,0.35,0.003285,0.09850155850887847,0.00032357761970166576
MAR09062,Protein,D,96,4,132.12,0.6397437793068919,0.025212844688473582,0.023803033471264255,0.35,0.003285,0.06305677955602851,0.00020714152084155366
MAR09063,Protein,D,96,4,146.14,0.8254834268102866,0.03253300165829763,0.033973096447147896,0.35,0.003285,0.08136433390243442,0.00026728183686949706
MAR09064,Protein,D,96,4,181.19,0.795265909131755,0.03134210366953494,0.04057927293962107,0.35,0.003285,0.07838592377541462,0.00025749775960223705
MAR09066,Protein,D,96,4,174.2,0.8729749484513734,0.03440468278734789,0.0428260088468945,0.35,0.003285,0.0860453679472622,0.00028265903370675634
MAR09067,Protein,D,96,4,75.07,1.3368463203852106,0.0526862468045363,0.028262174370040787,0.35,0.003285,0.13176716437344183,0.0004328551349667564
MAR09068,Protein,D,96,4,115.13,0.9227981563297081,0.03636825764770676,0.02991940093026684,0.35,0.003285,0.09095622622768518,0.00029879120315794584
MAR09069,Protein,D,96,4,105.09,1.1612724956731069,0.04576673352904415,0.034367916359579906,0.35,0.003285,0.114461611246103,0.00037600639294344836
MAR09070,Protein,D,96,3,133.1,0.7314210894516331,0.02882592520117609,0.027415944014849994,0.35,0.003285,0.07209301581666039,0.0002368255569577294
MAR09071,Protein,D,96,4,147.13,1.0646778322814654,0.0419598559561705,0.04411406891699557,0.35,0.003285,0.10494069272716951,0.00034473017560875184
MAR09087,Protein,D,96,3,132.16,1.6048811558400324,0.06324972689768332,0.05973110902274873,0.35,0.003285,0.15818619974244896,0.0005196416661539449
MAR09091,Protein,D,96,1,103.12,1.1265022622014698,0.044396409151287584,0.032713924210924436,0.35,0.003285,0.11103445959875438,0.00036474819978190816
MAR09201,Protein,D,96,2,175.19,1.7615495141774298,0.0694241597161446,0.08690841675154784,0.35,0.003285,0.17362832275267848,0.0005703690402425488
MAR09418,Protein,D,96,4,125.15,1.433266507009621,0.056486248100099834,0.05051443233358163,0.35,0.003285,0.1412708854714628,0.0004640748587737553
MAR09846,Protein,D,96,2,222.26,0.5335807092034974,0.021028868095425087,0.03339789543220083,0.35,0.003285,0.052592744539144656,0.0001727671658110902
MAR10343,Protein,D,96,1,188.27,0.7931018306380101,0.03125681550148808,0.042050169001704836,0.35,0.003285,0.07817261991074888,0.00025679705640681006
MAR01939,Soluble,D,96,1,785.55,0.8783524071509861,0.012445491805609568,0.04363568814012043,0.565,0.003285,0.03138458888570815,0.00010309837448955127
MAR01947,Soluble,D,96,1,260.14,0.5628968972061631,0.007975760827371565,0.009260516099637706,0.565,0.003285,0.02011298376372455,6.607115166383515e-05
MAR01986,Soluble,D,96,1,566.3,0.7509629843737089,0.010640494170960397,0.02689455066813937,0.565,0.003285,0.026832811455939864,8.814578563276246e-05
MAR09026,Soluble,D,96,2,384.41,0.6674761759889171,0.009457558505081568,0.016226679057105713,0.565,0.003285,0.023849727289260752,7.834635414522157e-05
MAR09034,Soluble,D,96,2,180.16,1.1180691470270427,0.015842070100956653,0.01273873305657376,0.565,0.003285,0.03994995657728782,0.0001312356073563905
MAR09075,Soluble,D,96,1,168.11,4.8643152410224735,0.06892312809662568,0.05171475374934535,0.565,0.003285,0.1738078393217543,0.0005709587521719629
MAR09083,Soluble,D,96,2,104.17,1.0127690152948883,0.014350058562156527,0.006671942128814119,0.565,0.003285,0.03618745610809232,0.00011887579331508328
MAR09133,Soluble,D,96,2,88.06,0.610630579540123,0.008652105706149531,0.003400606894184633,0.565,0.003285,0.021818565696278873,7.16739883122761e-05
MAR09135,Soluble,D,96,2,90.08,2.484624496849172,0.03520497418098122,0.014154298191371144,0.565,0.003285,0.0887786243131072,0.0002916377808685571
MAR09143,Soluble,D,96,1,376.36,1.0672691704004822,0.015122278491479867,0.025402509631094836,0.565,0.003285,0.03813481225839244,0.0001252728582688192
MAR09145,Soluble,D,96,1,219.23,0.6057057571837915,0.008582325244707395,0.008397710250370399,0.565,0.003285,0.021642595864887443,7.109592741615526e-05
MAR09247,Soluble,D,96,2,146.21,0.6554730321498996,0.009287484367327922,0.006060816090276592,0.565,0.003285,0.023420840510267927,7.693746107623015e-05
MAR09253,Soluble,D,96,1,135.13,0.33998970302748666,0.0048173592154713155,0.0029054723134196297,0.565,0.003285,0.012148241375579743,3.9906972918779456e-05
MAR09259,Soluble,D,96,1,146.1,1.810053976057577,0.025646894963041032,0.01672403016307844,0.565,0.003285,0.06467540754373251,0.0002124587137811613
MAR09262,Soluble,D,96,1,347.22,0.29100375982001414,0.004123270886213903,0.006390024648392533,0.565,0.003285,0.010397914654518116,3.4157149640092017e-05
MAR09286,Soluble,D,96,1,192.12,0.28902921773405954,0.004095293337395783,0.0035116686125222,0.565,0.003285,0.010327361888793685,3.3925383804687255e-05
MAR09287,Soluble,D,96,1,323.2,0.47431413248918064,0.006720619880038865,0.00969475006986698,0.565,0.003285,0.016947814942682066,5.567357208671059e-05
MAR09290,Soluble,D,96,1,131.13,0.937032494702884,0.013276937752400332,0.007770624327393599,0.565,0.003285,0.033481299054201046,0.00010998606739305044
MAR09292,Soluble,D,96,1,161.2,0.6833299191012051,0.00968219229487467,0.006966179715492776,0.565,0.003285,0.024416200615715995,8.020721902262705e-05
MAR09295,Soluble,D,96,1,243.22,0.8450792139966706,0.011974039516782045,0.012998579787340299,0.565,0.003285,0.03019569763936875,9.919286674532634e-05
MAR09342,Soluble,D,96,1,106.08,1.6084158938001603,0.022789858220154148,0.010790239080591648,0.565,0.003285,0.05747063612871682,0.00018879103968283477
MAR09343,Soluble,D,96,3,363.22,0.687169625912446,0.009736597610174305,0.015784575589207133,0.565,0.003285,0.024553397962397524,8.065791230647587e-05
MAR09348,Soluble,D,96,1,283.24,2.3579189952126245,0.03340966711572462,0.04223598891922378,0.565,0.003285,0.08425128420901508,0.00027676546862661456
MAR09350,Soluble,D,96,1,612.63,0.7871927916582905,0.011153839117713149,0.03049850625075529,0.565,0.003285,0.028127346084384924,9.239833188720448e-05
MAR09351,Soluble,D,96,2,307.32,0.8099503349252211,0.011476293767963459,0.01574158338771504,0.565,0.003285,0.02894050050129831,9.506954414676495e-05
MAR09358,Soluble,D,96,2,136.11,2.2177053535504485,0.031422961422048167,0.019089435208990493,0.565,0.003285,0.07924128200043808,0.0002603076113714391
MAR09360,Soluble,D,96,2,348.21,2.5251333486021714,0.03577894947659391,0.05560639714296191,0.565,0.003285,0.09022605435160815,0.0002963925885450328
MAR09362,Soluble,D,96,1,268.23,2.665173630697052,0.03776319881555826,0.04520974502956106,0.565,0.003285,0.095229862214152,0.0003128300973734893
MAR09376,Soluble,D,96,1,663.43,0.6301270773105786,0.008928354170051766,0.0264376256526154,0.565,0.003285,0.02251519903189138,7.39624288197632e-05
MAR09378,Soluble,D,96,1,122.12,1.1839650922821408,0.01677575849301709,0.009143761591491656,0.565,0.003285,0.042304498028109934,0.00013897027602234114
MAR09406,Soluble,D,96,1,150.13,1.0346995606111262,0.014660795368709015,0.009823832516489672,0.565,0.003285,0.03697106089267078,0.00012144993503242351
MAR09415,Soluble,D,96,1,118.09,1.0680855170747388,0.015133845415828547,0.00797660982767766,0.565,0.003285,0.0381639813077981,0.00012536867859611677
MAR09435,Soluble,D,96,1,404.16,0.28808844951890206,0.004081963467724568,0.007363399701149163,0.565,0.003285,0.010293747107950505,3.381495924961741e-05
MAR09436,Soluble,D,96,1,324.18,0.41704496153231013,0.005909165397697739,0.008550042964004731,0.565,0.003285,0.014901518522619138,4.895148834680387e-05
MAR09437,Soluble,D,96,1,112.09,4.794973950830001,0.06794062215498435,0.033990090567608475,0.565,0.003285,0.17133019154874465,0.0005628196792376262
MAR09439,Soluble,D,96,1,244.2,2.2092319150217654,0.03130290014719367,0.03411820454592695,0.565,0.003285,0.07893851584131337,0.00025931302453871443
MAR09845,Soluble,D,96,2,184.15,1.2068584402670122,0.01710013737833585,0.014054883680310345,0.565,0.003285,0.043122504911079794,0.00014165742863289714
MAR09854,Soluble,D,96,1,192.12,0.24887254533765357,0.0035263081178173853,0.0030237700978206607,0.565,0.003285,0.00889251564266434,2.921191388615236e-05
MAR09858,Soluble,D,96,1,168.04,2.2064908348958467,0.031264061419175274,0.02344844250039411,0.565,0.003285,0.07884057374864718,0.000258991284764306
MAR09864,Soluble,D,96,1,580.29,0.8643724985791469,0.012247408626059417,0.03172088004548754,0.565,0.003285,0.030885069923142668,0.00010145745469752367
MAR09919,Soluble,D,96,1,290.27,1.268516478745378,0.017973778306948403,0.0232861379901709,0.565,0.003285,0.04532562085109228,0.00014889466449583813
MAR09920,Soluble,D,96,1,203.24,0.9144543750358352,0.012957025378944484,0.011753587065547941,0.565,0.003285,0.03267455565850515,0.00010733591533818941
MAR10202,Soluble,D,96,1,398.44,0.39080251096089397,0.0055373326334374005,0.009847352339994708,0.565,0.003285,0.013963844172515333,4.587122810671287e-05
MAR10222,Soluble,D,96,1,131.13,3.3147440824400443,0.0469670487378866,0.027488514167547475,0.565,0.003285,0.11843979642083675,0.00038907473124244875
MAR10264,Soluble,D,96,1,175.14,3.085115737402486,0.04371341424763653,0.03417086769848573,0.565,0.003285,0.11023489922144819,0.0003621216439424573
MAR11348,Soluble,D,96,1,309.27,1.148528895371296,0.01627365831695407,0.02246357742124318,0.565,0.003285,0.041038320053682534,0.00013481088137634714
MAR11393,Soluble,D,96,1,196.16,2.596557717098882,0.036790970831131906,0.03221125411189171,0.565,0.003285,0.09277813302007962,0.00030477616697096156
MAR11400,Soluble,D,96,2,116.07,1.3197798218401584,0.01870013541739755,0.00968769972156607,0.565,0.003285,0.04715732181170698,0.00015491180215145743
MAR11404,Soluble,D,96,2,134.09,1.403777428585153,0.019890308653019988,0.01190402543942338,0.565,0.003285,0.050158657418705406,0.00016477118962044727
MAR11428,Soluble,D,96,1,152.11,2.2459047729265875,0.03182252273697305,0.021604703220533924,0.565,0.003285,0.08024888120177283,0.0002636175747478238
MAR11925,Soluble,D,96,1,123.11,0.747685131580047,0.010594049839788318,0.005821183318463013,0.565,0.003285,0.026715689829677536,8.776104109049071e-05
MAR12104,Soluble,D,96,1,614.44,1.3802348894203058,0.019556731291730894,0.05363294961060889,0.565,0.003285,0.04931745415336569,0.0001620078368938063
MAR00567,Lipid,D,120,1,312.53,1.5345611014259717,0.039683677484109114,0.0390197119599097,0.05,0.003041,0.006242554628341232,1.8983608624785685e-05
MAR00568,Lipid,D,120,1,304.47,1.4975875664497957,0.03872754361881136,0.03709752146525414,0.05,0.003041,0.006092147250181322,1.8526219787801398e-05
MAR00571,Lipid,D,120,1,330.5,1.6677287875291487,0.043127387546688524,0.044844073019940686,0.05,0.003041,0.006784277310127184,2.0630987300096767e-05
MAR00611,Lipid,D,120,1,256.42,1.323401288879464,0.034223094721445635,0.027609059389982572,0.05,0.003041,0.005383562005690385,1.6371412059304463e-05
MAR00621,Lipid,D,120,1,368.64,1.0656834419138692,0.027558523391325144,0.03196235988580628,0.05,0.003041,0.004335172510553152,1.3183259604592134e-05
MAR00626,Lipid,D,120,1,278.43,1.175839538723347,0.030407154843427993,0.02663619887915078,0.05,0.003041,0.00478328464589857,1.4545968608177552e-05
MAR00637,Lipid,D,120,1,366.62,1.1643663560884794,0.030110458883276726,0.03473073410372408,0.05,0.003041,0.004736612037494419,1.4404037206020528e-05
MAR00639,Lipid,D,120,1,284.48,1.4480167017583305,0.03744564340304506,0.033514556156185114,0.05,0.003041,0.005890494262546597,1.79129930524042e-05
MAR00702,Lipid,D,120,1,228.37,1.0063698062803728,0.026024675579920036,0.01869841575795286,0.05,0.003041,0.00409388618425206,1.2449507886310515e-05
MAR04395,Lipid,D,120,1,408.19,1.2178612547767582,0.031493834432557946,0.04044532567546295,0.05,0.003041,0.004954227893317198,1.5065807023577599e-05
MAR04830,Lipid,D,120,1,411.58,0.7373194175707509,0.019067045256431814,0.02468982979445046,0.05,0.003041,0.0029993962041948664,9.121163856956588e-06
MAR04899,Lipid,D,120,1,259.34,4.927970081925257,0.12743707318055894,0.10397902262762693,0.05,0.003041,0.020046854057921445,6.096248319013911e-05
MAR04918,Lipid,D,120,1,287.4,1.0318905462622048,0.026684640708485943,0.024128401962013123,0.05,0.003041,0.0041977038903989435,1.2765217530703186e-05
MAR04923,Lipid,D,120,1,343.5,0.9345649641731011,0.024167805760051345,0.026118269511269752,0.05,0.003041,0.003801785955061099,1.1561231089340802e-05
MAR04929,Lipid,D,120,1,340.58,1.4032825163864293,0.03628881948566355,0.03888413276598574,0.05,0.003041,0.0057085167605240685,1.735959946875369e-05
MAR04950,Lipid,D,120,1,395.58,0.8670140467739298,0.022420942231884608,0.027904138679748038,0.05,0.003041,0.00352699058088731,1.072557835647831e-05
MAR09815,Lipid,D,120,1,172.26,0.9585634864921873,0.02478840641187345,0.013434251877483159,0.05,0.003041,0.0038994113193669914,1.185810982219502e-05
MAR09850,Lipid,D,120,2,257.22,0.6300761301445029,0.016293738917176778,0.01318578295687178,0.05,0.003041,0.00256313330162347,7.794488370236971e-06
MAR09868,Lipid,D,120,1,172.07,3.4909845949716005,0.09027669647048545,0.0488721283743906,0.05,0.003041,0.01420123449014663,4.31859540845359e-05
MAR09924,Lipid,D,120,1,427.66,1.860599786789882,0.048115022463009915,0.06473807185272051,0.05,0.003041,0.007568871516241934,2.301693828089172e-05
MAR09925,Lipid,D,120,1,399.61,1.0214042109318435,0.026413464572942313,0.03320795665233976,0.05,0.003041,0.0041550457511498416,1.2635494129246667e-05
MAR10254,Lipid,D,120,1,423.64,0.7413836667041387,0.01917214654674509,0.025553367161815235,0.05,0.003041,0.003015929463909834,9.171441499749804e-06
MAR10281,Lipid,D,120,1,481.6,0.820200970452393,0.021210358292896064,0.03213770936249957,0.05,0.003041,0.003336556204578444,1.0146467418123049e-05
MAR10310,Lipid,D,120,1,501.64,1.3737712165606204,0.03552565866832236,0.05606795727813343,0.05,0.003041,0.005588465560774004,1.6994523770313745e-05
MAR10317,Lipid,D,120,1,453.59,1.1992475554223905,0.031012485047852114,0.04425684750191134,0.05,0.003041,0.004878507848708233,1.4835542367921736e-05
MAR10432,Lipid,D,120,1,310.51,1.5789049324843196,0.04083040685740947,0.03988776794150639,0.05,0.003041,0.006422944179174004,1.9532173248868145e-05
MAR10434,Lipid,D,120,1,200.32,0.9978676814980538,0.025804811035277483,0.016263178565993557,0.05,0.003041,0.004059299761879383,1.2344330575875204e-05
MAR11949,Lipid,D,120,1,397.59,0.993369341986672,0.025688484188325728,0.032133228839871596,0.05,0.003041,0.0040410006338026105,1.2288682927393738e-05
MAR09038,Protein,D,120,3,155.15,2.3265843651967666,0.08902507595348283,0.09948956988205525,0.4,0.003041,0.2564990522257306,0.0007800136178184468
MAR09039,Protein,D,120,2,131.17,0.8336162325984543,0.03189772506567033,0.030137529569351885,0.4,0.003041,0.09190372667333045,0.0002794792328135979
MAR09040,Protein,D,120,2,131.17,0.8411448435651441,0.03218580194487566,0.030409709652646947,0.4,0.003041,0.0927337337886619,0.0002820032844513208
MAR09041,Protein,D,120,3,146.19,0.8521785061272791,0.03260799710028584,0.03433643563475348,0.4,0.003041,0.0939501624864997,0.0002857024441214456
MAR09042,Protein,D,120,4,149.21,0.7918618402640735,0.03030002329969745,0.03256524226078688,0.4,0.003041,0.08730042828439616,0.00026548060241284873
MAR09043,Protein,D,120,4,165.19,0.7816345858729669,0.029908684772462543,0.03558725490750277,0.4,0.003041,0.08617290370483147,0.00026205180016639247
MAR09044,Protein,D,120,2,119.12,0.9030289105663977,0.034553751221725146,0.029647857008037973,0.4,0.003041,0.09955626933525176,0.0003027506150485006
MAR09045,Protein,D,120,4,204.23,0.8706068663553471,0.033313145038844756,0.04900592527948048,0.4,0.003041,0.09598183475391565,0.0002918807594866575
MAR09046,Protein,D,120,4,117.15,1.0517821703508943,0.04024568762804712,0.03396057739606822,0.4,0.003041,0.11595587672579843,0.00035262182112315304
MAR09061,Protein,D,120,4,89.09,1.1626367729586689,0.044487459198671274,0.028548282268434765,0.4,0.003041,0.12817726913653502,0.00038978707544420297
MAR09062,Protein,D,120,4,132.12,0.6608562753593388,0.025287189662355193,0.024064816335380528,0.4,0.003041,0.0728574518176825,0.00022155951097757245
MAR09063,Protein,D,120,4,146.14,1.3436382480220932,0.05141335034891589,0.05412007989996123,0.4,0.003041,0.1481321469822396,0.00045046985897299055
MAR09064,Protein,D,120,4,181.19,0.8026689774846791,0.030713550625977217,0.04008461080729309,0.4,0.003041,0.08849188323261348,0.0002691038169103776
MAR09066,Protein,D,120,4,174.2,0.6729124669344986,0.025748511154386096,0.03230826922902435,0.4,0.003041,0.07418661131808117,0.00022560148501828484
MAR09067,Protein,D,120,4,75.07,1.4140978587074673,0.05410943663177362,0.029258553309972696,0.4,0.003041,0.15590011088303024,0.00047409223719529494
MAR09068,Protein,D,120,4,115.13,0.9024707604146726,0.03453239400795114,0.02863707208125982,0.4,0.003041,0.09949473493011317,0.0003025634889224741
MAR09069,Protein,D,120,4,105.09,1.0350156075587673,0.03960412717213745,0.029978870005761663,0.4,0.003041,0.11410741271581185,0.0003470006420687838
MAR09070,Protein,D,120,3,133.1,0.7376607368848942,0.028226057095301536,0.027060866057663016,0.4,0.003041,0.08132491677734942,0.0002473090719199196
MAR09071,Protein,D,120,4,147.13,1.1426773052389472,0.04372372453410473,0.04633741527998647,0.4,0.003041,0.12597679679191595,0.00038309543904421636
MAR09087,Protein,D,120,3,132.16,1.7387175792710352,0.06653077656316524,0.06333387245921544,0.4,0.003041,0.19168847596614844,0.0005829246554130573
MAR09091,Protein,D,120,1,103.12,1.0540926214121473,0.04033409537473868,0.029959091939838464,0.4,0.003041,0.1162105971289312,0.00035339642586907976
MAR09201,Protein,D,120,2,175.19,1.318460820762806,0.05044995421869142,0.06366247367639283,0.4,0.003041,0.14535641001516714,0.00044202884285612324
MAR09418,Protein,D,120,4,125.15,1.6420947615033856,0.06283357399476533,0.056641668468840826,0.4,0.003041,0.1810360957853482,0.0005505307672832439
MAR09846,Protein,D,120,2,222.26,0.6206344257105746,0.023748129539053812,0.03801930203379989,0.4,0.003041,0.0684231117318454,0.00020807468277654183
MAR10343,Protein,D,120,1,188.27,0.6329604987990737,0.02421977785291971,0.032844654556491236,0.4,0.003041,0.06978202487170815,0.00021220713763486448
MAR01939,Soluble,D,120,1,785.55,0.9310197323283118,0.01195861537275633,0.044344434117173544,0.515,0.003041,0.02907183956507463,8.840746411739195e-05
MAR01947,Soluble,D,120,1,260.14,0.5952958880876249,0.007646362704708939,0.0093895854206893,0.515,0.003041,0.01858859264878523,5.652791024495589e-05
MAR01986,Soluble,D,120,1,566.3,0.5069574827623101,0.0065116874929535325,0.01740702278946905,0.515,0.003041,0.015830154929501256,4.8139501140613315e-05
MAR09026,Soluble,D,120,2,384.41,0.9567348565576055,0.012288916943434886,0.022299374040078142,0.515,0.003041,0.029874814990869754,9.084931238723492e-05
MAR09034,Soluble,D,120,2,180.16,1.2988594588056803,0.016683385058101245,0.014188187958753044,0.515,0.003041,0.040557930721346676,0.00012333666732361524
MAR09075,Soluble,D,120,1,168.11,6.7424023312592425,0.08660374572971119,0.06872497821294406,0.515,0.003041,0.21053693283960612,0.0006402428127652422
MAR09083,Soluble,D,120,2,104.17,1.0077693152677134,0.012944436307073658,0.0063651727302633625,0.515,0.003041,0.0314684069893984,9.569542565476053e-05
MAR09133,Soluble,D,120,2,88.06,0.6355959951348684,0.008164003161644975,0.0033936436074937003,0.515,0.003041,0.0198469958875682,6.035471449409489e-05
MAR09135,Soluble,D,120,2,90.08,3.976782142051344,0.05108034384954128,0.021720337839445332,0.515,0.003041,0.12417821921974186,0.00037762596464723495
MAR09143,Soluble,D,120,1,376.36,0.8481070050712214,0.010893631054653664,0.019353544206165578,0.515,0.003041,0.026482823005035797,8.053426475831385e-05
MAR09145,Soluble,D,120,1,219.23,0.5296425693511645,0.0068030693141909356,0.007040269208114949,0.515,0.003041,0.016538514994203342,5.029362409737236e-05
MAR09247,Soluble,D,120,2,146.21,0.4402350928744985,0.005654662265975794,0.003902726655394303,0.515,0.003041,0.013746694668819275,4.180369848787941e-05
MAR09253,Soluble,D,120,1,135.13,0.5048827551941095,0.00648503835961098,0.004136649385806201,0.515,0.003041,0.01576536989336338,4.794248984571804e-05
MAR09259,Soluble,D,120,1,146.1,0.7851072014379767,0.010084421116293865,0.006954814893738772,0.515,0.003041,0.02451560349264523,7.455195022113414e-05
MAR09262,Soluble,D,120,1,347.22,0.29360073870366293,0.003771196447720519,0.0061811356590606124,0.515,0.003041,0.009167919084200839,2.787964193505475e-05
MAR09286,Soluble,D,120,1,192.12,0.202407775155061,0.0025998554568563708,0.0023577956805414155,0.515,0.003041,0.006320345489687846,1.9220170634140737e-05
MAR09287,Soluble,D,120,1,323.2,0.3194531437071156,0.004103261340828489,0.006260152559006361,0.515,0.003041,0.009975181212525608,3.033452606729037e-05
MAR09290,Soluble,D,120,1,131.13,1.071995371752332,0.013769397024595413,0.0085231743043506,0.515,0.003041,0.03347391723282666,0.00010179418230502586
MAR09292,Soluble,D,120,1,161.2,0.7315234960975575,0.00939615759172743,0.007149895856450967,0.515,0.003041,0.022842409218810474,6.946376643440265e-05
MAR09295,Soluble,D,120,1,243.22,0.6522700412432523,0.008378175318468233,0.009619070650528218,0.515,0.003041,0.020367656381144777,6.193804305506127e-05
MAR09342,Soluble,D,120,1,106.08,1.6305326782293177,0.020943608899557282,0.010487438251207425,0.515,0.003041,0.05091469362152926,0.00015483158330307047
MAR09343,Soluble,D,120,3,363.22,0.4133637173237398,0.005309509060742659,0.009103502310736958,0.515,0.003041,0.012907614366030324,3.925205528709821e-05
MAR09348,Soluble,D,120,1,283.24,3.5823992967786675,0.04601463729954726,0.06152264171009019,0.515,0.003041,0.1118632978417471,0.0003401762887367529
MAR09350,Soluble,D,120,1,612.63,0.7796046381561663,0.010013742659579676,0.02895870073633763,0.515,0.003041,0.024343781530799802,7.40294396351622e-05
MAR09351,Soluble,D,120,2,307.32,0.6641970912113524,0.008531374008192521,0.012376395876113628,0.515,0.003041,0.02074008810425133,6.307060792502829e-05
MAR09358,Soluble,D,120,2,136.11,3.515087497224826,0.04515004131628124,0.02900898760603045,0.515,0.003041,0.10976143279043186,0.0003337845171157033
MAR09360,Soluble,D,120,2,348.21,1.8351323104596473,0.02357161797636931,0.03874494239135369,0.515,0.003041,0.05730348161037061,0.00017425988757713702
MAR09362,Soluble,D,120,1,268.23,4.215082826769913,0.05414123088840901,0.06855195759293399,0.515,0.003041,0.13161934966394886,0.0004002544423280685
MAR09376,Soluble,D,120,1,663.43,0.45489971225386366,0.005843024055373245,0.018298570640519703,0.515,0.003041,0.014204609197455118,4.319621656946101e-05
MAR09378,Soluble,D,120,1,122.12,1.249018178501653,0.01604319164420761,0.009248300944237668,0.515,0.003041,0.03900159667771371,0.00011860385549692738
MAR09406,Soluble,D,120,1,150.13,0.9449655616469567,0.012137744560983859,0.008601810377952664,0.515,0.003041,0.0295073092962474,8.973172756988834e-05
MAR09415,Soluble,D,120,1,118.09,1.0025557697256888,0.01287747017982574,0.007178406729835506,0.515,0.003041,0.0313056098388118,9.52003595198267e-05
MAR09435,Soluble,D,120,1,404.16,0.22354674135571914,0.0028713779148596807,0.005478076225309787,0.515,0.003041,0.006980426702381582,2.1227477601942392e-05
MAR09436,Soluble,D,120,1,324.18,0.26703467887447796,0.003429964913698826,0.005248803107522344,0.515,0.003041,0.008338372510253584,2.5356990803681148e-05
MAR09437,Soluble,D,120,1,112.09,8.684001374744936,0.11154289080141756,0.059019177293003836,0.515,0.003041,0.27116492377461837,0.0008246125331986145
MAR09439,Soluble,D,120,1,244.2,1.6795551760578709,0.02157328534548756,0.024868313514566222,0.515,0.003041,0.0524454605241671,0.00015948664545399214
MAR09845,Soluble,D,120,2,184.15,1.3174902522724483,0.016922690934681496,0.014710435578797273,0.515,0.003041,0.041139692224168314,0.00012510580405369583
MAR09854,Soluble,D,120,1,192.12,0.19140420791393478,0.0024585185723675603,0.0022296179794041985,0.515,0.003041,0.005976750257095369,1.8175297531827014e-05
MAR09858,Soluble,D,120,1,168.04,2.5701856733495774,0.03301311544417164,0.026186868652007672,0.515,0.003041,0.0802561137573432,0.00024405884193608068
MAR09864,Soluble,D,120,1,580.29,0.9053557934057037,0.01162897125902969,0.031854498350003736,0.515,0.003041,0.028270462441627335,8.597047628498872e-05
MAR09919,Soluble,D,120,1,290.27,1.0740008952784839,0.013795157256776837,0.018902236598292183,0.515,0.003041,0.03353654131712017,0.00010198462214536244
MAR09920,Soluble,D,120,1,203.24,1.0767356990218604,0.013830284832435438,0.013268587632698267,0.515,0.003041,0.03362193776244641,0.00010224431273559952
MAR10202,Soluble,D,120,1,398.44,0.39489566870556736,0.005072293583517728,0.009540073053666014,0.515,0.003041,0.01233093470193253,3.749837242857682e-05
MAR10222,Soluble,D,120,1,131.13,2.223486669992689,0.028559890783836583,0.017678401372917627,0.515,0.003041,0.0694301586749987,0.00021113711253067106
MAR10264,Soluble,D,120,1,175.14,2.199976225100822,0.028257907530483708,0.023361984499172445,0.515,0.003041,0.06869602613380045,0.00020890461547288716
MAR11348,Soluble,D,120,1,309.27,1.3567948702034867,0.017427544690073956,0.025442418139785074,0.515,0.003041,0.042367010515049354,0.00012883807897626508
MAR11393,Soluble,D,120,1,196.16,2.562487767080145,0.03291423859220476,0.03047745173955999,0.515,0.003041,0.08001574044592881,0.0002433278666960695
MAR11400,Soluble,D,120,2,116.07,1.3511197469576264,0.017354649762357965,0.009508679830389938,0.515,0.003041,0.04218980022960988,0.00012829918249824364
MAR11404,Soluble,D,120,2,134.09,1.43172616382266,0.018390010348598555,0.011640261873373844,0.515,0.003041,0.044706800393672384,0.00013595337999715773
MAR11428,Soluble,D,120,1,152.11,3.064079310821225,0.03935700251819148,0.02825948007569351,0.515,0.003041,0.09567833961595001,0.000290957830772104
MAR11925,Soluble,D,120,1,123.11,0.744118506211344,0.009557935990548341,0.005554459896257722,0.515,0.003041,0.02323569853442228,7.065975924317815e-05
MAR12104,Soluble,D,120,1,614.44,1.217995346439478,0.015644714465343327,0.04537655364476161,0.515,0.003041,0.038032883808105315,0.00011565799966044826
MAR00567,Lipid,LD,24,1,312.53,0.7266414517784431,0.026572734186362846,0.024657322409176535,0.06,0.004208,0.004733751462421503,1.9919626153869684e-05
MAR00568,Lipid,LD,24,1,304.47,0.9481813544702247,0.034674282661877505,0.031345121034784436,0.06,0.004208,0.006176987099179118,2.599276171334573e-05
MAR00571,Lipid,LD,24,1,330.5,0.7550539897740427,0.02761175944134817,0.02709464739939242,0.06,0.004208,0.004918846729087883,2.069850703600181e-05
MAR00611,Lipid,LD,24,1,256.42,0.8276321521136344,0.030265888531925706,0.023042165033613587,0.06,0.004208,0.005391661734719659,2.2688112579700327e-05
MAR00621,Lipid,LD,24,1,368.64,1.0473171285739384,0.038299603743092825,0.04191936514755864,0.06,0.004208,0.006822813337818789,2.8710398525541463e-05
MAR00626,Lipid,LD,24,1,278.43,1.0250269126888938,0.03748446722669914,0.030987413583576737,0.06,0.004208,0.006677602323796301,2.8099350578534833e-05
MAR00637,Lipid,LD,24,1,366.62,1.0870333208722325,0.03975199517803511,0.04327061251296714,0.06,0.004208,0.0070815469717364805,2.979914965706711e-05
MAR00639,Lipid,LD,24,1,284.48,0.7122161993602136,0.02604521349903812,0.021998730524312175,0.06,0.004208,0.004639777247816122,1.9524182658810242e-05
MAR00702,Lipid,LD,24,1,228.37,1.091614045311163,0.03991950884326679,0.02706712944123249,0.06,0.004208,0.007111388389341635,2.99247223423496e-05
MAR04395,Lipid,LD,24,1,408.19,0.8771307847816993,0.03207601649153728,0.03887413583061355,0.06,0.004208,0.005714123691998365,2.404503249592912e-05
MAR04830,Lipid,LD,24,1,411.58,1.5204457414941925,0.05560156310189616,0.06794526900816658,0.06,0.004208,0.00990503945889012,4.168040604300962e-05
MAR04899,Lipid,LD,24,1,259.34,0.16069620849172644,0.005876540104553489,0.004524901915131416,0.06,0.004208,0.0010468655622267486,4.405210285850158e-06
MAR04918,Lipid,LD,24,1,287.4,1.3052611226284778,0.04773242260059717,0.040730355391765886,0.06,0.004208,0.0085032057185315,3.578148966358055e-05
MAR04923,Lipid,LD,24,1,343.5,0.8770125281120091,0.03207169193361157,0.032708947650985726,0.06,0.004208,0.005713353301482223,2.4041790692637195e-05
MAR04929,Lipid,LD,24,1,340.58,1.1514280044964458,0.04210686057523088,0.04257846123032782,0.06,0.004208,0.00750105019032142,3.156441920087253e-05
MAR04950,Lipid,LD,24,1,395.58,1.1006997085656012,0.04025176475018773,0.04727561755203871,0.06,0.004208,0.007170577514339255,3.0173790180339584e-05
MAR09815,Lipid,LD,24,1,172.26,1.2495444868564884,0.04569490692005918,0.023370618097920643,0.06,0.004208,0.008140236188756754,3.425411388228842e-05
MAR09850,Lipid,LD,24,2,257.22,1.8914099254659704,0.06916744573798429,0.05282316639191722,0.06,0.004208,0.012321708978753725,5.1849751382595674e-05
MAR09868,Lipid,LD,24,1,172.07,0.3816860549536666,0.01395797343531917,0.007130918696904907,0.06,0.004208,0.0024865178230620935,1.046326699944529e-05
MAR09924,Lipid,LD,24,1,427.66,0.49968958139984626,0.018273274102014216,0.02320240264525297,0.06,0.004208,0.0032552592216133795,1.36981308045491e-05
MAR09925,Lipid,LD,24,1,399.61,0.7696390726330737,0.028145125008300822,0.033393157690283094,0.06,0.004208,0.005013862169157392,2.1098332007814304e-05
MAR10254,Lipid,LD,24,1,423.64,1.4410765380274382,0.052699090718654695,0.06628542420267458,0.06,0.004208,0.00938798378850079,3.950463578201132e-05
MAR10281,Lipid,LD,24,1,481.6,1.2451156592395138,0.045532948007950526,0.06510737808212039,0.06,0.004208,0.008111384312556527,3.4132705187237866e-05
MAR10310,Lipid,LD,24,1,501.64,0.7583129125969335,0.027730935810511528,0.04130233866718621,0.06,0.004208,0.004940077186889348,2.0787844802430376e-05
MAR10317,Lipid,LD,24,1,453.59,0.9941421932181331,0.03635503614496236,0.04896051877729498,0.06,0.004208,0.0064764018753449126,2.725269909145139e-05
MAR10432,Lipid,LD,24,1,310.51,0.6372444888794125,0.023303554143894817,0.021484028137279603,0.06,0.004208,0.004151369322201463,1.7468962107823755e-05
MAR10434,Lipid,LD,24,1,200.32,1.2521544949741836,0.045790352964000136,0.02723430277892956,0.06,0.004208,0.008157239250877465,3.432566276769237e-05
MAR11949,Lipid,LD,24,1,397.59,1.0119715979999766,0.037007044137087546,0.04368555016659185,0.06,0.004208,0.0065925526547335475,2.7741461571118767e-05
MAR09038,Protein,LD,24,3,155.15,0.8557772605405997,0.030441093770547094,0.0329465287337854,0.31,0.004208,0.06582935164339977,0.00027700991171542624
MAR09039,Protein,LD,24,2,131.17,1.3591645961760634,0.048347226351477056,0.04423883824861528,0.31,0.004208,0.10455164944019774,0.00043995334084435207
MAR09040,Protein,LD,24,2,131.17,1.3734892711681492,0.048856773396921134,0.04470508566391859,0.31,0.004208,0.10565355306712483,0.0004445901513064613
MAR09041,Protein,LD,24,3,146.19,1.4563407299004612,0.051803905951838175,0.05282965850169892,0.31,0.004208,0.11202677430417037,0.0004714086662719489
MAR09042,Protein,LD,24,4,149.21,1.0584088103318987,0.037648957653459394,0.039187586627599386,0.31,0.004208,0.08141647245195234,0.00034260051607781544
MAR09043,Protein,LD,24,4,165.19,0.722302789605624,0.02569323580206232,0.029607394256530105,0.31,0.004208,0.05556203292889601,0.00023380503456479443
MAR09044,Protein,LD,24,2,119.12,1.645783518408623,0.05854262869552024,0.04864682884810269,0.31,0.004208,0.12659936990355802,0.0005327301485541721
MAR09045,Protein,LD,24,4,204.23,0.8226230662122437,0.029261756593722748,0.04168862409526799,0.31,0.004208,0.06327901615596669,0.00026627809998430783
MAR09046,Protein,LD,24,4,117.15,0.9671977860747603,0.03440446464068032,0.028116077271301602,0.31,0.004208,0.07440020447378144,0.0003130760604256723
MAR09061,Protein,LD,24,4,89.09,0.8526361905576227,0.03032936188621162,0.01884906721052601,0.31,0.004208,0.06558772965835742,0.00027599316640236805
MAR09062,Protein,LD,24,4,132.12,1.9830653776686265,0.07054017663030922,0.0650133790293818,0.31,0.004208,0.15254425900021462,0.0006419062418729031
MAR09063,Protein,LD,24,4,146.14,0.8607585446703941,0.03061828443017858,0.03121386783346988,0.31,0.004208,0.06621252927587015,0.0002786223231928616
MAR09064,Protein,LD,24,4,181.19,0.9062900665076712,0.03223789900709395,0.04074727650925407,0.31,0.004208,0.06971497167541675,0.0002933606008101537
MAR09066,Protein,LD,24,4,174.2,1.703881469303149,0.060609247256919845,0.07365202161549346,0.31,0.004208,0.13106846556144072,0.0005515361030825425
MAR09067,Protein,LD,24,4,75.07,0.8861751779825333,0.031522386646563344,0.01650756965749302,0.31,0.004208,0.06816766476385823,0.00028684953332631545
MAR09068,Protein,LD,24,4,115.13,1.437129214580288,0.051120527733811844,0.04105645655901837,0.31,0.004208,0.11054895798919218,0.00046519001521852065
MAR09069,Protein,LD,24,4,105.09,1.5056150882229788,0.0535566580186923,0.03926200661332593,0.31,0.004208,0.11581712865287884,0.00048735847737131415
MAR09070,Protein,LD,24,3,133.1,1.6563635499628826,0.05891897397540664,0.05470548363214964,0.31,0.004208,0.1274132225842704,0.0005361548406346098
MAR09071,Protein,LD,24,4,147.13,0.5328362670035731,0.01895366880624719,0.019453249347631037,0.31,0.004208,0.040987611620781766,0.00017247586970024967
MAR09087,Protein,LD,24,3,132.16,0.5301043417488394,0.01885649072418301,0.017384353030530177,0.31,0.004208,0.04077746246568065,0.00017159156205558417
MAR09091,Protein,LD,24,1,103.12,0.9071574716730084,0.03226875372033839,0.023212543349979776,0.31,0.004208,0.06978169548578095,0.00029364137460416624
MAR09201,Protein,LD,24,2,175.19,0.9708326487908383,0.03453376136528982,0.0422037291538103,0.31,0.004208,0.074679810706554,0.0003142526434531792
MAR09418,Protein,LD,24,4,125.15,0.26473387533702036,0.009416923181954818,0.008221243521613894,0.31,0.004208,0.02036424683739758,8.569275069176902e-05
MAR09846,Protein,LD,24,2,222.26,1.5679470651006258,0.05577388630989203,0.08647485611772442,0.31,0.004208,0.12061192025778175,0.0005075349604447456
MAR10343,Protein,LD,24,1,188.27,1.2859519145807519,0.04574295745067894,0.060076274571778325,0.31,0.004208,0.09891987633319847,0.0004162548396100992
MAR01939,Soluble,LD,24,1,785.55,1.276886153551809,0.020298407403741295,0.060971167017944736,0.595,0.004208,0.046181458055727986,0.00019433157549850335
MAR01947,Soluble,LD,24,1,260.14,1.6814071630579175,0.026728998127501173,0.026587562656242517,0.595,0.004208,0.06081186968733873,0.0002558963476443214
MAR01986,Soluble,LD,24,1,566.3,1.252915681074877,0.01991735352932696,0.043128753219548156,0.595,0.004208,0.045314512035371984,0.0001906834666448453
MAR09026,Soluble,LD,24,2,384.41,0.7905397356007761,0.012567054296449767,0.018472125826167723,0.595,0.004208,0.028591646592361783,0.00012031364886065838
MAR09034,Soluble,LD,24,2,180.16,0.5780720617925881,0.009189497580772824,0.006330512210801119,0.595,0.004208,0.020907275562981047,8.797781556902425e-05
MAR09075,Soluble,LD,24,1,168.11,0.026348151715951427,0.0004188513724409081,0.00026924162363812517,0.595,0.004208,0.0009529401348205607,4.00997208732492e-06
MAR09083,Soluble,LD,24,2,104.17,0.9993756120942124,0.015886877046340033,0.006328050094053432,0.595,0.004208,0.03614466550793694,0.00015209675245739864
MAR09133,Soluble,LD,24,2,88.06,1.9152300227896533,0.030446034022941364,0.010251752654955471,0.595,0.004208,0.0692685990199694,0.0002914822646760312
MAR09135,Soluble,LD,24,2,90.08,0.4353243727727398,0.006920265715733352,0.002383635570409175,0.595,0.004208,0.015744484507032183,6.625279080559142e-05
MAR09143,Soluble,LD,24,1,376.36,1.0909949713978804,0.01734333193547996,0.024958857754656977,0.595,0.004208,0.03945828558832209,0.00016604046575565936
MAR09145,Soluble,LD,24,1,219.23,1.6205297177396458,0.025761241383227634,0.02159511299124933,0.595,0.004208,0.05861010003098733,0.0002466313009303947
MAR09247,Soluble,LD,24,2,146.21,1.943578130690691,0.030896678304500748,0.017273389974384778,0.595,0.004208,0.07029387206592533,0.00029579661365341375
MAR09253,Soluble,LD,24,1,135.13,2.0708048067209517,0.032919175686512855,0.017009417391689447,0.595,0.004208,0.07489531079741894,0.0003151594678355389
MAR09259,Soluble,LD,24,1,146.1,1.784670891805237,0.028370561261623982,0.01584918203328606,0.595,0.004208,0.0645466345640329,0.0002716122382454504
MAR09262,Soluble,LD,24,1,347.22,1.9424289949057219,0.03087841071951626,0.040996651127643065,0.595,0.004208,0.07025231098711947,0.0002956217246337987
MAR09286,Soluble,LD,24,1,192.12,1.9008734842892412,0.03021781096125473,0.02219853366360868,0.595,0.004208,0.0687493625330375,0.00028929731753902176
MAR09287,Soluble,LD,24,1,323.2,2.1748039850072978,0.03457243011693998,0.04272577699953381,0.595,0.004208,0.07865667485990908,0.0003309872878104974
MAR09290,Soluble,LD,24,1,131.13,0.8272315542745381,0.013150336902931572,0.006593676720127581,0.595,0.004208,0.029918688694241673,0.00012589784202536895
MAR09292,Soluble,LD,24,1,161.2,1.4730502809491886,0.023416789856895416,0.014433814047871241,0.595,0.004208,0.05327617468041805,0.00022418614305519917
MAR09295,Soluble,LD,24,1,243.22,1.9084917010613638,0.030338916251104117,0.02821551990918931,0.595,0.004208,0.06902489246759164,0.0002904567475036256
MAR09342,Soluble,LD,24,1,106.08,0.40095065607890235,0.0063738335193378685,0.0025853713791570317,0.595,0.004208,0.014501281774117965,6.1021393705488394e-05
MAR09343,Soluble,LD,24,3,363.22,1.164792648065992,0.01851647904988175,0.02571679672753502,0.595,0.004208,0.04212734445482995,0.0001772718654659244
MAR09348,Soluble,LD,24,1,283.24,0.5861969942303121,0.009318658029642947,0.010092451479199595,0.595,0.004208,0.02120113200862787,8.921436349230608e-05
MAR09350,Soluble,LD,24,1,612.63,0.5948424194084855,0.009456092648976067,0.02215127295432622,0.595,0.004208,0.021513813244248732,9.053012613179867e-05
MAR09351,Soluble,LD,24,2,307.32,0.9243610976757115,0.014694386102159101,0.017267560303309233,0.595,0.004208,0.033431596968856545,0.00014068016004494834
MAR09358,Soluble,LD,24,2,136.11,0.48036413557052127,0.007636253943888373,0.003974285903464412,0.595,0.004208,0.01737344877350176,7.31074724388954e-05
MAR09360,Soluble,LD,24,2,348.21,0.29139507818438554,0.004632250099962975,0.006167681639454673,0.595,0.004208,0.010538958029567015,4.4347935388417995e-05
MAR09362,Soluble,LD,24,1,268.23,0.4036728344394355,0.006417107451970039,0.006581658901031407,0.595,0.004208,0.01459973547371169,6.14356868733788e-05
MAR09376,Soluble,LD,24,1,663.43,1.8988350944920958,0.030185407080583777,0.07657391524229368,0.595,0.004208,0.06867563958392708,0.00028898709136916515
MAR09378,Soluble,LD,24,1,122.12,0.9801237280248065,0.015580833641418311,0.007275556138387168,0.595,0.004208,0.035448377844254544,0.00014916677396862313
MAR09406,Soluble,LD,24,1,150.13,0.8999272986304601,0.014305966816647963,0.008212462657862232,0.595,0.004208,0.032547893701645424,0.00013696153669652395
MAR09415,Soluble,LD,24,1,118.09,0.9704731239976321,0.015427419892126037,0.006966187064529673,0.595,0.004208,0.03509934205601791,0.00014769803137172337
MAR09435,Soluble,LD,24,1,404.16,1.6959600385775964,0.026960342320068918,0.04166462151140516,0.595,0.004208,0.06133820714391842,0.0002581111756616087
MAR09436,Soluble,LD,24,1,324.18,1.7945999957678505,0.028528402269474687,0.035363266794206615,0.595,0.004208,0.06490574292847472,0.0002731233662430216
MAR09437,Soluble,LD,24,1,112.09,0.3061072661809828,0.004866126851562698,0.0020856383558376713,0.595,0.004208,0.01107105737999299,4.6587009455010505e-05
MAR09439,Soluble,LD,24,1,244.2,0.5244627946566508,0.008337281631908201,0.007785004028424252,0.595,0.004208,0.01896837590873231,7.981892582394556e-05
MAR09845,Soluble,LD,24,2,184.15,0.8366829318638175,0.013300583588824542,0.009365503488715203,0.595,0.004208,0.030260519010510696,0.000127336263996229
MAR09854,Soluble,LD,24,1,192.12,1.8246926263861638,0.029006778884681707,0.021308888270235027,0.595,0.004208,0.06599411056001374,0.0002777032172365378
MAR09858,Soluble,LD,24,1,168.04,0.40448335519480555,0.006429992140597858,0.004131538697192339,0.595,0.004208,0.014629049778799346,6.155904146918765e-05
MAR09864,Soluble,LD,24,1,580.29,1.2575768500088005,0.019991451212769813,0.044358629304270494,0.595,0.004208,0.045483093687709496,0.00019139285823788156
MAR09919,Soluble,LD,24,1,290.27,1.060761778434418,0.01686272082838851,0.018716236007191862,0.595,0.004208,0.038364834203600644,0.0001614392223287515
MAR09920,Soluble,LD,24,1,203.24,0.8363636014283355,0.013295507255857977,0.010332437988823493,0.595,0.004208,0.03024896970748858,0.00012728766452911193
MAR10202,Soluble,LD,24,1,398.44,2.1368522227539404,0.033969118435811844,0.05175304619589074,0.595,0.004208,0.07728406406624583,0.00032521134159076246
MAR10222,Soluble,LD,24,1,131.13,0.13930484871386564,0.002214501711562228,0.0011103676270799896,0.595,0.004208,0.005038272997121894,2.120105277188893e-05
MAR10264,Soluble,LD,24,1,175.14,0.14635682074254266,0.002326605520378467,0.0015581053165887768,0.595,0.004208,0.005293323417667707,2.227430494154571e-05
MAR11348,Soluble,LD,24,1,309.27,1.1660809087845676,0.01853695827650281,0.021921232922095583,0.595,0.004208,0.04217393729959864,0.00017746792815671108
MAR11393,Soluble,LD,24,1,196.16,0.48584826518799307,0.007723434071044361,0.0057930810728183055,0.595,0.004208,0.017571794648893208,7.394211188254262e-05
MAR11400,Soluble,LD,24,2,116.07,1.150024013651218,0.0182817049807025,0.008113820405070322,0.595,0.004208,0.0415932035928047,0.00017502420071852218
MAR11404,Soluble,LD,24,2,134.09,1.0814504294770235,0.017191604234578255,0.008814577599181667,0.595,0.004208,0.039113085774577463,0.00016458786493942195
MAR11428,Soluble,LD,24,1,152.11,0.6287777904281141,0.009995556550622635,0.005813711235899051,0.595,0.004208,0.022741162220497897,9.569481062385515e-05
MAR11925,Soluble,LD,24,1,123.11,7.505022081526529,0.11930585617296295,0.056162160060359276,0.595,0.004208,0.27143599411838004,0.001142202663250143
MAR12104,Soluble,LD,24,1,614.44,0.6348296840289378,0.010091762309868994,0.023710199241163098,0.595,0.004208,0.022960042556623986,9.661585907827374e-05
MAR00567,Lipid,LD,48,1,312.53,0.621010025598199,0.023984069952253852,0.022365539467100615,0.065,0.003901,0.004651585656933863,1.8145835647699e-05
MAR00568,Lipid,LD,48,1,304.47,0.8732522976350481,0.033725935700104966,0.030638909145157357,0.065,0.003901,0.006540969863813276,2.551632343873559e-05
MAR00571,Lipid,LD,48,1,330.5,0.8477808264516764,0.032742200298956914,0.03228822037010887,0.065,0.003901,0.006350179497903409,2.4772050221321198e-05
MAR00611,Lipid,LD,48,1,256.42,0.958619894912669,0.03702292341425666,0.02832613941977179,0.065,0.003901,0.00718040348757962,2.8010754005048097e-05
MAR00621,Lipid,LD,48,1,368.64,0.6557975318594403,0.025327600570508178,0.027858728430244263,0.065,0.003901,0.004912156434369241,1.916232225047441e-05
MAR00626,Lipid,LD,48,1,278.43,1.3010396684346852,0.05024754051005315,0.04174414980437953,0.065,0.003901,0.009745249209081886,3.801621716462844e-05
MAR00637,Lipid,LD,48,1,366.62,0.7023955672136708,0.027127266426944074,0.029674743228241592,0.065,0.003901,0.005261192269477125,2.0523911043230266e-05
MAR00639,Lipid,LD,48,1,284.48,0.7657394350046772,0.029573674203827192,0.025102779272642022,0.065,0.003901,0.005735660337182689,2.237481097534967e-05
MAR00702,Lipid,LD,48,1,228.37,1.13792058776943,0.04394770752836455,0.029946085582383677,0.065,0.003901,0.008523429359613517,3.3249897931852326e-05
MAR04395,Lipid,LD,48,1,408.19,0.6868897087237767,0.026528413623669065,0.03231010915404432,0.065,0.003901,0.005145047882145278,2.0070831788248728e-05
MAR04830,Lipid,LD,48,1,411.58,1.1724732329048895,0.045282167559289155,0.0556091496561464,0.065,0.003901,0.008782240943800758,3.4259521921766756e-05
MAR04899,Lipid,LD,48,1,259.34,0.6670158098462037,0.025760862438896186,0.019934010786516486,0.065,0.003901,0.004996185320905266,1.9490118936851444e-05
MAR04918,Lipid,LD,48,1,287.4,1.0036402857433455,0.03876165895547541,0.033239455718154266,0.065,0.003901,0.007517622204871356,2.932624422120316e-05
MAR04923,Lipid,LD,48,1,343.5,0.8491466348463651,0.03279494927679835,0.033612319945930134,0.065,0.003901,0.006360409887876155,2.4811958972604878e-05
MAR04929,Lipid,LD,48,1,340.58,0.8426137252352934,0.032542641335468796,0.033070192638184115,0.065,0.003901,0.006311476074584438,2.4621068166953893e-05
MAR04950,Lipid,LD,48,1,395.58,0.8943331603311606,0.0345401011156639,0.040768310559648406,0.065,0.003901,0.006698873012733571,2.613230362267366e-05
MAR09815,Lipid,LD,48,1,172.26,1.0664787863863507,0.0411885489137572,0.021170236936821168,0.065,0.003901,0.007988304893146267,3.1162377388163584e-05
MAR09850,Lipid,LD,48,2,257.22,1.7338623526893615,0.06696361449949785,0.05139352489047775,0.065,0.003901,0.012987244840529717,5.066324212290643e-05
MAR09868,Lipid,LD,48,1,172.07,0.28555906167186673,0.011028595720400373,0.00566226459010961,0.065,0.003901,0.0021389387944274114,8.344000237061332e-06
MAR09924,Lipid,LD,48,1,427.66,0.6453318723378624,0.024923405630466414,0.03180319859802562,0.065,0.003901,0.004833764927446254,1.885651698196784e-05
MAR09925,Lipid,LD,48,1,399.61,1.0524560360464814,0.04064697533006111,0.04846512815287008,0.065,0.003901,0.007883269512616187,3.0752634368715747e-05
MAR10254,Lipid,LD,48,1,423.64,1.3193694330991967,0.05095545558356348,0.06440987141501708,0.065,0.003901,0.009882545656633253,3.855181060652632e-05
MAR10281,Lipid,LD,48,1,481.6,1.1772960890000184,0.04546843140880399,0.06533730758196962,0.065,0.003901,0.008818365848895402,3.4400445176540965e-05
MAR10310,Lipid,LD,48,1,501.64,0.961792095899184,0.03714543720183988,0.05559841583750428,0.065,0.003901,0.007204164399644722,2.810344532301406e-05
MAR10317,Lipid,LD,48,1,453.59,0.7925783367248654,0.03061022123167686,0.04142807212788929,0.065,0.003901,0.005936693243485978,2.31590403428388e-05
MAR10432,Lipid,LD,48,1,310.51,0.7917770211312025,0.030579273568257532,0.028331367615998165,0.065,0.003901,0.005930691105084799,2.31356260009358e-05
MAR10434,Lipid,LD,48,1,200.32,1.1297375375553151,0.043631669395857615,0.026078999457763426,0.065,0.003901,0.008462135407121719,3.301079022318182e-05
MAR11949,Lipid,LD,48,1,397.59,0.9566969856228388,0.036948658605287274,0.043832769616899775,0.065,0.003901,0.007166000214035779,2.7954566834953575e-05
MAR09038,Protein,LD,48,3,155.15,0.5163935422685519,0.01791314839087165,0.018967673229119155,0.4,0.003901,0.04890151009763238,0.0001907647908908639
MAR09039,Protein,LD,48,2,131.17,1.2187917551277658,0.04227860300356075,0.03784822377599056,0.4,0.003901,0.11541731730118339,0.0004502429547919164
MAR09040,Protein,LD,48,2,131.17,1.2149835128048039,0.042146499086188095,0.037729963041926474,0.4,0.003901,0.11505668382077146,0.0004488361235848295
MAR09041,Protein,LD,48,3,146.19,1.3688417356596245,0.047483678875552875,0.04737534449139319,0.4,0.003901,0.1296267719854797,0.0005056740375153563
MAR09042,Protein,LD,48,4,149.21,1.596925599806159,0.055395668026446444,0.05641103785149452,0.4,0.003901,0.1512258906279593,0.0005899321993396692
MAR09043,Protein,LD,48,4,165.19,1.6279187229158054,0.05647078684168315,0.06366459018922278,0.4,0.003901,0.15416088186748056,0.0006013816001650417
MAR09044,Protein,LD,48,2,119.12,1.1052253794194722,0.03833910497781242,0.031168579542514563,0.4,0.003901,0.10466279228513956,0.0004082895527043294
MAR09045,Protein,LD,48,4,204.23,1.3003592797873285,0.045108094570562106,0.0628730277853095,0.4,0.003901,0.12314161050836703,0.00048037542259313974
MAR09046,Protein,LD,48,4,117.15,1.228268967695174,0.04260735753117552,0.03406569463170694,0.4,0.003901,0.11631479174291741,0.0004537440025891208
MAR09061,Protein,LD,48,4,89.09,0.9883892456342308,0.0342861824863411,0.02084675425368359,0.4,0.003901,0.09359862724742886,0.00036512824489222
MAR09062,Protein,LD,48,4,132.12,1.571655621640274,0.05451907908474319,0.049159497156948666,0.4,0.003901,0.14883287059324454,0.000580597028184247
MAR09063,Protein,LD,48,4,146.14,1.0166377385701655,0.03526609297003326,0.03517359889013755,0.4,0.003901,0.09627370710315465,0.0003755637314094063
MAR09064,Protein,LD,48,4,181.19,1.4587205568633157,0.050601480570642725,0.062573119233261,0.4,0.003901,0.13813812955077215,0.0005388768433775621
MAR09066,Protein,LD,48,4,174.2,1.4020889100482397,0.04863698835689168,0.05782360730744021,0.4,0.003901,0.13277521769791095,0.0005179561242395506
MAR09067,Protein,LD,48,4,75.07,0.7786883659550402,0.027011879715459167,0.013839218894618604,0.4,0.003901,0.07374034311772269,0.0002876610785022362
MAR09068,Protein,LD,48,4,115.13,1.3258592206139428,0.045992660674891966,0.036138273011792336,0.4,0.003901,0.12555640758027392,0.0004897955459706486
MAR09069,Protein,LD,48,4,105.09,0.8565732573385528,0.02971362461070076,0.021311174246384852,0.4,0.003901,0.0811158977881239,0.00031643311727147137
MAR09070,Protein,LD,48,3,133.1,1.2512854308055077,0.04340577440780256,0.039429014289979164,0.4,0.003901,0.11849440808408465,0.00046224668593601424
MAR09071,Protein,LD,48,4,147.13,0.9498764833331772,0.032950215303230265,0.033086425249014145,0.4,0.003901,0.08995154013189464,0.000350900958054521
MAR09087,Protein,LD,48,3,132.16,0.5993694439543602,0.0207914950743615,0.018753231088096,0.4,0.003901,0.05675917399544794,0.00022141753775624243
MAR09091,Protein,LD,48,1,103.12,0.6696689698571321,0.023230111625939874,0.016348750145385095,0.4,0.003901,0.06341640863221526,0.00024738741007427175
MAR09201,Protein,LD,48,2,175.19,0.7285592469116928,0.025272953345113196,0.030217300526533212,0.4,0.003901,0.0689932085770494,0.00026914250665906967
MAR09418,Protein,LD,48,4,125.15,1.079586544400783,0.03744972078016882,0.031986726250512784,0.4,0.003901,0.1022348421910117,0.0003988181193871366
MAR09846,Protein,LD,48,2,222.26,1.3294840281184939,0.04611840143150972,0.06995615170429617,0.4,0.003901,0.1258996701238121,0.000491134613152991
MAR10343,Protein,LD,48,1,188.27,1.6434744390190807,0.05701039825831727,0.07325302321323895,0.4,0.003901,0.15563397931319692,0.0006071281533007812
MAR01939,Soluble,LD,48,1,785.55,0.9990623674994494,0.016333500162929906,0.04947679317122819,0.5,0.003901,0.03149181667063089,0.0001228495768321311
MAR01947,Soluble,LD,48,1,260.14,1.1613320113467094,0.01898641887995811,0.019045774718150634,0.5,0.003901,0.03660677850032797,0.0001428030429297794
MAR01986,Soluble,LD,48,1,566.3,1.1151991720826806,0.018232200963091326,0.03981384394120299,0.5,0.003901,0.03515260810630672,0.00013713032422270252
MAR09026,Soluble,LD,48,2,384.41,1.1413198177138222,0.018659242941201186,0.027659042716461107,0.5,0.003901,0.03597596669761596,0.00014034224608739987
MAR09034,Soluble,LD,48,2,180.16,1.0852632603435937,0.01774278385043234,0.012326182229068783,0.5,0.003901,0.0342089870922202,0.000133449258646751
MAR09075,Soluble,LD,48,1,168.11,0.3717091494777031,0.006077009455127883,0.003939416587321028,0.5,0.003901,0.011716782426152601,4.57071682444213e-05
MAR09083,Soluble,LD,48,2,104.17,1.1420641689571907,0.01867141221266045,0.007500121177480363,0.5,0.003901,0.0359994296701563,0.00014043377514327972
MAR09133,Soluble,LD,48,2,88.06,1.4481550801784897,0.023675640287848368,0.008039496733570727,0.5,0.003901,0.045647835189477216,0.00017807220507415063
MAR09135,Soluble,LD,48,2,90.08,0.3186373580645456,0.005209347793660818,0.0018095066349381244,0.5,0.003901,0.010043886739221384,3.918120216970262e-05
MAR09143,Soluble,LD,48,1,376.36,1.6526282468793179,0.02701853719826033,0.039211525735407066,0.5,0.003901,0.05209310996839072,0.0002032152219866922
MAR09145,Soluble,LD,48,1,219.23,2.5940101526200934,0.04240902933468313,0.035851453299816635,0.5,0.003901,0.08176675933908825,0.00031897212818178327
MAR09247,Soluble,LD,48,2,146.21,1.8971831906233805,0.031016724241864656,0.01748724743161004,0.5,0.003901,0.05980181735726024,0.0002332868895106722
MAR09253,Soluble,LD,48,1,135.13,2.2383407957586674,0.03659425171195531,0.019068349208961666,0.5,0.003901,0.0705555731849392,0.00027523729099444784
MAR09259,Soluble,LD,48,1,146.1,0.9476426514187712,0.01549284799915793,0.00872830522552688,0.5,0.003901,0.029870996665047507,0.00011652675799035033
MAR09262,Soluble,LD,48,1,347.22,1.5120206550623045,0.024719767673390167,0.033097681049816544,0.5,0.003901,0.04766096574191657,0.00018592542735921654
MAR09286,Soluble,LD,48,1,192.12,2.284605965031049,0.037350633069547425,0.027670626623673474,0.5,0.003901,0.07201391480239817,0.0002809262816441553
MAR09287,Soluble,LD,48,1,323.2,1.13186328806186,0.018504639751614867,0.023062184157720086,0.5,0.003901,0.035677883907364,0.00013917942512262695
MAR09290,Soluble,LD,48,1,131.13,1.0632151236678287,0.017382322626287486,0.008789381527545749,0.5,0.003901,0.033513999571210824,0.00013073811232729342
MAR09292,Soluble,LD,48,1,161.2,1.6187518566030465,0.026464697874413252,0.016450550163657197,0.5,0.003901,0.05102527966394913,0.00019904961596906555
MAR09295,Soluble,LD,48,1,243.22,1.3643834241887234,0.02230607177914512,0.020920440680897434,0.5,0.003901,0.04300723764677542,0.00016777123406007093
MAR09342,Soluble,LD,48,1,106.08,0.8786124825380942,0.014364285547664892,0.005875786268306311,0.5,0.003901,0.02769507102331406,0.00010803847206194815
MAR09343,Soluble,LD,48,3,363.22,1.1508352895822298,0.01881480976702608,0.02635227019156547,0.5,0.003901,0.0362759074274069,0.0001415123148743143
MAR09348,Soluble,LD,48,1,283.24,0.5722494793554134,0.009355609087431022,0.010218216538905686,0.5,0.003901,0.018038088792023878,7.036658437768514e-05
MAR09350,Soluble,LD,48,1,612.63,1.0472425509401113,0.017121189760374862,0.04044647238461568,0.5,0.003901,0.033010522162329366,0.00012877404695524686
MAR09351,Soluble,LD,48,2,307.32,1.3631083401770583,0.022285225648222974,0.026409264691932704,0.5,0.003901,0.04296704524914211,0.00016761444351690336
MAR09358,Soluble,LD,48,2,136.11,0.30719246490065344,0.0050222371883189044,0.002635941104914862,0.5,0.003901,0.009683128002772984,3.777388233881741e-05
MAR09360,Soluble,LD,48,2,348.21,0.44393306245774194,0.007257785883910292,0.009745269187133445,0.5,0.003901,0.013993379264141532,5.4588172509416115e-05
MAR09362,Soluble,LD,48,1,268.23,0.502031373922818,0.008207625263964107,0.008489328089618817,0.5,0.003901,0.015824717760166303,6.173222398240875e-05
MAR09376,Soluble,LD,48,1,663.43,1.5178772650104415,0.024815516390040898,0.06348437848155122,0.5,0.003901,0.04784557412353318,0.00018664558465590291
MAR09378,Soluble,LD,48,1,122.12,1.013530228783492,0.016570032758218847,0.0078029461837172236,0.5,0.003901,0.031947863510142574,0.00012462861555306617
MAR09406,Soluble,LD,48,1,150.13,1.208319018322627,0.01975460143898855,0.011436264876890544,0.5,0.003901,0.03808787343266017,0.00014858079426080734
MAR09415,Soluble,LD,48,1,118.09,0.8909196372923621,0.01456549312060868,0.006632645166759175,0.5,0.003901,0.02808300942822921,0.00010955181977952215
MAR09435,Soluble,LD,48,1,404.16,1.2676395885596226,0.020724423319134187,0.032298639751985506,0.5,0.003901,0.039957739202278186,0.0001558751406280872
MAR09436,Soluble,LD,48,1,324.18,1.240295171951272,0.02027737411814628,0.025348156564583755,0.5,0.003901,0.03909580567059003,0.00015251273792097172
MAR09437,Soluble,LD,48,1,112.09,0.23798634875734123,0.0038907982050532686,0.0016817213007923229,0.5,0.003901,0.00750165626189813,2.9263961077664603e-05
MAR09439,Soluble,LD,48,1,244.2,0.6637511215742944,0.010851553821923555,0.010218473838776616,0.5,0.003901,0.020922346107241228,8.161807216434803e-05
MAR09845,Soluble,LD,48,2,184.15,0.8413074421954431,0.0137543918089588,0.00976700845632009,0.5,0.003901,0.0265191649642142,0.0001034512625253996
MAR09854,Soluble,LD,48,1,192.12,2.2947672782991626,0.03751675864620759,0.027793698133488226,0.5,0.003901,0.07233421333928854,0.00028217576623656456
MAR09858,Soluble,LD,48,1,168.04,0.4347216857356789,0.007107190657741183,0.0046053123162116275,0.5,0.003901,0.013703024030622553,5.345549674345858e-05
MAR09864,Soluble,LD,48,1,580.29,0.9361833601364093,0.015305502001434098,0.03424846520773909,0.5,0.003901,0.029509784080148795,0.00011511766769666044
MAR09919,Soluble,LD,48,1,290.27,1.0691490344445682,0.017479335120994168,0.019564804421060726,0.5,0.003901,0.03370104458101204,0.00013146777491052796
MAR09920,Soluble,LD,48,1,203.24,0.9948618692083201,0.016264826933155205,0.012746973464921358,0.5,0.003901,0.03135941120084963,0.00012233306309451442
MAR10202,Soluble,LD,48,1,398.44,1.954459202060216,0.03195311997907677,0.04909357408668786,0.5,0.003901,0.06160723582808937,0.00024032982696537664
MAR10222,Soluble,LD,48,1,131.13,0.8495852166398274,0.013889723730803133,0.007023346868364344,0.5,0.003901,0.02678009177291369,0.00010446913800613631
MAR10264,Soluble,LD,48,1,175.14,0.9275900333009259,0.015165011167394594,0.010241805614461228,0.5,0.003901,0.02923891062710183,0.00011406099035632423
MAR11348,Soluble,LD,48,1,309.27,0.9875399595229012,0.016145122281143266,0.01925429325051572,0.5,0.003901,0.031128614560926898,0.00012143272540217583
MAR11393,Soluble,LD,48,1,196.16,0.7978162840235657,0.01304336228548237,0.009866166925793677,0.5,0.003901,0.025148263982956963,9.81033777975151e-05
MAR11400,Soluble,LD,48,2,116.07,0.7635018792137243,0.012482361936770207,0.00558682675914176,0.5,0.003901,0.02406662685940278,9.388391137853024e-05
MAR11404,Soluble,LD,48,2,134.09,0.6936054347507162,0.01133963689360578,0.005863325277179218,0.5,0.003901,0.021863395022668423,8.528910398342952e-05
MAR11428,Soluble,LD,48,1,152.11,0.30518895587726075,0.004989482161180887,0.0029265886878020106,0.5,0.003901,0.009619974649273586,3.752752110681626e-05
MAR11925,Soluble,LD,48,1,123.11,5.070238624111413,0.08289246606324896,0.039351096698556416,0.5,0.003901,0.1598208784767948,0.0006234612469379765
MAR12104,Soluble,LD,48,1,614.44,0.8530315475368676,0.013946067206545499,0.03304301619565244,0.5,0.003901,0.026888724851614833,0.00010489291564614946
MAR00567,Lipid,LD,72,1,312.53,0.9303790719194414,0.032357972077374814,0.029450012457134328,0.05,0.003566,0.004711549684371793,1.6801386174469817e-05
MAR00568,Lipid,LD,72,1,304.47,0.865048098961223,0.030085803815455007,0.02667587056003756,0.05,0.003566,0.004380705908634277,1.562159727018983e-05
MAR00571,Lipid,LD,72,1,330.5,0.9633378154045222,0.033504255494085144,0.03224659852531803,0.05,0.003566,0.0048784566604112,1.7396576451026342e-05
MAR00611,Lipid,LD,72,1,256.42,1.1039639670328336,0.0383951405376941,0.028670854211985085,0.05,0.003566,0.005590604128380213,1.993609432180384e-05
MAR00621,Lipid,LD,72,1,368.64,0.7654488679006025,0.026621808079890338,0.028579358784940244,0.05,0.003566,0.003876323619919196,1.3822970028631854e-05
MAR00626,Lipid,LD,72,1,278.43,1.643191852074423,0.05714913165178961,0.04633809101987185,0.05,0.003566,0.008321317929079454,2.9673819735097336e-05
MAR00637,Lipid,LD,72,1,366.62,0.9661523816789149,0.033602144257563915,0.035875306488625455,0.05,0.003566,0.004892709956988906,1.744740370662244e-05
MAR00639,Lipid,LD,72,1,284.48,1.0015640782990933,0.034833739770653245,0.028857872968601043,0.05,0.003566,0.005072038977889666,1.808689099515455e-05
MAR00702,Lipid,LD,72,1,228.37,0.9041683944337677,0.03144638195695136,0.02091328288688008,0.05,0.003566,0.004578815712851969,1.6328056832030124e-05
MAR04395,Lipid,LD,72,1,408.19,0.9254252639759349,0.03218568189593086,0.038259346761111264,0.05,0.003566,0.004686463014908654,1.671192711116426e-05
MAR04830,Lipid,LD,72,1,411.58,1.2137720964190322,0.04221419504116323,0.0505970562460002,0.05,0.003566,0.006146685485932286,2.1919080442834534e-05
MAR04899,Lipid,LD,72,1,259.34,1.055912739033061,0.03672395043805819,0.02773520460688919,0.05,0.003566,0.005347267025312175,1.9068354212263217e-05
MAR04918,Lipid,LD,72,1,287.4,0.5240167531168106,0.01822495795229855,0.015253368901953621,0.05,0.003566,0.0026536828291499,9.463032968748543e-06
MAR04923,Lipid,LD,72,1,343.5,1.2963968970545463,0.045087831253064314,0.04510228681363857,0.05,0.003566,0.006565107250893533,2.341117245668634e-05
MAR04929,Lipid,LD,72,1,340.58,0.9017610973964244,0.031362657749617676,0.031106022004481367,0.05,0.003566,0.004566624875870775,1.6284584307355184e-05
MAR04950,Lipid,LD,72,1,395.58,1.4192810338317055,0.04936166069162236,0.05686388967033922,0.05,0.003566,0.0071874070567697085,2.5630293564440782e-05
MAR09815,Lipid,LD,72,1,172.26,0.697694096571098,0.02426534170509762,0.012172599390477863,0.05,0.003566,0.0035332054424932853,1.2599410607931056e-05
MAR09850,Lipid,LD,72,2,257.22,0.7785679771144025,0.027078082068023344,0.020283136298102102,0.05,0.003566,0.003942760340973117,1.4059883375910136e-05
MAR09868,Lipid,LD,72,1,172.07,0.8590707746709381,0.029877916408783844,0.014971590558145774,0.05,0.003566,0.004350436031308705,1.5513654887646843e-05
MAR09924,Lipid,LD,72,1,427.66,1.1876540258381003,0.04130582572796583,0.051442541307129,0.05,0.003566,0.006014420486733503,2.144742345569167e-05
MAR09925,Lipid,LD,72,1,399.61,1.1058218294929643,0.03845975577187438,0.0447564204113162,0.05,0.003566,0.005600012563664097,1.996964480202617e-05
MAR10254,Lipid,LD,72,1,423.64,0.9795144453536739,0.034066868042023024,0.04202828248431879,0.05,0.003566,0.004960377028174722,1.768870448247106e-05
MAR10281,Lipid,LD,72,1,481.6,0.8792796930372637,0.030580769295255623,0.04288914213683259,0.05,0.003566,0.004452776384637935,1.5878600587618876e-05
MAR10310,Lipid,LD,72,1,501.64,1.5383598632078674,0.05350314404207111,0.07815988966979445,0.05,0.003566,0.007790436335798029,2.7780695973455772e-05
MAR10317,Lipid,LD,72,1,453.59,1.0079157655432474,0.03505464727458767,0.046304323957065456,0.05,0.003566,0.005104204673500899,1.820159386570421e-05
MAR10432,Lipid,LD,72,1,310.51,1.2907353656383136,0.04489092691481034,0.04059257848662915,0.05,0.003566,0.006536436586040572,2.330893286582068e-05
MAR10434,Lipid,LD,72,1,200.32,0.7296992443295603,0.02537845968975307,0.014804783000950094,0.05,0.003566,0.003695283296962384,1.3177380236967862e-05
MAR11949,Lipid,LD,72,1,397.59,1.2185667631677228,0.04238095039654152,0.04907028939143144,0.05,0.003566,0.00617096624555842,2.2005665631661325e-05
MAR09038,Protein,LD,72,3,155.15,0.884640863443569,0.03763520926290146,0.04091915727259064,0.39,0.003566,0.10285833926078214,0.0003667928378039491
MAR09039,Protein,LD,72,2,131.17,0.9288786421061874,0.03951721373058199,0.03632464680153189,0.39,0.003566,0.10800192309672517,0.00038513485776292197
MAR09040,Protein,LD,72,2,131.17,0.9171567954948501,0.03901853209784793,0.03586625329486982,0.39,0.003566,0.10663900880536122,0.0003802747053999181
MAR09041,Protein,LD,72,3,146.19,0.7912507938486018,0.03366212260420708,0.0344857542717276,0.39,0.003566,0.09199975488045532,0.0003280711259037037
MAR09042,Protein,LD,72,4,149.21,0.9557581098813304,0.040660744892657294,0.042516139823314425,0.39,0.003566,0.11112723363777645,0.00039627971515231083
MAR09043,Protein,LD,72,4,165.19,1.203869295701838,0.05121612028247738,0.05928857274521533,0.39,0.003566,0.1399754426456443,0.0004991524284743675
MAR09044,Protein,LD,72,2,119.12,0.8048933948114555,0.03424251874386609,0.02858452321589906,0.39,0.003566,0.09358599776864199,0.00033372766804297735
MAR09045,Protein,LD,72,4,204.23,1.151777155004785,0.04899996828554766,0.0701287183666432,0.39,0.003566,0.1339186219604899,0.000477553805911107
MAR09046,Protein,LD,72,4,117.15,0.9490267187721714,0.04037437183044368,0.03314581003958311,0.39,0.003566,0.11034456607287592,0.00039348872261587555
MAR09061,Protein,LD,72,4,89.09,0.8571429506988218,0.03646536764331684,0.02276617768863799,0.39,0.003566,0.09966112132190834,0.00035539155863392513
MAR09062,Protein,LD,72,4,132.12,0.6030346295321287,0.02565485657860485,0.02375301384533991,0.39,0.003566,0.07011561761794252,0.00025003229242558306
MAR09063,Protein,LD,72,4,146.14,0.6443294116229712,0.02741165736599456,0.02807275034591806,0.39,0.003566,0.07491701542977995,0.0002671540770225953
MAR09064,Protein,LD,72,4,181.19,0.9215259491337537,0.03920440867024798,0.049779404670925224,0.39,0.003566,0.1071470159592739,0.0003820862589107707
MAR09066,Protein,LD,72,4,174.2,0.8838344254559,0.03760090103266062,0.045901509573136406,0.39,0.003566,0.10276457367120094,0.00036645846971150256
MAR09067,Protein,LD,72,4,75.07,0.8803251165838464,0.037451604771063816,0.019702322029731614,0.39,0.003566,0.10235654178227428,0.0003650034279955901
MAR09068,Protein,LD,72,4,115.13,0.7831057636688464,0.03331560920206274,0.02687923037384746,0.39,0.003566,0.09105272166942162,0.0003246940054731575
MAR09069,Protein,LD,72,4,105.09,0.8402573961579559,0.035747006775165326,0.02632580380905495,0.39,0.003566,0.09769781601990132,0.00034839041192696814
MAR09070,Protein,LD,72,3,133.1,0.6711649866747667,0.02855332120326432,0.026632703373550955,0.39,0.003566,0.07803722250702383,0.000278280735460047
MAR09071,Protein,LD,72,4,147.13,1.2273401226398488,0.05221463789554232,0.053836159518416,0.39,0.003566,0.14270442610060655,0.000508883983474763
MAR09087,Protein,LD,72,3,132.16,1.2886600263252943,0.05482336591450288,0.05077457437285983,0.39,0.003566,0.14983417074315475,0.0005343086528700899
MAR09091,Protein,LD,72,1,103.12,1.2083530789068906,0.05140687353182962,0.03714878907668271,0.39,0.003566,0.14049677792771778,0.0005010115100902416
MAR09201,Protein,LD,72,2,175.19,1.2992775452592795,0.055275066218486005,0.06786082730561566,0.39,0.003566,0.15106868342479657,0.0005387109250928246
MAR09418,Protein,LD,72,4,125.15,1.3171698792081776,0.05603625842675375,0.04914513690089866,0.39,0.003566,0.15314904827287637,0.0005461295061410772
MAR09846,Protein,LD,72,2,222.26,0.6282924275009156,0.0267293971649114,0.04163236091930082,0.39,0.003566,0.0730523745097063,0.00026050476750161266
MAR10343,Protein,LD,72,1,188.27,0.8646059598164595,0.03678286587506244,0.04852966036470868,0.39,0.003566,0.10052885506047902,0.0003584858971456682
MAR01939,Soluble,LD,72,1,785.55,0.8594976648026734,0.013827450201010491,0.04316751050668756,0.525,0.003566,0.028849777883025864,0.00010287830793087024
MAR01947,Soluble,LD,72,1,260.14,1.0969642343430996,0.017647771417914425,0.018244756572274385,0.525,0.003566,0.03682054739926213,0.00013130207202576878
MAR01986,Soluble,LD,72,1,566.3,1.1347067261130714,0.018254966116379542,0.04108361589365786,0.525,0.003566,0.038087406576320634,0.0001358196918511594
MAR09026,Soluble,LD,72,2,384.41,1.0373252602123584,0.016688309887531436,0.025494593976427116,0.525,0.003566,0.03481871397108357,0.00012416353402088402
MAR09034,Soluble,LD,72,2,180.16,1.19765674914517,0.019267695230458806,0.01379523835760088,0.525,0.003566,0.04020037820681874,0.0001433545486855156
MAR09075,Soluble,LD,72,1,168.11,3.73069664013181,0.06001880414456165,0.040097930016575335,0.525,0.003566,0.1252240393712572,0.0004465489243979032
MAR09083,Soluble,LD,72,2,104.17,0.8420321645072548,0.01354646824438577,0.005608023370348828,0.525,0.003566,0.028263533353490782,0.00010078775993854813
MAR09133,Soluble,LD,72,2,88.06,0.926448784498753,0.014904548268184383,0.005216011813431689,0.525,0.003566,0.03109704976211261,0.00011089207945169358
MAR09135,Soluble,LD,72,2,90.08,1.004224279666072,0.01615578702115056,0.005783590879595296,0.525,0.003566,0.03370765110776566,0.00012020148385029236
MAR09143,Soluble,LD,72,1,376.36,0.8820225377671084,0.014189826472586887,0.02122372509617535,0.525,0.003566,0.029605844604878466,0.00010557444186099662
MAR09145,Soluble,LD,72,1,219.23,0.772226551756015,0.012423447585230873,0.010823885345898034,0.525,0.003566,0.02592044796148551,9.243231743065733e-05
MAR09247,Soluble,LD,72,2,146.21,0.8534408872833144,0.01373000980884053,0.007977907415885692,0.525,0.003566,0.028646476939607337,0.00010215333676663977
MAR09253,Soluble,LD,72,1,135.13,0.3831458972102157,0.006163985116366849,0.0033102014572962205,0.525,0.003566,0.012860621365207695,4.586097578833064e-05
MAR09259,Soluble,LD,72,1,146.1,2.5798908768354174,0.04150483949444241,0.02409850061432679,0.525,0.003566,0.08659625477427492,0.00030880224452506437
MAR09262,Soluble,LD,72,1,347.22,0.7935838390695968,0.012767039940220024,0.017617164807222887,0.525,0.003566,0.02663732366739248,9.498869619792158e-05
MAR09286,Soluble,LD,72,1,192.12,1.0599393750396238,0.017052121866806255,0.013019433063451833,0.525,0.003566,0.035577776172768125,0.00012687034983209115
MAR09287,Soluble,LD,72,1,323.2,1.4042050953671519,0.022590609402821597,0.029016188642777604,0.525,0.003566,0.047133350982234666,0.00016807752960264883
MAR09290,Soluble,LD,72,1,131.13,0.887081722371422,0.014271217761986059,0.007437109255907014,0.525,0.003566,0.029775660484642592,0.00010618000528823548
MAR09292,Soluble,LD,72,1,161.2,0.7087572707514868,0.011402364738443218,0.007304677285563812,0.525,0.003566,0.023790046990825073,8.483530756928221e-05
MAR09295,Soluble,LD,72,1,243.22,0.9841052206574294,0.015832115069584447,0.01530309552548461,0.525,0.003566,0.033032337599208206,0.00011779331587877647
MAR09342,Soluble,LD,72,1,106.08,1.011227874339366,0.016268459644403425,0.00685837160685072,0.525,0.003566,0.03394273278277365,0.00012103978510337083
MAR09343,Soluble,LD,72,3,363.22,1.5306501551486338,0.024624835717669866,0.03554546199739283,0.525,0.003566,0.05137758809710709,0.00018321247915428388
MAR09348,Soluble,LD,72,1,283.24,0.8154467773771037,0.013118767121194065,0.01476687762403008,0.525,0.003566,0.027371171983532665,9.760559929327749e-05
MAR09350,Soluble,LD,72,1,612.63,1.3124075469634082,0.021113786275653437,0.05140501006446805,0.525,0.003566,0.04405208736732731,0.0001570897435518892
MAR09351,Soluble,LD,72,2,307.32,1.0085225671036033,0.01622493712815607,0.01981595076258493,0.525,0.003566,0.03385192682011288,0.00012071597104052253
MAR09358,Soluble,LD,72,2,136.11,0.8729325280026795,0.014043587963174304,0.007596423702612566,0.525,0.003566,0.02930073061400042,0.0001044864053695255
MAR09360,Soluble,LD,72,2,348.21,2.3718252251873153,0.0381575151740611,0.052803461347879097,0.525,0.003566,0.07961235233806188,0.0002838976484375287
MAR09362,Soluble,LD,72,1,268.23,0.8909704708374329,0.014333779276647493,0.015279499533377322,0.525,0.003566,0.029906189669399744,0.0001066454723610795
MAR09376,Soluble,LD,72,1,663.43,0.9202039260686266,0.01480408206275873,0.039031717105823836,0.525,0.003566,0.030887435721263005,0.00011014459578202389
MAR09378,Soluble,LD,72,1,122.12,1.0686120921119144,0.017191647043354682,0.008343443881614652,0.525,0.003566,0.035868883375759025,0.0001279084381179567
MAR09406,Soluble,LD,72,1,150.13,1.246146132797173,0.020047784072095967,0.011961204843165669,0.525,0.003566,0.041827966047172295,0.0001491585269242164
MAR09415,Soluble,LD,72,1,118.09,0.8264559371266551,0.01329588058458764,0.006239808995716776,0.525,0.003566,0.02774070389322811,9.892335008325145e-05
MAR09435,Soluble,LD,72,1,404.16,1.155175215277357,0.018584259640026357,0.02984967868806495,0.525,0.003566,0.03877444900839791,0.00013826968516394695
MAR09436,Soluble,LD,72,1,324.18,1.3630366813822572,0.021928299058602795,0.028250896287158034,0.525,0.003566,0.045751497781349765,0.00016314984108829327
MAR09437,Soluble,LD,72,1,112.09,0.9380584639190886,0.015091322788474956,0.006722568634509883,0.525,0.003566,0.03148673863072253,0.00011228170995715655
MAR09439,Soluble,LD,72,1,244.2,1.62566452619102,0.02615341053267016,0.025381369875926985,0.525,0.003566,0.054566827128835656,0.00019458530554142795
MAR09845,Soluble,LD,72,2,184.15,0.7982629010639782,0.012842315882627155,0.009398447907782494,0.525,0.003566,0.026794380405027476,9.554876052432799e-05
MAR09854,Soluble,LD,72,1,192.12,1.0404254005520914,0.016738184410661924,0.0127797392747077,0.525,0.003566,0.034922772846249964,0.0001245346079697274
MAR09858,Soluble,LD,72,1,168.04,1.6550687166882698,0.026626460078296433,0.017781449968915237,0.525,0.003566,0.05555380405665616,0.00019810486526603588
MAR09864,Soluble,LD,72,1,580.29,0.8681876894142332,0.013967253818265793,0.03221047870790187,0.525,0.003566,0.02914146602844868,0.00010391846785744799
MAR09919,Soluble,LD,72,1,290.27,0.7205218102458434,0.011591630620897226,0.013371734770883421,0.525,0.003566,0.024184933870926368,8.624347418372344e-05
MAR09920,Soluble,LD,72,1,203.24,0.7200845864919976,0.01158459664054966,0.009356882385034194,0.525,0.003566,0.02417025807982165,8.6191140312644e-05
MAR10202,Soluble,LD,72,1,398.44,0.7919423942549618,0.012740632659128361,0.020174138266963234,0.525,0.003566,0.026582227161318386,9.479222205726137e-05
MAR10222,Soluble,LD,72,1,131.13,3.211566362638432,0.051667125770281895,0.026925106581710552,0.525,0.003566,0.10779898539920721,0.00038441118193357295
MAR10264,Soluble,LD,72,1,175.14,2.97034852990186,0.04778645487802719,0.03326068778355901,0.525,0.003566,0.09970230150946947,0.00035553840718276816
MAR11348,Soluble,LD,72,1,309.27,0.7947300865141408,0.01278548057142419,0.01571433178294222,0.525,0.003566,0.02667579844810252,9.51258972659336e-05
MAR11393,Soluble,LD,72,1,196.16,1.3212156398947184,0.02125548935567463,0.016570004570171416,0.525,0.003566,0.04434773857738578,0.0001581440357669577
MAR11400,Soluble,LD,72,2,116.07,1.2472295002570357,0.020065213100950965,0.009255605346940605,0.525,0.003566,0.04186433020714929,0.00014928820151869436
MAR11404,Soluble,LD,72,2,134.09,1.2655010513956781,0.020359162664528658,0.010849191385218377,0.525,0.003566,0.04247763052606196,0.00015147523045593695
MAR11428,Soluble,LD,72,1,152.11,1.3861546038165513,0.02230021620777203,0.013480559182811653,0.525,0.003566,0.04652747071840193,0.00016591696058182128
MAR11925,Soluble,LD,72,1,123.11,0.20957307443017598,0.0033715754781267785,0.001649556840918906,0.525,0.003566,0.007034500377568237,2.5085028346408335e-05
MAR12104,Soluble,LD,72,1,614.44,1.0626963739841775,0.01709647599034981,0.0417471803957738,0.525,0.003566,0.03567031721206504,0.00012720035117822393
MAR00567,Lipid,LD,96,1,312.53,1.2013193642559774,0.035935149756742765,0.033660015337892105,0.05,0.003285,0.005385085485856095,1.7690005821037274e-05
MAR00568,Lipid,LD,96,1,304.47,0.9950574939476362,0.0297652240740525,0.027161690861487918,0.05,0.003285,0.0044604872173757545,1.4652700509079354e-05
MAR00571,Lipid,LD,96,1,330.5,1.0039817129648867,0.030032174858655464,0.02974824751058856,0.05,0.003285,0.004500491302660902,1.4784113929241064e-05
MAR00611,Lipid,LD,96,1,256.42,0.8128811036876324,0.02431576903243618,0.018687148804448564,0.05,0.003285,0.003643855550356556,1.1970065482921286e-05
MAR00621,Lipid,LD,96,1,368.64,1.1805840454895966,0.03531489272327259,0.039017863695456165,0.05,0.003285,0.00529213646042971,1.73846682725116e-05
MAR00626,Lipid,LD,96,1,278.43,0.4089111520020653,0.012231787750709527,0.010207258239141998,0.05,0.003285,0.001833002592957296,6.021413517864718e-06
MAR00637,Lipid,LD,96,1,366.62,1.3347344592580657,0.03992600477944473,0.04387075878604528,0.05,0.003285,0.005983137688348328,1.965460730622426e-05
MAR00639,Lipid,LD,96,1,284.48,1.0584132179960095,0.031660388257171455,0.026994240584283836,0.05,0.003285,0.004744488291669685,1.5585644038134916e-05
MAR00702,Lipid,LD,96,1,228.37,1.0510434822902943,0.03143993684006098,0.02151908769021948,0.05,0.003285,0.004711452399662714,1.5477121132892018e-05
MAR04395,Lipid,LD,96,1,408.19,1.2179718803430877,0.03643327762949831,0.044572166352065526,0.05,0.003285,0.005459732765631878,1.7935222135100723e-05
MAR04830,Lipid,LD,96,1,411.58,1.0710980451053032,0.03203983037337606,0.039522791337914975,0.05,0.003285,0.004801349839389058,1.5772434222393055e-05
MAR04899,Lipid,LD,96,1,259.34,2.191303516689814,0.06554861461298027,0.050949058409095804,0.05,0.003285,0.009822830725899555,3.226799893458004e-05
MAR04918,Lipid,LD,96,1,287.4,1.1648622566343807,0.0348446057589848,0.03001410914257855,0.05,0.003285,0.005221661298291328,1.7153157364887014e-05
MAR04923,Lipid,LD,96,1,343.5,1.629388164127638,0.0487400015615785,0.05017823933910269,0.05,0.003285,0.007303964969301703,2.3993524924156096e-05
MAR04929,Lipid,LD,96,1,340.58,1.541436492103398,0.046109097074740035,0.047066174152818586,0.05,0.003285,0.006909709048214603,2.2698394223384973e-05
MAR04950,Lipid,LD,96,1,395.58,1.3453976056214403,0.04024497221878444,0.04771435929904005,0.05,0.003285,0.006030936763617986,1.9811627268485086e-05
MAR09815,Lipid,LD,96,1,172.26,1.4049921732226265,0.04202762866731617,0.021698138041017875,0.05,0.003285,0.0062980779173975035,2.06891859586508e-05
MAR09850,Lipid,LD,96,2,257.22,0.8786706228932194,0.02628373549948891,0.020262590170445283,0.05,0.003285,0.003938766458760066,1.2938847817026818e-05
MAR09868,Lipid,LD,96,1,172.07,1.14380002136517,0.03421456964941156,0.017644907216631027,0.05,0.003285,0.0051272468229880365,1.68430058135157e-05
MAR09924,Lipid,LD,96,1,427.66,1.6666091150751388,0.04985339445790895,0.06389935940732779,0.05,0.003285,0.007470813193579922,2.4541621340910046e-05
MAR09925,Lipid,LD,96,1,399.61,1.8382998698072597,0.054989191954162665,0.06585925658012819,0.05,0.003285,0.00824044150298143,2.7069850337293998e-05
MAR10254,Lipid,LD,96,1,423.64,1.1063039137899682,0.03309294597372535,0.04201801465118662,0.05,0.003285,0.004959165169859624,1.6290857582988867e-05
MAR10281,Lipid,LD,96,1,481.6,0.825023344283035,0.02467898072048587,0.035621879931382494,0.05,0.003285,0.00369828487659702,1.214886581962121e-05
MAR10310,Lipid,LD,96,1,501.64,0.5964178559473504,0.017840688836592046,0.026822973240766487,0.05,0.003285,0.0026735281517389453,8.782539978462436e-06
MAR10317,Lipid,LD,96,1,453.59,1.166962055945157,0.03490741720191745,0.04745525664469608,0.05,0.003285,0.005231073948356014,1.7184077920349504e-05
MAR10432,Lipid,LD,96,1,310.51,0.9261472213243616,0.027703906292807032,0.025782186124128758,0.05,0.003285,0.004151587086426968,1.363796357891259e-05
MAR10434,Lipid,LD,96,1,200.32,1.3044340681769573,0.03901962707207974,0.02342667024102094,0.05,0.003285,0.005847311861277192,1.9208419464295576e-05
MAR11949,Lipid,LD,96,1,397.59,1.3641591088809149,0.04080618637161581,0.04862555820908838,0.05,0.003285,0.006115037879359187,2.008789943369493e-05
MAR09038,Protein,LD,96,3,155.15,0.8681638511448077,0.03690969117020539,0.04070048504187278,0.35,0.003285,0.09181546738417963,0.0003016138103570301
MAR09039,Protein,LD,96,2,131.17,0.8073811970514815,0.034325537282512725,0.03200068360518663,0.35,0.003285,0.08538720181303133,0.0002804969579558079
MAR09040,Protein,LD,96,2,131.17,0.8024171098360039,0.0341144908011099,0.03180393120997212,0.35,0.003285,0.08486220876336235,0.0002787723557876453
MAR09041,Protein,LD,96,3,146.19,0.7279083937879691,0.030946778052882627,0.03215440665038566,0.35,0.003285,0.07698229925189809,0.00025288685304248525
MAR09042,Protein,LD,96,4,149.21,0.7767397040157827,0.03302282461663717,0.03502027418309608,0.35,0.003285,0.08214661191665187,0.0002698516201462014
MAR09043,Protein,LD,96,4,165.19,0.9853157731578309,0.04189036533187978,0.04918189912186992,0.35,0.003285,0.10420524664116755,0.0003423142352162354
MAR09044,Protein,LD,96,2,119.12,0.6422807126496105,0.027306346281541254,0.02311828810466445,0.35,0.003285,0.0679264677353304,0.00022313844651056038
MAR09045,Protein,LD,96,4,204.23,1.0678165119137881,0.04539785621022121,0.06589648901958467,0.35,0.003285,0.11293037828357556,0.00037097629266154573
MAR09046,Protein,LD,96,4,117.15,0.832095661468911,0.03537626434040793,0.0294551783637331,0.35,0.003285,0.08800095968678262,0.0002890831525710809
MAR09061,Protein,LD,96,4,89.09,1.1565843014269448,0.04917178862225608,0.03113525009390512,0.35,0.003285,0.12231830208628118,0.0004018156223534337
MAR09062,Protein,LD,96,4,132.12,0.6522726443156067,0.02773114986153298,0.02604017127496782,0.35,0.003285,0.06898319668663894,0.00022660980111560892
MAR09063,Protein,LD,96,4,146.14,1.0876197054924348,0.046239782257024235,0.04802775393608076,0.35,0.003285,0.1150247288738762,0.0003778562343506833
MAR09064,Protein,LD,96,4,181.19,0.8603445494526151,0.03657725621539252,0.047103452785708176,0.35,0.003285,0.0909885119211759,0.00029889726166106283
MAR09066,Protein,LD,96,4,174.2,0.6441591904789611,0.02738620912823774,0.03390685151964708,0.35,0.003285,0.06812513221513478,0.00022379105932671776
MAR09067,Protein,LD,96,4,75.07,1.2099003508909185,0.051438502350932655,0.027444929841749545,0.35,0.003285,0.12795691280954233,0.00042033845857934656
MAR09068,Protein,LD,96,4,115.13,0.66887884410613,0.028437156803621966,0.023269233141321684,0.35,0.003285,0.07073943889049414,0.00023237905675527326
MAR09069,Protein,LD,96,4,105.09,0.7927704086380213,0.033704364577172706,0.025174156601063785,0.35,0.003285,0.08384199077335926,0.00027542093969048516
MAR09070,Protein,LD,96,3,133.1,1.0012018898222792,0.042565758184514045,0.040266679922841254,0.35,0.003285,0.10588533413218962,0.0003478333226242429
MAR09071,Protein,LD,96,4,147.13,1.181523435997277,0.0502320674553696,0.052527856846086664,0.35,0.003285,0.12495582067647885,0.00041047987092223304
MAR09087,Protein,LD,96,3,132.16,1.2935149946998297,0.05499335052414791,0.05165562300977577,0.35,0.003285,0.1367998490724994,0.00044938750420316054
MAR09091,Protein,LD,96,1,103.12,0.9946574135852903,0.04228752200080346,0.030992922813272494,0.35,0.003285,0.10519320194574644,0.0003455596683917771
MAR09201,Protein,LD,96,2,175.19,0.8143374991874858,0.03462128210440089,0.043108196412558794,0.35,0.003285,0.08612288797531581,0.00028291368699891244
MAR09418,Protein,LD,96,4,125.15,1.86690716870707,0.07937092399039196,0.070599184365832,0.35,0.003285,0.19744078727959405,0.0006485929862134665
MAR09846,Protein,LD,96,2,222.26,0.7578659800431495,0.032220414654343776,0.05089789585827338,0.35,0.003285,0.0801505603815157,0.0002632945908532791
MAR10343,Protein,LD,96,1,188.27,1.0286408718385112,0.043732317182459485,0.05851820627655031,0.35,0.003285,0.10878723214953316,0.00035736605761121644
MAR01939,Soluble,LD,96,1,785.55,1.0321502312391841,0.016566185496656553,0.04956146888627988,0.565,0.003285,0.03564665510883856,0.00011709926203253468
MAR01947,Soluble,LD,96,1,260.14,0.8388962490176768,0.013464426449811785,0.013339600110143984,0.565,0.003285,0.028972376651923388,9.517425730156834e-05
MAR01986,Soluble,LD,96,1,566.3,1.3578801622592884,0.02179420589114284,0.04700406600464976,0.565,0.003285,0.046896163327965944,0.00015405389653236814
MAR09026,Soluble,LD,96,2,384.41,1.1746963946176348,0.018854075488725835,0.027602456546679265,0.565,0.003285,0.040569672872385686,0.00013327137538578698
MAR09034,Soluble,LD,96,2,180.16,1.025152562183132,0.016453871726705066,0.011289489314730899,0.565,0.003285,0.035404981476592795,0.00011630536415060734
MAR09075,Soluble,LD,96,1,168.11,6.8729630412310865,0.11031221735619028,0.07062605997762902,0.565,0.003285,0.23736674729260834,0.0007797497648562184
MAR09083,Soluble,LD,96,2,104.17,1.1069039397556908,0.017765995140995496,0.007048229219751764,0.565,0.003285,0.03822837198003021,0.00012558020195439925
MAR09133,Soluble,LD,96,2,88.06,0.7100475288020002,0.011396382733407233,0.003822025001308554,0.565,0.003285,0.02452241796206374,8.055614300537938e-05
MAR09135,Soluble,LD,96,2,90.08,1.1284417561558755,0.01811168073101859,0.006213480616625602,0.565,0.003285,0.0389722085745278,0.00012802370516732384
MAR09143,Soluble,LD,96,1,376.36,0.9301621575618932,0.014929259692787649,0.021398806365863908,0.565,0.003285,0.032124363898164275,0.00010552853540546964
MAR09145,Soluble,LD,96,1,219.23,0.5734426614520831,0.009203851545822322,0.007684531680320394,0.565,0.003285,0.019804590609775224,6.505808015311162e-05
MAR09247,Soluble,LD,96,2,146.21,0.48995025894698807,0.00786378438738132,0.004378813928546493,0.565,0.003285,0.01692107153839524,5.558572000362837e-05
MAR09253,Soluble,LD,96,1,135.13,1.4725705239837381,0.023635005563032448,0.012163408768312983,0.565,0.003285,0.05085714463181259,0.00016706572011550435
MAR09259,Soluble,LD,96,1,146.1,0.3149980804531631,0.0050557723807442365,0.0028131024270666824,0.565,0.003285,0.010878869755596684,3.573708714713511e-05
MAR09262,Soluble,LD,96,1,347.22,2.3486215366426273,0.03769577224310875,0.049847707969961234,0.565,0.003285,0.0811127095300619,0.00026645525080625334
MAR09286,Soluble,LD,96,1,192.12,0.5573048271883121,0.00894483658091071,0.006544746129830699,0.565,0.003285,0.019247249444900815,6.322721442649918e-05
MAR09287,Soluble,LD,96,1,323.2,1.3905970198102806,0.02231931697929007,0.02747261934064105,0.565,0.003285,0.0480260826963558,0.0001577656816575288
MAR09290,Soluble,LD,96,1,131.13,1.2318255927583996,0.019771008765521122,0.009873672233857184,0.565,0.003285,0.042542704279183316,0.0001397527835571172
MAR09292,Soluble,LD,96,1,161.2,0.6584920264037644,0.010568908214434252,0.006488480147693017,0.565,0.003285,0.022741881410958776,7.470708043499958e-05
MAR09295,Soluble,LD,96,1,243.22,1.0246269488998772,0.01644543554475561,0.015233246876395122,0.565,0.003285,0.03538682873597255,0.00011624573239766982
MAR09342,Soluble,LD,96,1,106.08,1.2339798730717149,0.019805585328314047,0.008001455779602274,0.565,0.003285,0.042617105160966104,0.00013999719045377365
MAR09343,Soluble,LD,96,3,363.22,1.1412666020997762,0.018317521673976697,0.02533869737034908,0.565,0.003285,0.039415131364592335,0.00012947870653268583
MAR09348,Soluble,LD,96,1,283.24,0.9083564169684805,0.014579273874222504,0.015726725136551715,0.565,0.003285,0.031371274192034025,0.00010305463572083178
MAR09350,Soluble,LD,96,1,612.63,1.3586819348291879,0.021807074476274228,0.050879575973080175,0.565,0.003285,0.04692385358991609,0.00015414485904287437
MAR09351,Soluble,LD,96,2,307.32,1.1802701867839733,0.018943535794166563,0.022171735238240987,0.565,0.003285,0.04076217105820043,0.0001339037319261884
MAR09358,Soluble,LD,96,2,136.11,2.205478907816731,0.035398308879890907,0.018349336494624495,0.565,0.003285,0.07616909205394783,0.0002502154673972186
MAR09360,Soluble,LD,96,2,348.21,2.110779675795954,0.03387837021537728,0.044927428859883836,0.565,0.003285,0.07289853050123307,0.00023947167269655064
MAR09362,Soluble,LD,96,1,268.23,0.9126874741241986,0.0146487880728989,0.014964315706302887,0.565,0.003285,0.03152085290258782,0.000103546001785001
MAR09376,Soluble,LD,96,1,663.43,1.1407109237647723,0.018308602942869994,0.0462592011776736,0.565,0.003285,0.03939594028817747,0.000129415663846663
MAR09378,Soluble,LD,96,1,122.12,0.5648889752138999,0.009066563437354028,0.00421674478650382,0.565,0.003285,0.01950917789366736,6.408764938069728e-05
MAR09406,Soluble,LD,96,1,150.13,0.954218667271013,0.01531537073571687,0.008756747260544368,0.565,0.003285,0.03295518685277805,0.0001082577888113759
MAR09415,Soluble,LD,96,1,118.09,1.110137026589467,0.017817886730605307,0.00801340574053377,0.565,0.003285,0.0383400308527528,0.00012594700135129297
MAR09435,Soluble,LD,96,1,404.16,1.3659947062685904,0.021924445692685576,0.03374658007431741,0.565,0.003285,0.04717640969415413,0.00015497450584529634
MAR09436,Soluble,LD,96,1,324.18,1.2958283859015933,0.02079826440275653,0.02567799614556306,0.565,0.003285,0.044753124258878174,0.0001470140131904148
MAR09437,Soluble,LD,96,1,112.09,0.897333737483383,0.014402358007235695,0.006148204264318288,0.565,0.003285,0.03099059157230647,0.00010180409331502676
MAR09439,Soluble,LD,96,1,244.2,1.0970909737697716,0.01760849537993848,0.016376297667177603,0.565,0.003285,0.03788946839457553,0.00012446690367618062
MAR09845,Soluble,LD,96,2,184.15,1.0501803641248937,0.016855572173977186,0.011821240122407952,0.565,0.003285,0.036269349275919044,0.00011914481237139407
MAR09854,Soluble,LD,96,1,192.12,0.73584176273166,0.01181038454350214,0.008641406450941344,0.565,0.003285,0.025413255490224124,8.348254428538625e-05
MAR09858,Soluble,LD,96,1,168.04,0.7864054401636629,0.012621940104290998,0.008077679252383677,0.565,0.003285,0.02715953807186847,8.921908256608793e-05
MAR09864,Soluble,LD,96,1,580.29,1.0491481213685634,0.016839004503437196,0.03721425387527063,0.565,0.003285,0.03623369942533544,0.00011902770261222693
MAR09919,Soluble,LD,96,1,290.27,0.8165555343760632,0.013105854207439175,0.014488229000780254,0.565,0.003285,0.028200810918940448,9.263966386871937e-05
MAR09920,Soluble,LD,96,1,203.24,1.0777004977693778,0.017297274965924394,0.013388585362668308,0.565,0.003285,0.03721979300289113,0.00012226702001449737
MAR10202,Soluble,LD,96,1,398.44,0.5694173767900356,0.009139245047301011,0.013868231093740736,0.565,0.003285,0.019665572151298855,6.460140451701674e-05
MAR10222,Soluble,LD,96,1,131.13,2.7564885676091473,0.044242106961117605,0.022094576369371843,0.565,0.003285,0.09519892967814451,0.00031272848399270476
MAR10264,Soluble,LD,96,1,175.14,2.680213916395019,0.043017885929660785,0.028693414057506608,0.565,0.003285,0.09256468506618265,0.00030407499044241004
MAR11348,Soluble,LD,96,1,309.27,0.5419824541139522,0.008698909905785061,0.010245907804975245,0.565,0.003285,0.018718071296313945,6.148886420839131e-05
MAR11393,Soluble,LD,96,1,196.16,0.7339090190156436,0.011779363680503752,0.008799947877936032,0.565,0.003285,0.025346505663916483,8.326327110596564e-05
MAR11400,Soluble,LD,96,2,116.07,0.4930386601429956,0.007913353748073833,0.0034980690757305073,0.565,0.003285,0.01702773350381439,5.593610456003027e-05
MAR11404,Soluble,LD,96,2,134.09,0.554274023395304,0.008896191668262032,0.004543058596724163,0.565,0.003285,0.01914257668095423,6.288336439693464e-05
MAR11428,Soluble,LD,96,1,152.11,1.2895233445028977,0.020697067423660294,0.011989867872036318,0.565,0.003285,0.044535371426602584,0.0001462986951363895
MAR11925,Soluble,LD,96,1,123.11,0.06258867924616082,0.0010045588704057208,0.00047099526448812735,0.565,0.003285,0.00216158171095599,7.100795920490427e-06
MAR12104,Soluble,LD,96,1,614.44,1.3899447357470698,0.02230884770993314,0.052204078701483456,0.565,0.003285,0.048003555215054595,0.00015769167888145437
MAR00567,Lipid,LD,120,1,312.53,1.4946476335555468,0.05056226211156779,0.0493706752423762,0.05,0.003041,0.007898549778001505,2.4019489874902573e-05
MAR00568,Lipid,LD,120,1,304.47,1.0081787739253036,0.03410556326327318,0.032442969117167604,0.05,0.003041,0.005327777632799225,1.6201771781342444e-05
MAR00571,Lipid,LD,120,1,330.5,1.071844337116019,0.036259298244856644,0.03744050672455531,0.05,0.003041,0.005664221894789003,1.7224898782053356e-05
MAR00611,Lipid,LD,120,1,256.42,0.7518084542694597,0.025432841339357956,0.02037500093312894,0.05,0.003041,0.0039729742089402035,1.2081814569387158e-05
MAR00621,Lipid,LD,120,1,368.64,1.4446480202892982,0.048870830971084786,0.05628634398498039,0.05,0.003041,0.007634323999698948,2.3215979283084498e-05
MAR00626,Lipid,LD,120,1,278.43,0.4688319482706105,0.0158600618115886,0.01379659013025579,0.05,0.003041,0.002477568891688358,7.534286999624296e-06
MAR00637,Lipid,LD,120,1,366.62,0.8218800524805153,0.027803285339523823,0.0318466041266398,0.05,0.003041,0.004343271524554007,1.3207888706168735e-05
MAR00639,Lipid,LD,120,1,284.48,1.004735934989755,0.0339890958626906,0.030209407738872634,0.05,0.003041,0.005309583756129189,1.6146444202388865e-05
MAR00702,Lipid,LD,120,1,228.37,0.5975357097661507,0.020213966489443472,0.014422530059063314,0.05,0.003041,0.0031577111834004716,9.602599708720833e-06
MAR04395,Lipid,LD,120,1,408.19,1.1690385227566897,0.03954726912157322,0.050434732274793975,0.05,0.003041,0.006177850054483693,1.8786842015684908e-05
MAR04830,Lipid,LD,120,1,411.58,0.506121211555599,0.017121515991044726,0.022016452271748678,0.05,0.003041,0.00267462610813799,8.133537994847627e-06
MAR04899,Lipid,LD,120,1,259.34,3.288834236550329,0.11125759341308701,0.0901467403617773,0.05,0.003041,0.017380030146097267,5.285267167428179e-05
MAR04918,Lipid,LD,120,1,287.4,1.1686233952732088,0.03953322582189626,0.035497672354157156,0.05,0.003041,0.006175656289867285,1.8780170777486414e-05
MAR04923,Lipid,LD,120,1,343.5,0.9538271727494249,0.03226690922660184,0.03462860274258386,0.05,0.003041,0.005040553528760387,1.5328323280960334e-05
MAR04929,Lipid,LD,120,1,340.58,0.4763857532337706,0.01611559860695915,0.017148117176263456,0.05,0.003041,0.002517487400355784,7.655679184481939e-06
MAR04950,Lipid,LD,120,1,395.58,0.6732060871955837,0.022773810944933366,0.02814627306248892,0.05,0.003041,0.003557595563791006,1.0818648109488447e-05
MAR09815,Lipid,LD,120,1,172.26,0.5684407233186081,0.019229715554396253,0.010349232950573238,0.05,0.003041,0.0030039570853864044,9.135033496660056e-06
MAR09850,Lipid,LD,120,2,257.22,0.60666175740924,0.02052269050078443,0.01649262897636238,0.05,0.003041,0.0032059382972479547,9.74925836193103e-06
MAR09868,Lipid,LD,120,1,172.07,3.3235067903047733,0.11243052722815566,0.06044220025680433,0.05,0.003041,0.017563259213344666,5.340987126778113e-05
MAR09924,Lipid,LD,120,1,427.66,1.7244197695454453,0.05833519715326656,0.07794354621153389,0.05,0.003041,0.009112793599066301,2.771200533476062e-05
MAR09925,Lipid,LD,120,1,399.61,1.4111609525612827,0.04773800082583918,0.05960071019647786,0.05,0.003041,0.0074573597002674935,2.2677830848513446e-05
MAR10254,Lipid,LD,120,1,423.64,0.6710087489085672,0.02269947744189117,0.030044409893482466,0.05,0.003041,0.0035459836055946638,1.0783336144613372e-05
MAR10281,Lipid,LD,120,1,481.6,0.6201237955704485,0.020978096234404556,0.0315648268323753,0.05,0.003041,0.003277079197713382,9.965597840246394e-06
MAR10310,Lipid,LD,120,1,501.64,0.6314801189040007,0.02136226798440348,0.03348037992164904,0.05,0.003041,0.003337092329324719,1.014809777347647e-05
MAR10317,Lipid,LD,120,1,453.59,0.8126704331334051,0.027491734190662993,0.03895977742085902,0.05,0.003041,0.004294602771319807,1.3059887027583533e-05
MAR10432,Lipid,LD,120,1,310.51,0.8552253243580276,0.028931318689325133,0.02806691503628215,0.05,0.003041,0.004519486495810465,1.3743758433759625e-05
MAR10434,Lipid,LD,120,1,200.32,0.5508043657180589,0.018633097250742296,0.011661655876227216,0.05,0.003041,0.002910756758243614,8.85161130181883e-06
MAR11949,Lipid,LD,120,1,397.59,0.884887245322532,0.029934748386645928,0.03718449812651976,0.05,0.003041,0.004676236591277417,1.4220435474074624e-05
MAR09038,Protein,LD,120,3,155.15,1.8263989683137332,0.07443633087290447,0.08115662054284187,0.4,0.003041,0.20923395563736225,0.0006362804590932185
MAR09039,Protein,LD,120,2,131.17,0.7453156555851715,0.030375927552738085,0.02799956495284729,0.4,0.003041,0.08538405108743552,0.0002596528993568914
MAR09040,Protein,LD,120,2,131.17,0.7416822192483383,0.03022784398826703,0.0278630662278402,0.4,0.003041,0.08496780125894703,0.0002583870836284579
MAR09041,Protein,LD,120,3,146.19,0.8810195866835099,0.03590664832691593,0.03688754488056553,0.4,0.003041,0.10093041899053433,0.00030692940415021487
MAR09042,Protein,LD,120,4,149.21,0.6216630220023092,0.02533636691655463,0.026566202992013968,0.4,0.003041,0.07121829097785394,0.00021657482286365382
MAR09043,Protein,LD,120,4,165.19,0.7302301912464173,0.029761107552085293,0.03454777314034568,0.4,0.003041,0.08365584633536094,0.0002543974287058326
MAR09044,Protein,LD,120,2,119.12,0.7507921615262497,0.030599126873001554,0.025614208224226234,0.4,0.003041,0.08601144467503771,0.0002615608032567897
MAR09045,Protein,LD,120,4,204.23,0.9939099689425136,0.040507584919624515,0.05813572663803059,0.4,0.003041,0.11386324563096625,0.0003462581299637684
MAR09046,Protein,LD,120,4,117.15,0.8874235497487623,0.03616764689398318,0.029774862428979868,0.4,0.003041,0.10166406292438708,0.0003091604153530611
MAR09061,Protein,LD,120,4,89.09,1.1388295717939823,0.04641389766671364,0.029057899403325642,0.4,0.003041,0.1304653694166602,0.00039674518839606367
MAR09062,Protein,LD,120,4,132.12,0.5769183904841616,0.02351276415820107,0.02183028820685256,0.4,0.003041,0.06609230459234805,0.0002009866982653304
MAR09063,Protein,LD,120,4,146.14,1.5451308057757305,0.06297302500495228,0.06467119343103964,0.4,0.003041,0.17701161470108018,0.0005382923203059848
MAR09064,Protein,LD,120,4,181.19,0.9485987858094767,0.03866089190323088,0.049225859810562884,0.4,0.003041,0.10867235456827172,0.0003304726302421143
MAR09066,Protein,LD,120,4,174.2,0.5966142230097292,0.024315483351611513,0.029765849003138226,0.4,0.003041,0.0683486773895252,0.00020784832794154613
MAR09067,Protein,LD,120,4,75.07,1.1245695686846895,0.04583271998970697,0.02417849497781585,0.4,0.003041,0.12883173026676892,0.0003917772917412443
MAR09068,Protein,LD,120,4,115.13,0.5420506879734299,0.022091703433849526,0.017873307439743972,0.4,0.003041,0.06209782833229905,0.0001888394959585214
MAR09069,Protein,LD,120,4,105.09,0.8244749673232793,0.03360212775457537,0.024815063296948887,0.4,0.003041,0.09445261508021273,0.0002872304024589269
MAR09070,Protein,LD,120,3,133.1,0.7469807632175856,0.030443790327967204,0.028475017148508152,0.4,0.003041,0.08557480735840166,0.0002602329891768994
MAR09071,Protein,LD,120,4,147.13,1.1440857634254613,0.04662811790347462,0.04820991186563743,0.4,0.003041,0.13106752359311474,0.0003985763392466619
MAR09087,Protein,LD,120,3,132.16,1.3800473814194725,0.05624491980438929,0.052236076408306256,0.4,0.003041,0.15809950486775504,0.00048078059430284304
MAR09091,Protein,LD,120,1,103.12,0.9940786821495596,0.04051446095948228,0.02935892746687781,0.4,0.003041,0.11388257357206288,0.00034631690623264323
MAR09201,Protein,LD,120,2,175.19,0.757805045225743,0.03088494248091916,0.03802273266744193,0.4,0.003041,0.08681484712013685,0.00026400395009233614
MAR09418,Protein,LD,120,4,125.15,1.9909879893452307,0.08114428627591228,0.07136347921242853,0.4,0.003041,0.22808942616836925,0.0006936199449780108
MAR09846,Protein,LD,120,2,222.26,1.2332828267825602,0.05026341459172807,0.07850557795678696,0.4,0.003041,0.14128602169852778,0.00042965079198522296
MAR10343,Protein,LD,120,1,188.27,0.8135008880821125,0.03315487049721109,0.043864751676893986,0.4,0.003041,0.0931954144088681,0.00028340725521736786
MAR01939,Soluble,LD,120,1,785.55,1.0775175192835753,0.01357060348101194,0.04530698529549387,0.515,0.003041,0.02970288005496702,9.03264582471547e-05
MAR01947,Soluble,LD,120,1,260.14,0.8470845861813616,0.010668456733387954,0.011795080454120236,0.515,0.003041,0.02335075895237919,7.10096579741851e-05
MAR01986,Soluble,LD,120,1,566.3,1.0396944072058465,0.013094246997484873,0.03151514152899316,0.515,0.003041,0.02866024702000967,8.715581118784941e-05
MAR09026,Soluble,LD,120,2,384.41,1.6061317220553395,0.02022814139744088,0.033047820947703276,0.515,0.003041,0.04427467492538484,0.0001346392864480953
MAR09034,Soluble,LD,120,2,180.16,1.1283477310577354,0.014210775577055098,0.010880987853527094,0.515,0.003041,0.031104067187868855,9.458746831830919e-05
MAR09075,Soluble,LD,120,1,168.11,8.987020249104797,0.1131854341983369,0.08086791776160318,0.515,0.003041,0.2477364680698687,0.0007533665994004707
MAR09083,Soluble,LD,120,2,104.17,1.0306582220925653,0.012980442365115745,0.005746776785759935,0.515,0.003041,0.028411155271828414,8.63983231816302e-05
MAR09133,Soluble,LD,120,2,88.06,0.5884470854125371,0.007411092555599649,0.0027736591454568795,0.515,0.003041,0.016221149896778253,4.932851683610266e-05
MAR09135,Soluble,LD,120,2,90.08,2.3066788920104484,0.02905105860580963,0.011121990285044833,0.515,0.003041,0.06358597909411734,0.00019336496242521083
MAR09143,Soluble,LD,120,1,376.36,0.6769875132300854,0.0085261992860684,0.013638013330648948,0.515,0.003041,0.01866185796918963,5.6750710084305656e-05
MAR09145,Soluble,LD,120,1,219.23,0.4058184859499491,0.0051110090179814684,0.004762103196511131,0.515,0.003041,0.011186804480240993,3.4019072424412856e-05
MAR09247,Soluble,LD,120,2,146.21,0.31495954449648117,0.003966702178321634,0.0024648973799762633,0.515,0.003041,0.008682184191832129,2.6402522127361504e-05
MAR09253,Soluble,LD,120,1,135.13,0.9566713092765617,0.012048627300727966,0.0069196084245143055,0.515,0.003041,0.026371629827757474,8.019612630621047e-05
MAR09259,Soluble,LD,120,1,146.1,0.7059280541958393,0.008890685801548311,0.005520490283218808,0.515,0.003041,0.01945963378410463,5.917674633746217e-05
MAR09262,Soluble,LD,120,1,347.22,0.8845967991944642,0.011140897653730985,0.016440578257547703,0.515,0.003041,0.024384821734453853,7.415424289447417e-05
MAR09286,Soluble,LD,120,1,192.12,0.3923684372695595,0.004941614762969045,0.004034907984437972,0.515,0.003041,0.010816040037401392,3.2891577753737634e-05
MAR09287,Soluble,LD,120,1,323.2,0.711148128017283,0.008956429096394712,0.012302642826943358,0.515,0.003041,0.019603530494665317,5.9614336234277226e-05
MAR09290,Soluble,LD,120,1,131.13,1.3112707640682832,0.016514567305825036,0.00920367833712967,0.515,0.003041,0.03614652896836559,0.00010992159459279977
MAR09292,Soluble,LD,120,1,161.2,0.7507090079245315,0.009454671588951266,0.0064774438496561625,0.515,0.003041,0.0206940668894102,6.29306574106964e-05
MAR09295,Soluble,LD,120,1,243.22,0.6584738766298369,0.00829303257017076,0.008572447352312412,0.515,0.003041,0.018151510510816923,5.519874346339426e-05
MAR09342,Soluble,LD,120,1,106.08,2.200147012583804,0.027709361725793063,0.012492581878192367,0.515,0.003041,0.060649318130364525,0.00018443457643443851
MAR09343,Soluble,LD,120,3,363.22,1.255891711769782,0.015817105643766063,0.02441681095929709,0.515,0.003041,0.034619948361978965,0.00010527926296877803
MAR09348,Soluble,LD,120,1,283.24,2.5857737808518286,0.03256606973301777,0.039202350347219944,0.515,0.003041,0.07127951711911548,0.00021676101155923018
MAR09350,Soluble,LD,120,1,612.63,1.3939518927184096,0.01755588013108603,0.045710191245643336,0.515,0.003041,0.03842571942527515,0.00011685261277226174
MAR09351,Soluble,LD,120,2,307.32,0.7663915162231749,0.009652182161076413,0.012606905733389491,0.515,0.003041,0.021126371380631226,6.424529536849955e-05
MAR09358,Soluble,LD,120,2,136.11,3.0996001481871787,0.039037364876165895,0.02258201540620228,0.515,0.003041,0.08544367007710069,0.00025983420070446316
MAR09360,Soluble,LD,120,2,348.21,3.625867735895203,0.045665348764950105,0.06758031152927803,0.515,0.003041,0.09995077808672408,0.0003039503161617279
MAR09362,Soluble,LD,120,1,268.23,2.6941917284329113,0.033931520364230014,0.03868145845306958,0.515,0.003041,0.07426816949383303,0.00022584950343074623
MAR09376,Soluble,LD,120,1,663.43,0.6609037546699569,0.008323635238618891,0.023469309798991343,0.515,0.003041,0.018218492601300127,5.5402436000553684e-05
MAR09378,Soluble,LD,120,1,122.12,0.9520536178075711,0.011990470603688842,0.006223220594704141,0.515,0.003041,0.026244338407080188,7.980903309593084e-05
MAR09406,Soluble,LD,120,1,150.13,0.8101026073441434,0.01020269375342569,0.006509902842429301,0.515,0.003041,0.022331312621402057,6.790952168168365e-05
MAR09415,Soluble,LD,120,1,118.09,1.473301689299097,0.018555237084847145,0.009312618280478517,0.515,0.003041,0.04061307828305899,0.0001235043710587824
MAR09435,Soluble,LD,120,1,404.16,1.0971489347586219,0.01381784786489907,0.02373481806416137,0.515,0.003041,0.030244040239120903,9.197212636716667e-05
MAR09436,Soluble,LD,120,1,324.18,0.598751231100962,0.007540866292773932,0.010389619190246733,0.515,0.003041,0.01650519428396899,5.01922958175497e-05
MAR09437,Soluble,LD,120,1,112.09,4.442812329822358,0.05595421270612568,0.026655806678704222,0.515,0.003041,0.1224706971142178,0.00037243338992433634
MAR09439,Soluble,LD,120,1,244.2,1.8710541080471395,0.023564659448607854,0.02445676434052772,0.515,0.003041,0.05157753331438074,0.00015684727880903182
MAR09845,Soluble,LD,120,2,184.15,1.3140602668865125,0.016549699204822393,0.012952511881813697,0.515,0.003041,0.03622342448620176,0.00011015543386253954
MAR09854,Soluble,LD,120,1,192.12,0.31475204723387207,0.003964088890812271,0.0032367423774957043,0.515,0.003041,0.008676464316106016,2.6385127985278394e-05
MAR09858,Soluble,LD,120,1,168.04,4.185965130032079,0.05271939615680439,0.03765089215878255,0.515,0.003041,0.11539043954875634,0.000350902326667768
MAR09864,Soluble,LD,120,1,580.29,1.1701854541729946,0.01473769336798164,0.03634684963197468,0.515,0.003041,0.03225736711035338,9.809465338258462e-05
MAR09919,Soluble,LD,120,1,290.27,0.9731407286034467,0.012256048484372638,0.015119756418141606,0.515,0.003041,0.026825626331839075,8.157672967512263e-05
MAR09920,Soluble,LD,120,1,203.24,1.2532793800341424,0.015784205094577036,0.013634024591377018,0.515,0.003041,0.03454793674748654,0.00010506027564910657
MAR10202,Soluble,LD,120,1,398.44,0.76280511059681,0.009607013810858007,0.016268350394880608,0.515,0.003041,0.021027508416232087,6.394465309376178e-05
MAR10222,Soluble,LD,120,1,131.13,2.045856763157617,0.025766180516691835,0.014359663990009815,0.515,0.003041,0.05639614851563376,0.00017150068763604226
MAR10264,Soluble,LD,120,1,175.14,2.06512972678214,0.026008910442258396,0.01935974693360827,0.515,0.003041,0.05692742760539147,0.00017311630734799546
MAR11348,Soluble,LD,120,1,309.27,1.0191858228292803,0.012835955265285193,0.016871673431660822,0.515,0.003041,0.02809490677177005,8.543661149295272e-05
MAR11393,Soluble,LD,120,1,196.16,0.9389873807236471,0.011825910195823991,0.009859098394923207,0.515,0.003041,0.025884154126149327,7.87137126976201e-05
MAR11400,Soluble,LD,120,2,116.07,1.1201472064046327,0.014107495522288552,0.006959244212363763,0.515,0.003041,0.030878011280842062,9.39000323050407e-05
MAR11404,Soluble,LD,120,2,134.09,1.2176092555180136,0.015334964031426104,0.008739192864151103,0.515,0.003041,0.03356465303182801,0.00010207010986978898
MAR11428,Soluble,LD,120,1,152.11,3.773129679703268,0.04752001322422594,0.030720373428943366,0.515,0.003041,0.10401020521928758,0.00031629503407185354
MAR11925,Soluble,LD,120,1,123.11,0.1333301500804753,0.001679202951622508,0.0008785949276881469,0.515,0.003041,0.0036753828913930276,1.1176839372726196e-05
MAR12104,Soluble,LD,120,1,614.44,1.204834764932558,0.015174077973144285,0.03962542773905107,0.515,0.003041,0.033212511043570245,0.00010099924608349711
