rxn,subsystem,rxn_name,has_gpr
MAR03905,"Glycolysis / Gluconeogenesis","",1
MAR03907,"Glycolysis / Gluconeogenesis","",1
MAR04097,"Glycolysis / Gluconeogenesis","",1
MAR04099,"Glycolysis / Gluconeogenesis","",1
MAR04108,"Glycolysis / Gluconeogenesis","",1
MAR04133,"Glycolysis / Gluconeogenesis","",1
MAR04137,"Glycolysis / Gluconeogenesis","",1
MAR04281,"Glycolysis / Gluconeogenesis","",1
MAR04388,"Glycolysis / Gluconeogenesis","",1
MAR04283,"Glycolysis / Gluconeogenesis","",1
MAR08357,"Glycolysis / Gluconeogenesis","",1
MAR04379,"Glycolysis / Gluconeogenesis","",1
MAR04301,"Glycolysis / Gluconeogenesis","",1
MAR04355,"Glycolysis / Gluconeogenesis","",1
MAR04358,"Glycolysis / Gluconeogenesis","",1
MAR04363,"Glycolysis / Gluconeogenesis","",1
MAR04365,"Glycolysis / Gluconeogenesis","",1
MAR04368,"Glycolysis / Gluconeogenesis","",1
MAR04370,"Glycolysis / Gluconeogenesis","",1
MAR04371,"Glycolysis / Gluconeogenesis","",1
MAR04372,"Glycolysis / Gluconeogenesis","",1
MAR04373,"Glycolysis / Gluconeogenesis","",1
MAR04375,"Glycolysis / Gluconeogenesis","",1
MAR04377,"Glycolysis / Gluconeogenesis","",1
MAR04381,"Glycolysis / Gluconeogenesis","",1
MAR04391,"Glycolysis / Gluconeogenesis","",1
MAR04394,"Glycolysis / Gluconeogenesis","",1
MAR04396,"Glycolysis / Gluconeogenesis","",1
MAR04521,"Glycolysis / Gluconeogenesis","",1
MAR06410,"Glycolysis / Gluconeogenesis","",1
MAR06412,"Glycolysis / Gluconeogenesis","",1
MAR07745,"Glycolysis / Gluconeogenesis","",1
MAR07747,"Glycolysis / Gluconeogenesis","",1
MAR08360,"Glycolysis / Gluconeogenesis","",1
MAR08652,"Glycolysis / Gluconeogenesis","",1
MAR08757,"Glycolysis / Gluconeogenesis","",1
MAR03989,"Starch and sucrose metabolism","",1
MAR04122,"Starch and sucrose metabolism","",1
MAR04837,"Starch and sucrose metabolism","",1
MAR05395,"Starch and sucrose metabolism","",1
MAR05396,"Starch and sucrose metabolism","",1
MAR09727,"Starch and sucrose metabolism","",1
MAR05397,"Starch and sucrose metabolism","",1
MAR05398,"Starch and sucrose metabolism","",1
MAR05399,"Starch and sucrose metabolism","",1
MAR05400,"Starch and sucrose metabolism","",1
MAR05401,"Starch and sucrose metabolism","",1
MAR08568,"Starch and sucrose metabolism","",1
MAR08569,"Starch and sucrose metabolism","",1
MAR08570,"Starch and sucrose metabolism","",1
MAR08571,"Starch and sucrose metabolism","",1
MAR08572,"Starch and sucrose metabolism","",1
MAR08573,"Starch and sucrose metabolism","",1
MAR08574,"Starch and sucrose metabolism","",1
MAR08575,"Starch and sucrose metabolism","",1
MAR08576,"Starch and sucrose metabolism","",1
MAR08577,"Starch and sucrose metabolism","",1
MAR08578,"Starch and sucrose metabolism","",1
MAR08579,"Starch and sucrose metabolism","",1
MAR08581,"Starch and sucrose metabolism","",1
MAR08591,"Starch and sucrose metabolism","",1
MAR08592,"Starch and sucrose metabolism","",1
MAR08580,"Starch and sucrose metabolism","",1
MAR08582,"Starch and sucrose metabolism","",1
MAR08587,"Starch and sucrose metabolism","",1
MAR08589,"Starch and sucrose metabolism","",1
MAR08584,"Starch and sucrose metabolism","",1
MAR08585,"Starch and sucrose metabolism","",1
MAR03944,"Galactose metabolism","",1
MAR04128,"Galactose metabolism","",1
MAR04130,"Galactose metabolism","",1
MAR04131,"Galactose metabolism","",1
MAR04132,"Galactose metabolism","",1
MAR04303,"Galactose metabolism","",1
MAR04414,"Galactose metabolism","",1
MAR04415,"Galactose metabolism","",1
MAR04416,"Galactose metabolism","",1
MAR04774,"Galactose metabolism","",1
MAR04775,"Galactose metabolism","",1
MAR04831,"Galactose metabolism","",0
MAR04832,"Galactose metabolism","",1
MAR07674,"Galactose metabolism","",1
MAR08761,"Galactose metabolism","",1
MAR08762,"Galactose metabolism","",1
MAR08764,"Galactose metabolism","",1
MAR08766,"Galactose metabolism","",1
MAR08767,"Galactose metabolism","",1
MAR00454,"Fructose and mannose metabolism","",0
MAR04297,"Fructose and mannose metabolism","",1
MAR04310,"Fructose and mannose metabolism","",1
MAR04315,"Fructose and mannose metabolism","",1
MAR04316,"Fructose and mannose metabolism","",1
MAR04317,"Fructose and mannose metabolism","",1
MAR04318,"Fructose and mannose metabolism","",1
MAR04319,"Fructose and mannose metabolism","",1
MAR04320,"Fructose and mannose metabolism","",1
MAR04356,"Fructose and mannose metabolism","",1
MAR04383,"Fructose and mannose metabolism","",1
MAR04385,"Fructose and mannose metabolism","",1
MAR04386,"Fructose and mannose metabolism","",1
MAR04387,"Fructose and mannose metabolism","",1
MAR04399,"Fructose and mannose metabolism","",1
MAR04400,"Fructose and mannose metabolism","",1
MAR04401,"Fructose and mannose metabolism","",1
MAR04403,"Fructose and mannose metabolism","",0
MAR04490,"Fructose and mannose metabolism","",1
MAR04706,"Fructose and mannose metabolism","",1
MAR08768,"Fructose and mannose metabolism","",1
MAR04590,"Pentose and glucuronate interconversions","",1
MAR04591,"Pentose and glucuronate interconversions","",1
MAR04592,"Pentose and glucuronate interconversions","",1
MAR04593,"Pentose and glucuronate interconversions","",1
MAR04594,"Pentose and glucuronate interconversions","",1
MAR04595,"Pentose and glucuronate interconversions","",1
MAR08341,"Pentose and glucuronate interconversions","",1
MAR08342,"Pentose and glucuronate interconversions","",0
MAR08344,"Pentose and glucuronate interconversions","",1
MAR08352,"Pentose and glucuronate interconversions","",1
MAR08353,"Pentose and glucuronate interconversions","",0
MAR08726,"Pentose and glucuronate interconversions","",1
MAR08727,"Pentose and glucuronate interconversions","",1
MAR08728,"Pentose and glucuronate interconversions","",0
MAR08729,"Pentose and glucuronate interconversions","",1
MAR06537,"Pentose and glucuronate interconversions","",1
MAR01568,"Pyruvate metabolism","",1
MAR03853,"Pyruvate metabolism","",1
MAR03854,"Pyruvate metabolism","",1
MAR03855,"Pyruvate metabolism","",1
MAR03857,"Pyruvate metabolism","",1
MAR03859,"Pyruvate metabolism","",1
MAR04087,"Pyruvate metabolism","",1
MAR04089,"Pyruvate metabolism","",1
MAR04091,"Pyruvate metabolism","",1
MAR04101,"Pyruvate metabolism","",1
MAR04103,"Pyruvate metabolism","",1
MAR04143,"Pyruvate metabolism","",1
MAR04193,"Pyruvate metabolism","",1
MAR08497,"Pyruvate metabolism","",1
MAR08498,"Pyruvate metabolism","",1
MAR08499,"Pyruvate metabolism","",1
MAR08500,"Pyruvate metabolism","",1
MAR08501,"Pyruvate metabolism","",1
MAR08502,"Pyruvate metabolism","",1
MAR08503,"Pyruvate metabolism","",1
MAR08504,"Pyruvate metabolism","",1
MAR08506,"Pyruvate metabolism","",1
MAR08507,"Pyruvate metabolism","",1
MAR08508,"Pyruvate metabolism","",1
MAR08509,"Pyruvate metabolism","",1
MAR08511,"Pyruvate metabolism","",1
MAR08512,"Pyruvate metabolism","",1
MAR08514,"Pyruvate metabolism","",1
MAR08516,"Pyruvate metabolism","",1
MAR08517,"Pyruvate metabolism","",0
MAR04280,"Pyruvate metabolism","",1
MAR00153,"Propanoate metabolism","",1
MAR03212,"Propanoate metabolism","",1
MAR03797,"Propanoate metabolism","",1
MAR03800,"Propanoate metabolism","",1
MAR04105,"Propanoate metabolism","",1
MAR04106,"Propanoate metabolism","",1
MAR04107,"Propanoate metabolism","",1
MAR04282,"Propanoate metabolism","",1
MAR04331,"Propanoate metabolism","",1
MAR04459,"Propanoate metabolism","",1
MAR04460,"Propanoate metabolism","",1
MAR04464,"Propanoate metabolism","",0
MAR04497,"Propanoate metabolism","",1
MAR04741,"Propanoate metabolism","",1
MAR08078,"Propanoate metabolism","",0
MAR09803,"Propanoate metabolism","",0
MAR09804,"Propanoate metabolism","",1
MAR00718,"Butanoate metabolism","",1
MAR00719,"Butanoate metabolism","",1
MAR01434,"Butanoate metabolism","",1
MAR01436,"Butanoate metabolism","",1
MAR03163,"Butanoate metabolism","",1
MAR04461,"Butanoate metabolism","",1
MAR04604,"Butanoate metabolism","",1
MAR05351,"Butanoate metabolism","",1
MAR07709,"Butanoate metabolism","",1
MAR04052,"Pentose phosphate pathway","",1
MAR04304,"Pentose phosphate pathway","",1
MAR04306,"Pentose phosphate pathway","",1
MAR04350,"Pentose phosphate pathway","",1
MAR04351,"Pentose phosphate pathway","",1
MAR04352,"Pentose phosphate pathway","",1
MAR04354,"Pentose phosphate pathway","",1
MAR04398,"Pentose phosphate pathway","",1
MAR04404,"Pentose phosphate pathway","",1
MAR04473,"Pentose phosphate pathway","",1
MAR04474,"Pentose phosphate pathway","",1
MAR04476,"Pentose phosphate pathway","",1
MAR04477,"Pentose phosphate pathway","",1
MAR04501,"Pentose phosphate pathway","",1
MAR04565,"Pentose phosphate pathway","",1
MAR04567,"Pentose phosphate pathway","",1
MAR04568,"Pentose phosphate pathway","",1
MAR09799,"Pentose phosphate pathway","",1
MAR09800,"Pentose phosphate pathway","",1
MAR04623,"Pentose phosphate pathway","",1
MAR04625,"Pentose phosphate pathway","",1
MAR04710,"Pentose phosphate pathway","",1
MAR04841,"Pentose phosphate pathway","",1
MAR08074,"Pentose phosphate pathway","",1
MAR08653,"Pentose phosphate pathway","",1
MAR03998,"Purine metabolism","",1
MAR04000,"Purine metabolism","",1
MAR04002,"Purine metabolism","",1
MAR04004,"Purine metabolism","",1
MAR04010,"Purine metabolism","",1
MAR04081,"Purine metabolism","",1
MAR04082,"Purine metabolism","",1
MAR04012,"Purine metabolism","",1
MAR04014,"Purine metabolism","",1
MAR04020,"Purine metabolism","",1
MAR04022,"Purine metabolism","",1
MAR04038,"Purine metabolism","",1
MAR04040,"Purine metabolism","",1
MAR04042,"Purine metabolism","",1
MAR04046,"Purine metabolism","",1
MAR04048,"Purine metabolism","",1
MAR04080,"Purine metabolism","",1
MAR04085,"Purine metabolism","",1
MAR04086,"Purine metabolism","",1
MAR04134,"Purine metabolism","",1
MAR04135,"Purine metabolism","",1
MAR04168,"Purine metabolism","",1
MAR04171,"Purine metabolism","",1
MAR04290,"Purine metabolism","",1
MAR04406,"Purine metabolism","",1
MAR04412,"Purine metabolism","",1
MAR04417,"Purine metabolism","",1
MAR04418,"Purine metabolism","",1
MAR04419,"Purine metabolism","",1
MAR04421,"Purine metabolism","",1
MAR04449,"Purine metabolism","",1
MAR04450,"Purine metabolism","",1
MAR04451,"Purine metabolism","",0
MAR04452,"Purine metabolism","",1
MAR04453,"Purine metabolism","",1
MAR04480,"Purine metabolism","",1
MAR04481,"Purine metabolism","",1
MAR04482,"Purine metabolism","",1
MAR04486,"Purine metabolism","",1
MAR04487,"Purine metabolism","",1
MAR04488,"Purine metabolism","",1
MAR04489,"Purine metabolism","",1
MAR04492,"Purine metabolism","",1
MAR04493,"Purine metabolism","",1
MAR04495,"Purine metabolism","",1
MAR04496,"Purine metabolism","",1
MAR04518,"Purine metabolism","",1
MAR04519,"Purine metabolism","",1
MAR04520,"Purine metabolism","",1
MAR04573,"Purine metabolism","",1
MAR04574,"Purine metabolism","",1
MAR04600,"Purine metabolism","",1
MAR04602,"Purine metabolism","",1
MAR04603,"Purine metabolism","",1
MAR04611,"Purine metabolism","",1
MAR04612,"Purine metabolism","",1
MAR04614,"Purine metabolism","",1
MAR04615,"Purine metabolism","",1
MAR04617,"Purine metabolism","",1
MAR04618,"Purine metabolism","",1
MAR04619,"Purine metabolism","",1
MAR04621,"Purine metabolism","",1
MAR04632,"Purine metabolism","",1
MAR04646,"Purine metabolism","",1
MAR04648,"Purine metabolism","",1
MAR04649,"Purine metabolism","",1
MAR04650,"Purine metabolism","",1
MAR04651,"Purine metabolism","",1
MAR04663,"Purine metabolism","",1
MAR04664,"Purine metabolism","",1
MAR04694,"Purine metabolism","",1
MAR04695,"Purine metabolism","",1
MAR04705,"Purine metabolism","",1
MAR04709,"Purine metabolism","",1
MAR04799,"Purine metabolism","",1
MAR04802,"Purine metabolism","",1
MAR04804,"Purine metabolism","",1
MAR04808,"Purine metabolism","",1
MAR04810,"Purine metabolism","",1
MAR04812,"Purine metabolism","",1
MAR04814,"Purine metabolism","",1
MAR05301,"Purine metabolism","",1
MAR05353,"Purine metabolism","",1
MAR06601,"Purine metabolism","",1
MAR06602,"Purine metabolism","",1
MAR06603,"Purine metabolism","",1
MAR06605,"Purine metabolism","",0
MAR06606,"Purine metabolism","",0
MAR06607,"Purine metabolism","",0
MAR06609,"Purine metabolism","",0
MAR06610,"Purine metabolism","",0
MAR06611,"Purine metabolism","",0
MAR07144,"Purine metabolism","",1
MAR08755,"Purine metabolism","",1
MAR09797,"Purine metabolism","",0
MAR04016,"Purine metabolism","",1
MAR04018,"Purine metabolism","",1
MAR04044,"Purine metabolism","",1
MAR04291,"Purine metabolism","",1
MAR04420,"Purine metabolism","",1
MAR04570,"Purine metabolism","",1
MAR04572,"Purine metabolism","",1
MAR04006,"Pyrimidine metabolism","",1
MAR04028,"Pyrimidine metabolism","",1
MAR04030,"Pyrimidine metabolism","",1
MAR04670,"Pyrimidine metabolism","",1
MAR04673,"Pyrimidine metabolism","",1
MAR04675,"Pyrimidine metabolism","",1
MAR06614,"Pyrimidine metabolism","",1
MAR06615,"Pyrimidine metabolism","",1
MAR06616,"Pyrimidine metabolism","",1
MAR04635,"Pyrimidine metabolism","",1
MAR03793,"Pyrimidine metabolism","",1
MAR03931,"Pyrimidine metabolism","",1
MAR03969,"Pyrimidine metabolism","",1
MAR03970,"Pyrimidine metabolism","",1
MAR04008,"Pyrimidine metabolism","",1
MAR04032,"Pyrimidine metabolism","",1
MAR04034,"Pyrimidine metabolism","",1
MAR04036,"Pyrimidine metabolism","",1
MAR04050,"Pyrimidine metabolism","",1
MAR04056,"Pyrimidine metabolism","",1
MAR04059,"Pyrimidine metabolism","",1
MAR04060,"Pyrimidine metabolism","",1
MAR04127,"Pyrimidine metabolism","",1
MAR04177,"Pyrimidine metabolism","",1
MAR04179,"Pyrimidine metabolism","",1
MAR04182,"Pyrimidine metabolism","",1
MAR04183,"Pyrimidine metabolism","",1
MAR04192,"Pyrimidine metabolism","",1
MAR04194,"Pyrimidine metabolism","",1
MAR04210,"Pyrimidine metabolism","",1
MAR04211,"Pyrimidine metabolism","",1
MAR04343,"Pyrimidine metabolism","",1
MAR04345,"Pyrimidine metabolism","",1
MAR04346,"Pyrimidine metabolism","",1
MAR04470,"Pyrimidine metabolism","",1
MAR04471,"Pyrimidine metabolism","",1
MAR04472,"Pyrimidine metabolism","",1
MAR04484,"Pyrimidine metabolism","",1
MAR04485,"Pyrimidine metabolism","",1
MAR04510,"Pyrimidine metabolism","",1
MAR04512,"Pyrimidine metabolism","",1
MAR04513,"Pyrimidine metabolism","",1
MAR04514,"Pyrimidine metabolism","",1
MAR04577,"Pyrimidine metabolism","",1
MAR04579,"Pyrimidine metabolism","",1
MAR04580,"Pyrimidine metabolism","",1
MAR04608,"Pyrimidine metabolism","",1
MAR04575,"Pyrimidine metabolism","",1
MAR04637,"Pyrimidine metabolism","",1
MAR04642,"Pyrimidine metabolism","",1
MAR04643,"Pyrimidine metabolism","",1
MAR04644,"Pyrimidine metabolism","",1
MAR04672,"Pyrimidine metabolism","",0
MAR04676,"Pyrimidine metabolism","",1
MAR04736,"Pyrimidine metabolism","",1
MAR04819,"Pyrimidine metabolism","",1
MAR05299,"Pyrimidine metabolism","",1
MAR05352,"Pyrimidine metabolism","",1
MAR05415,"Pyrimidine metabolism","",1
MAR05416,"Pyrimidine metabolism","",1
MAR05417,"Pyrimidine metabolism","",1
MAR06612,"Pyrimidine metabolism","",1
MAR06613,"Pyrimidine metabolism","",1
MAR06621,"Pyrimidine metabolism","",1
MAR06622,"Pyrimidine metabolism","",1
MAR06623,"Pyrimidine metabolism","",1
MAR06624,"Pyrimidine metabolism","",1
MAR06627,"Pyrimidine metabolism","",1
MAR07744,"Pyrimidine metabolism","",1
MAR08072,"Pyrimidine metabolism","",0
MAR08637,"Pyrimidine metabolism","",0
MAR03965,"Nucleotide metabolism","",1
MAR03966,"Nucleotide metabolism","",1
MAR03967,"Nucleotide metabolism","",1
MAR03968,"Nucleotide metabolism","",1
MAR03999,"Nucleotide metabolism","",1
MAR04024,"Nucleotide metabolism","",1
MAR04026,"Nucleotide metabolism","",1
MAR04054,"Nucleotide metabolism","",1
MAR04061,"Nucleotide metabolism","",1
MAR04083,"Nucleotide metabolism","",1
MAR04136,"Nucleotide metabolism","",1
MAR04180,"Nucleotide metabolism","",1
MAR04185,"Nucleotide metabolism","",1
MAR04186,"Nucleotide metabolism","",1
MAR04342,"Nucleotide metabolism","",1
MAR04344,"Nucleotide metabolism","",0
MAR04483,"Nucleotide metabolism","",1
MAR04507,"Nucleotide metabolism","",1
MAR04516,"Nucleotide metabolism","",1
MAR04601,"Nucleotide metabolism","",1
MAR04633,"Nucleotide metabolism","",1
MAR04640,"Nucleotide metabolism","",1
MAR04641,"Nucleotide metabolism","",1
MAR04680,"Nucleotide metabolism","",1
MAR04806,"Nucleotide metabolism","",1
MAR05394,"Nucleotide metabolism","",0
MAR06625,"Nucleotide metabolism","",1
MAR06626,"Nucleotide metabolism","",1
MAR07160,"Nucleotide metabolism","",1
MAR07161,"Nucleotide metabolism","",1
MAR07162,"Nucleotide metabolism","",1
MAR07163,"Nucleotide metabolism","",1
MAR07164,"Nucleotide metabolism","",1
MAR07713,"Nucleotide metabolism","",1
MAR07716,"Nucleotide metabolism","",1
MAR07717,"Nucleotide metabolism","",1
MAR07721,"Nucleotide metabolism","",1
MAR07725,"Nucleotide metabolism","",1
MAR07728,"Nucleotide metabolism","",1
MAR07800,"Nucleotide metabolism","",1
MAR07801,"Nucleotide metabolism","",1
MAR07802,"Nucleotide metabolism","",1
MAR07863,"Nucleotide metabolism","",1
MAR07864,"Nucleotide metabolism","",1
MAR07865,"Nucleotide metabolism","",1
MAR07866,"Nucleotide metabolism","",1
MAR07867,"Nucleotide metabolism","",1
MAR07868,"Nucleotide metabolism","",1
MAR07869,"Nucleotide metabolism","",1
MAR07870,"Nucleotide metabolism","",1
MAR07871,"Nucleotide metabolism","",1
MAR07872,"Nucleotide metabolism","",1
MAR07873,"Nucleotide metabolism","",1
MAR07874,"Nucleotide metabolism","",1
MAR07875,"Nucleotide metabolism","",1
MAR07876,"Nucleotide metabolism","",1
MAR07878,"Nucleotide metabolism","",1
MAR07879,"Nucleotide metabolism","",1
MAR07881,"Nucleotide metabolism","",1
MAR07882,"Nucleotide metabolism","",1
MAR07883,"Nucleotide metabolism","",1
MAR07884,"Nucleotide metabolism","",1
MAR07885,"Nucleotide metabolism","",1
MAR07886,"Nucleotide metabolism","",1
MAR07887,"Nucleotide metabolism","",1
MAR07888,"Nucleotide metabolism","",1
MAR07889,"Nucleotide metabolism","",1
MAR07890,"Nucleotide metabolism","",1
MAR07891,"Nucleotide metabolism","",1
MAR07892,"Nucleotide metabolism","",1
MAR07893,"Nucleotide metabolism","",1
MAR07894,"Nucleotide metabolism","",1
MAR07895,"Nucleotide metabolism","",1
MAR08083,"Nucleotide metabolism","",1
MAR08085,"Nucleotide metabolism","",1
MAR08087,"Nucleotide metabolism","",1
MAR08443,"Nucleotide metabolism","",1
MAR08444,"Nucleotide metabolism","",1
MAR08445,"Nucleotide metabolism","",1
MAR08446,"Nucleotide metabolism","",1
MAR08448,"Nucleotide metabolism","",1
MAR08449,"Nucleotide metabolism","",1
MAR08450,"Nucleotide metabolism","",1
MAR08451,"Nucleotide metabolism","",1
MAR08452,"Nucleotide metabolism","",1
MAR08453,"Nucleotide metabolism","",1
MAR08454,"Nucleotide metabolism","",1
MAR08455,"Nucleotide metabolism","",1
MAR08456,"Nucleotide metabolism","",1
MAR08457,"Nucleotide metabolism","",1
MAR08458,"Nucleotide metabolism","",1
MAR08459,"Nucleotide metabolism","",1
MAR08460,"Nucleotide metabolism","",1
MAR08461,"Nucleotide metabolism","",1
MAR08462,"Nucleotide metabolism","",1
MAR08463,"Nucleotide metabolism","",1
MAR08464,"Nucleotide metabolism","",1
MAR08465,"Nucleotide metabolism","",1
MAR08466,"Nucleotide metabolism","",1
MAR08467,"Nucleotide metabolism","",1
MAR08468,"Nucleotide metabolism","",1
MAR08469,"Nucleotide metabolism","",1
MAR08470,"Nucleotide metabolism","",1
MAR08471,"Nucleotide metabolism","",1
MAR08472,"Nucleotide metabolism","",1
MAR08473,"Nucleotide metabolism","",1
MAR08474,"Nucleotide metabolism","",1
MAR08477,"Nucleotide metabolism","",1
MAR08478,"Nucleotide metabolism","",1
MAR08479,"Nucleotide metabolism","",1
MAR08480,"Nucleotide metabolism","",1
MAR08481,"Nucleotide metabolism","",0
MAR08482,"Nucleotide metabolism","",1
MAR08483,"Nucleotide metabolism","",1
MAR08484,"Nucleotide metabolism","",0
MAR08485,"Nucleotide metabolism","",1
MAR08486,"Nucleotide metabolism","",1
MAR08487,"Nucleotide metabolism","",1
MAR08488,"Nucleotide metabolism","",1
MAR08489,"Nucleotide metabolism","",1
MAR08493,"Nucleotide metabolism","",1
MAR08494,"Nucleotide metabolism","",1
MAR08495,"Nucleotide metabolism","",1
MAR03802,"Alanine, aspartate and glutamate metabolism","",1
MAR03804,"Alanine, aspartate and glutamate metabolism","",1
MAR03811,"Alanine, aspartate and glutamate metabolism","",1
MAR03813,"Alanine, aspartate and glutamate metabolism","",1
MAR03822,"Alanine, aspartate and glutamate metabolism","",1
MAR03827,"Alanine, aspartate and glutamate metabolism","",1
MAR03829,"Alanine, aspartate and glutamate metabolism","",1
MAR03831,"Alanine, aspartate and glutamate metabolism","",1
MAR03862,"Alanine, aspartate and glutamate metabolism","",1
MAR03865,"Alanine, aspartate and glutamate metabolism","",1
MAR03870,"Alanine, aspartate and glutamate metabolism","",1
MAR03873,"Alanine, aspartate and glutamate metabolism","",1
MAR08654,"Alanine, aspartate and glutamate metabolism","",1
MAR03890,"Alanine, aspartate and glutamate metabolism","",1
MAR03892,"Alanine, aspartate and glutamate metabolism","",1
MAR09802,"Alanine, aspartate and glutamate metabolism","",1
MAR03899,"Alanine, aspartate and glutamate metabolism","",1
MAR03903,"Alanine, aspartate and glutamate metabolism","",1
MAR04109,"Alanine, aspartate and glutamate metabolism","",1
MAR04114,"Alanine, aspartate and glutamate metabolism","",1
MAR04115,"Alanine, aspartate and glutamate metabolism","",1
MAR04118,"Alanine, aspartate and glutamate metabolism","",1
MAR04172,"Alanine, aspartate and glutamate metabolism","",1
MAR04196,"Alanine, aspartate and glutamate metabolism","",1
MAR04197,"Alanine, aspartate and glutamate metabolism","",1
MAR04287,"Alanine, aspartate and glutamate metabolism","",1
MAR04690,"Alanine, aspartate and glutamate metabolism","",1
MAR04693,"Alanine, aspartate and glutamate metabolism","",1
MAR06780,"Alanine, aspartate and glutamate metabolism","",1
MAR06968,"Alanine, aspartate and glutamate metabolism","",1
MAR06969,"Alanine, aspartate and glutamate metabolism","",1
MAR06970,"Alanine, aspartate and glutamate metabolism","",1
MAR06971,"Alanine, aspartate and glutamate metabolism","",1
MAR06972,"Alanine, aspartate and glutamate metabolism","",1
MAR07641,"Alanine, aspartate and glutamate metabolism","",1
MAR07642,"Alanine, aspartate and glutamate metabolism","",1
MAR08626,"Alanine, aspartate and glutamate metabolism","",1
MAR08628,"Alanine, aspartate and glutamate metabolism","",1
MAR03806,"Arginine and proline metabolism","",1
MAR03807,"Arginine and proline metabolism","",1
MAR03809,"Arginine and proline metabolism","",1
MAR03816,"Arginine and proline metabolism","",1
MAR03819,"Arginine and proline metabolism","",1
MAR03820,"Arginine and proline metabolism","",1
MAR03832,"Arginine and proline metabolism","",0
MAR03833,"Arginine and proline metabolism","",1
MAR03835,"Arginine and proline metabolism","",1
MAR03837,"Arginine and proline metabolism","",1
MAR03838,"Arginine and proline metabolism","",1
MAR03895,"Arginine and proline metabolism","",1
MAR03897,"Arginine and proline metabolism","",1
MAR03956,"Arginine and proline metabolism","",1
MAR03993,"Arginine and proline metabolism","",1
MAR04073,"Arginine and proline metabolism","",1
MAR04075,"Arginine and proline metabolism","",1
MAR04077,"Arginine and proline metabolism","",1
MAR04190,"Arginine and proline metabolism","",1
MAR04191,"Arginine and proline metabolism","",1
MAR04212,"Arginine and proline metabolism","",1
MAR04422,"Arginine and proline metabolism","",1
MAR04423,"Arginine and proline metabolism","",1
MAR04424,"Arginine and proline metabolism","",1
MAR04583,"Arginine and proline metabolism","",1
MAR04605,"Arginine and proline metabolism","",1
MAR04607,"Histidine metabolism","Hydrolysis of homocarnosine",1
MAR04776,"Arginine and proline metabolism","",1
MAR04777,"Arginine and proline metabolism","",1
MAR04778,"Arginine and proline metabolism","",1
MAR04779,"Arginine and proline metabolism","",1
MAR04780,"Arginine and proline metabolism","",1
MAR04781,"Arginine and proline metabolism","",1
MAR04784,"Arginine and proline metabolism","",1
MAR04785,"Arginine and proline metabolism","",1
MAR04786,"Arginine and proline metabolism","",1
MAR04787,"Arginine and proline metabolism","",1
MAR05384,"Arginine and proline metabolism","",1
MAR06929,"Arginine and proline metabolism","",1
MAR06930,"Arginine and proline metabolism","",1
MAR06931,"Arginine and proline metabolism","",1
MAR06932,"Arginine and proline metabolism","",1
MAR06933,"Arginine and proline metabolism","",1
MAR06934,"Arginine and proline metabolism","",1
MAR06935,"Arginine and proline metabolism","",1
MAR06936,"Arginine and proline metabolism","",1
MAR06938,"Arginine and proline metabolism","",1
MAR06939,"Arginine and proline metabolism","",1
MAR06940,"Arginine and proline metabolism","",0
MAR06941,"Arginine and proline metabolism","",1
MAR06942,"Arginine and proline metabolism","",1
MAR06943,"Arginine and proline metabolism","",1
MAR06944,"Arginine and proline metabolism","",1
MAR06945,"Arginine and proline metabolism","",1
MAR06946,"Arginine and proline metabolism","",1
MAR06947,"Arginine and proline metabolism","",1
MAR06948,"Arginine and proline metabolism","",1
MAR06949,"Arginine and proline metabolism","",1
MAR06950,"Arginine and proline metabolism","",1
MAR06951,"Arginine and proline metabolism","",1
MAR06952,"Arginine and proline metabolism","",1
MAR06953,"Arginine and proline metabolism","",1
MAR06954,"Arginine and proline metabolism","",1
MAR06955,"Arginine and proline metabolism","",0
MAR06956,"Arginine and proline metabolism","",0
MAR06957,"Arginine and proline metabolism","",0
MAR06958,"Arginine and proline metabolism","",1
MAR06959,"Arginine and proline metabolism","",1
MAR06960,"Arginine and proline metabolism","",0
MAR06961,"Arginine and proline metabolism","",1
MAR06962,"Arginine and proline metabolism","",1
MAR06963,"Arginine and proline metabolism","",1
MAR06964,"Arginine and proline metabolism","",1
MAR06965,"Arginine and proline metabolism","",1
MAR06966,"Arginine and proline metabolism","",1
MAR06967,"Arginine and proline metabolism","",1
MAR06973,"Arginine and proline metabolism","",1
MAR08096,"Arginine and proline metabolism","",1
MAR08097,"Arginine and proline metabolism","",1
MAR08098,"Arginine and proline metabolism","",1
MAR08416,"Arginine and proline metabolism","",1
MAR08425,"Arginine and proline metabolism","",1
MAR08426,"Arginine and proline metabolism","",1
MAR08427,"Arginine and proline metabolism","",1
MAR08431,"Arginine and proline metabolism","",0
MAR08432,"Arginine and proline metabolism","",1
MAR08603,"Arginine and proline metabolism","",1
MAR08604,"Arginine and proline metabolism","",1
MAR08605,"Arginine and proline metabolism","",1
MAR08606,"Arginine and proline metabolism","",1
MAR08607,"Arginine and proline metabolism","",0
MAR08608,"Arginine and proline metabolism","",1
MAR08609,"Arginine and proline metabolism","",1
MAR08610,"Arginine and proline metabolism","",1
MAR08611,"Arginine and proline metabolism","",1
MAR04285,"Alanine, aspartate and glutamate metabolism","",1
MAR00457,"Glycine, serine and threonine metabolism","",1
MAR00460,"Glycine, serine and threonine metabolism","",1
MAR03750,"Glycine, serine and threonine metabolism","",1
MAR03752,"Glycine, serine and threonine metabolism","",1
MAR03770,"Glycine, serine and threonine metabolism","",1
MAR03771,"Glycine, serine and threonine metabolism","",1
MAR03772,"Glycine, serine and threonine metabolism","",1
MAR03782,"Glycine, serine and threonine metabolism","",1
MAR03784,"Glycine, serine and threonine metabolism","",1
MAR03794,"Glycine, serine and threonine metabolism","",1
MAR03839,"Glycine, serine and threonine metabolism","",1
MAR03841,"Glycine, serine and threonine metabolism","",1
MAR03843,"Glycine, serine and threonine metabolism","",1
MAR03845,"Glycine, serine and threonine metabolism","",1
MAR03847,"Glycine, serine and threonine metabolism","",1
MAR03849,"Glycine, serine and threonine metabolism","",1
MAR03852,"Glycine, serine and threonine metabolism","",1
MAR03856,"Glycine, serine and threonine metabolism","",1
MAR03860,"Glycine, serine and threonine metabolism","",0
MAR03883,"Glycine, serine and threonine metabolism","",1
MAR03901,"Glycine, serine and threonine metabolism","",1
MAR03939,"Glycine, serine and threonine metabolism","",1
MAR03974,"Glycine, serine and threonine metabolism","",1
MAR04198,"Glycine, serine and threonine metabolism","",1
MAR04199,"Glycine, serine and threonine metabolism","",1
MAR04200,"Glycine, serine and threonine metabolism","",1
MAR04284,"Glycine, serine and threonine metabolism","",0
MAR04348,"Glycine, serine and threonine metabolism","",1
MAR04466,"Glycine, serine and threonine metabolism","",1
MAR04467,"Glycine, serine and threonine metabolism","",1
MAR04582,"Glycine, serine and threonine metabolism","",1
MAR04584,"Glycine, serine and threonine metabolism","",1
MAR04696,"Glycine, serine and threonine metabolism","",1
MAR04697,"Glycine, serine and threonine metabolism","",1
MAR04698,"Glycine, serine and threonine metabolism","",1
MAR04699,"Glycine, serine and threonine metabolism","",1
MAR04700,"Glycine, serine and threonine metabolism","",1
MAR04742,"Glycine, serine and threonine metabolism","",1
MAR04788,"Glycine, serine and threonine metabolism","",1
MAR04789,"Glycine, serine and threonine metabolism","",1
MAR04791,"Glycine, serine and threonine metabolism","",1
MAR04792,"Glycine, serine and threonine metabolism","",1
MAR04937,"Glycine, serine and threonine metabolism","",1
MAR05392,"Glycine, serine and threonine metabolism","",1
MAR05393,"Glycine, serine and threonine metabolism","",1
MAR06409,"Glycine, serine and threonine metabolism","",1
MAR07702,"Glycine, serine and threonine metabolism","",1
MAR07703,"Glycine, serine and threonine metabolism","",1
MAR08433,"Glycine, serine and threonine metabolism","",1
MAR08434,"Glycine, serine and threonine metabolism","",1
MAR08435,"Glycine, serine and threonine metabolism","",1
MAR08436,"Glycine, serine and threonine metabolism","",1
MAR08437,"Glycine, serine and threonine metabolism","",1
MAR08439,"Glycine, serine and threonine metabolism","",1
MAR08440,"Glycine, serine and threonine metabolism","",1
MAR08441,"Glycine, serine and threonine metabolism","",1
MAR08442,"Glycine, serine and threonine metabolism","",0
MAR09718,"Glycine, serine and threonine metabolism","",0
MAR04426,"Histidine metabolism","",1
MAR04428,"Histidine metabolism","",1
MAR04429,"Histidine metabolism","",1
MAR04430,"Histidine metabolism","",1
MAR04431,"Histidine metabolism","",1
MAR04437,"Histidine metabolism","",1
MAR04658,"Histidine metabolism","",1
MAR04660,"Histidine metabolism","",1
MAR04712,"Histidine metabolism","",1
MAR05336,"Histidine metabolism","",1
MAR05337,"Histidine metabolism","",1
MAR05338,"Histidine metabolism","",1
MAR05339,"Histidine metabolism","",1
MAR05340,"Histidine metabolism","",1
MAR08783,"Histidine metabolism","",1
MAR08784,"Histidine metabolism","",1
MAR08786,"Histidine metabolism","",1
MAR04239,"Lysine metabolism","",1
MAR04241,"Lysine metabolism","",1
MAR04288,"Lysine metabolism","",1
MAR04596,"Lysine metabolism","",1
MAR04597,"Lysine metabolism","",1
MAR04599,"Lysine metabolism","",1
MAR04667,"Lysine metabolism","",1
MAR04668,"Lysine metabolism","",1
MAR04737,"Lysine metabolism","",1
MAR04739,"Lysine metabolism","",1
MAR04740,"Lysine metabolism","",0
MAR06415,"Lysine metabolism","",1
MAR06974,"Lysine metabolism","",0
MAR06975,"Lysine metabolism","",1
MAR06976,"Lysine metabolism","",1
MAR06977,"Lysine metabolism","",1
MAR06978,"Lysine metabolism","",1
MAR06979,"Lysine metabolism","",1
MAR06980,"Lysine metabolism","",1
MAR06981,"Lysine metabolism","",1
MAR06982,"Lysine metabolism","",1
MAR06983,"Lysine metabolism","",1
MAR06984,"Lysine metabolism","",1
MAR06985,"Lysine metabolism","",1
MAR08017,"Lysine metabolism","",0
MAR08018,"Lysine metabolism","",0
MAR08019,"Lysine metabolism","",0
MAR08021,"Lysine metabolism","",1
MAR08025,"Lysine metabolism","",1
MAR08026,"Lysine metabolism","",1
MAR08027,"Lysine metabolism","",1
MAR08029,"Lysine metabolism","",1
MAR03164,"Tryptophan metabolism","",1
MAR03166,"Tryptophan metabolism","",1
MAR03885,"Tryptophan metabolism","",1
MAR04250,"Tryptophan metabolism","",0
MAR08091,"Tryptophan metabolism","",1
MAR08092,"Tryptophan metabolism","",1
MAR08563,"Tryptophan metabolism","",1
MAR08564,"Tryptophan metabolism","",1
MAR08565,"Tryptophan metabolism","",0
MAR08566,"Tryptophan metabolism","",1
MAR03935,"Tyrosine metabolism","",1
MAR04681,"Tyrosine metabolism","",1
MAR04682,"Tyrosine metabolism","",1
MAR04683,"Tyrosine metabolism","",1
MAR04685,"Tyrosine metabolism","",1
MAR04686,"Tyrosine metabolism","",1
MAR04687,"Tyrosine metabolism","",1
MAR04702,"Tyrosine metabolism","",0
MAR04703,"Tyrosine metabolism","",1
MAR04704,"Tyrosine metabolism","",1
MAR06988,"Tyrosine metabolism","",1
MAR07689,"Tyrosine metabolism","",1
MAR07701,"Tyrosine metabolism","",1
MAR08094,"Tyrosine metabolism","",1
MAR08529,"Tyrosine metabolism","",1
MAR08530,"Tyrosine metabolism","",1
MAR08533,"Tyrosine metabolism","",1
MAR08534,"Tyrosine metabolism","",1
MAR08535,"Tyrosine metabolism","",1
MAR08537,"Tyrosine metabolism","",1
MAR08541,"Tyrosine metabolism","",1
MAR08542,"Tyrosine metabolism","",1
MAR08543,"Tyrosine metabolism","",1
MAR08544,"Tyrosine metabolism","",1
MAR08630,"Tyrosine metabolism","",1
MAR08540,"Tyrosine metabolism","",0
MAR09733,"Tyrosine metabolism","",0
MAR09734,"Tyrosine metabolism","",1
MAR03206,"Valine, leucine, and isoleucine metabolism","",1
MAR03208,"Valine, leucine, and isoleucine metabolism","",1
MAR03211,"Valine, leucine, and isoleucine metabolism","",1
MAR03213,"Valine, leucine, and isoleucine metabolism","",1
MAR03215,"Valine, leucine, and isoleucine metabolism","",1
MAR03747,"Valine, leucine, and isoleucine metabolism","",1
MAR03744,"Valine, leucine, and isoleucine metabolism","",1
MAR03757,"Valine, leucine, and isoleucine metabolism","",1
MAR03761,"Valine, leucine, and isoleucine metabolism","",1
MAR03777,"Valine, leucine, and isoleucine metabolism","",1
MAR03778,"Valine, leucine, and isoleucine metabolism","",1
MAR03795,"Valine, leucine, and isoleucine metabolism","",1
MAR04797,"Valine, leucine, and isoleucine metabolism","",1
MAR06417,"Valine, leucine, and isoleucine metabolism","",1
MAR06419,"Valine, leucine, and isoleucine metabolism","",1
MAR06420,"Valine, leucine, and isoleucine metabolism","",1
MAR06421,"Valine, leucine, and isoleucine metabolism","",1
MAR06422,"Valine, leucine, and isoleucine metabolism","",1
MAR06923,"Valine, leucine, and isoleucine metabolism","",1
MAR03765,"Valine, leucine, and isoleucine metabolism","",1
MAR06924,"Valine, leucine, and isoleucine metabolism","",1
MAR06925,"Valine, leucine, and isoleucine metabolism","",1
MAR06926,"Valine, leucine, and isoleucine metabolism","",1
MAR06927,"Valine, leucine, and isoleucine metabolism","",1
MAR08088,"Valine, leucine, and isoleucine metabolism","",1
MAR08787,"Valine, leucine, and isoleucine metabolism","",1
MAR03743,"Phenylalanine, tyrosine and tryptophan biosynthesis","",1
MAR03940,"Phenylalanine, tyrosine and tryptophan biosynthesis","",1
MAR04214,"Phenylalanine, tyrosine and tryptophan biosynthesis","",1
MAR04216,"Phenylalanine, tyrosine and tryptophan biosynthesis","",1
MAR04218,"Phenylalanine, tyrosine and tryptophan biosynthesis","",1
MAR04219,"Phenylalanine, tyrosine and tryptophan biosynthesis","",1
MAR04220,"Phenylalanine, tyrosine and tryptophan biosynthesis","",1
MAR04222,"Phenylalanine, tyrosine and tryptophan biosynthesis","",1
MAR04224,"Phenylalanine, tyrosine and tryptophan biosynthesis","",1
MAR04225,"Phenylalanine, tyrosine and tryptophan biosynthesis","",1
MAR04227,"Phenylalanine, tyrosine and tryptophan biosynthesis","",1
MAR04231,"Phenylalanine, tyrosine and tryptophan biosynthesis","",1
MAR04232,"Phenylalanine, tyrosine and tryptophan biosynthesis","",0
MAR04233,"Phenylalanine, tyrosine and tryptophan biosynthesis","",0
MAR04235,"Phenylalanine, tyrosine and tryptophan biosynthesis","",0
MAR04242,"Phenylalanine, tyrosine and tryptophan biosynthesis","",1
MAR04243,"Phenylalanine, tyrosine and tryptophan biosynthesis","",1
MAR04244,"Phenylalanine, tyrosine and tryptophan biosynthesis","",1
MAR04245,"Phenylalanine, tyrosine and tryptophan biosynthesis","",0
MAR04246,"Phenylalanine, tyrosine and tryptophan biosynthesis","",1
MAR04248,"Phenylalanine, tyrosine and tryptophan biosynthesis","",0
MAR06707,"Phenylalanine, tyrosine and tryptophan biosynthesis","",1
MAR06708,"Phenylalanine, tyrosine and tryptophan biosynthesis","",0
MAR06709,"Phenylalanine, tyrosine and tryptophan biosynthesis","",0
MAR06710,"Phenylalanine, tyrosine and tryptophan biosynthesis","",1
MAR06711,"Phenylalanine, tyrosine and tryptophan biosynthesis","",1
MAR06712,"Phenylalanine, tyrosine and tryptophan biosynthesis","",0
MAR06713,"Phenylalanine, tyrosine and tryptophan biosynthesis","",1
MAR06714,"Phenylalanine, tyrosine and tryptophan biosynthesis","",1
MAR06715,"Phenylalanine, tyrosine and tryptophan biosynthesis","",1
MAR06716,"Phenylalanine, tyrosine and tryptophan biosynthesis","",1
MAR06717,"Phenylalanine, tyrosine and tryptophan biosynthesis","",1
MAR06718,"Phenylalanine, tyrosine and tryptophan biosynthesis","",1
MAR06719,"Phenylalanine, tyrosine and tryptophan biosynthesis","",1
MAR06720,"Phenylalanine, tyrosine and tryptophan biosynthesis","",0
MAR06721,"Phenylalanine, tyrosine and tryptophan biosynthesis","",0
MAR06722,"Phenylalanine, tyrosine and tryptophan biosynthesis","",1
MAR06723,"Phenylalanine, tyrosine and tryptophan biosynthesis","",1
MAR06725,"Phenylalanine, tyrosine and tryptophan biosynthesis","",1
MAR06726,"Phenylalanine, tyrosine and tryptophan biosynthesis","",1
MAR06727,"Phenylalanine, tyrosine and tryptophan biosynthesis","",1
MAR06728,"Phenylalanine, tyrosine and tryptophan biosynthesis","",1
MAR06729,"Phenylalanine, tyrosine and tryptophan biosynthesis","",1
MAR06730,"Phenylalanine, tyrosine and tryptophan biosynthesis","",1
MAR06731,"Phenylalanine, tyrosine and tryptophan biosynthesis","",1
MAR06734,"Phenylalanine, tyrosine and tryptophan biosynthesis","",0
MAR06735,"Phenylalanine, tyrosine and tryptophan biosynthesis","",1
MAR06736,"Phenylalanine, tyrosine and tryptophan biosynthesis","",1
MAR06737,"Phenylalanine, tyrosine and tryptophan biosynthesis","",1
MAR06738,"Phenylalanine, tyrosine and tryptophan biosynthesis","",0
MAR06739,"Phenylalanine, tyrosine and tryptophan biosynthesis","",1
MAR06740,"Phenylalanine, tyrosine and tryptophan biosynthesis","",1
MAR06741,"Phenylalanine, tyrosine and tryptophan biosynthesis","",1
MAR06742,"Phenylalanine, tyrosine and tryptophan biosynthesis","",0
MAR06743,"Phenylalanine, tyrosine and tryptophan biosynthesis","",1
MAR06744,"Phenylalanine, tyrosine and tryptophan biosynthesis","",0
MAR06745,"Phenylalanine, tyrosine and tryptophan biosynthesis","",1
MAR06746,"Phenylalanine, tyrosine and tryptophan biosynthesis","",1
MAR06747,"Phenylalanine, tyrosine and tryptophan biosynthesis","",1
MAR06748,"Phenylalanine, tyrosine and tryptophan biosynthesis","",1
MAR06749,"Phenylalanine, tyrosine and tryptophan biosynthesis","",1
MAR06750,"Phenylalanine, tyrosine and tryptophan biosynthesis","",1
MAR06751,"Phenylalanine, tyrosine and tryptophan biosynthesis","",1
MAR06752,"Phenylalanine, tyrosine and tryptophan biosynthesis","",1
MAR06753,"Phenylalanine, tyrosine and tryptophan biosynthesis","",1
MAR06754,"Phenylalanine, tyrosine and tryptophan biosynthesis","",1
MAR06755,"Phenylalanine, tyrosine and tryptophan biosynthesis","",1
MAR06756,"Phenylalanine, tyrosine and tryptophan biosynthesis","",1
MAR06757,"Phenylalanine, tyrosine and tryptophan biosynthesis","",1
MAR06758,"Phenylalanine, tyrosine and tryptophan biosynthesis","",1
MAR06759,"Phenylalanine, tyrosine and tryptophan biosynthesis","",0
MAR06760,"Phenylalanine, tyrosine and tryptophan biosynthesis","",1
MAR06761,"Phenylalanine, tyrosine and tryptophan biosynthesis","",1
MAR06762,"Phenylalanine, tyrosine and tryptophan biosynthesis","",1
MAR06763,"Phenylalanine, tyrosine and tryptophan biosynthesis","",1
MAR06764,"Phenylalanine, tyrosine and tryptophan biosynthesis","",1
MAR06765,"Phenylalanine, tyrosine and tryptophan biosynthesis","",0
MAR06766,"Phenylalanine, tyrosine and tryptophan biosynthesis","",1
MAR06767,"Phenylalanine, tyrosine and tryptophan biosynthesis","",1
MAR06768,"Phenylalanine, tyrosine and tryptophan biosynthesis","",1
MAR06770,"Phenylalanine, tyrosine and tryptophan biosynthesis","",1
MAR06771,"Phenylalanine, tyrosine and tryptophan biosynthesis","",1
MAR06772,"Phenylalanine, tyrosine and tryptophan biosynthesis","",1
MAR06774,"Phenylalanine, tyrosine and tryptophan biosynthesis","",1
MAR06776,"Phenylalanine, tyrosine and tryptophan biosynthesis","",1
MAR06778,"Phenylalanine, tyrosine and tryptophan biosynthesis","",1
MAR06782,"Phenylalanine, tyrosine and tryptophan biosynthesis","",0
MAR06783,"Phenylalanine, tyrosine and tryptophan biosynthesis","",0
MAR06784,"Phenylalanine, tyrosine and tryptophan biosynthesis","",0
MAR06785,"Phenylalanine, tyrosine and tryptophan biosynthesis","",0
MAR06786,"Phenylalanine, tyrosine and tryptophan biosynthesis","",0
MAR06787,"Phenylalanine, tyrosine and tryptophan biosynthesis","",1
MAR06788,"Phenylalanine, tyrosine and tryptophan biosynthesis","",1
MAR06789,"Phenylalanine, tyrosine and tryptophan biosynthesis","",1
MAR06790,"Phenylalanine, tyrosine and tryptophan biosynthesis","",1
MAR06791,"Phenylalanine, tyrosine and tryptophan biosynthesis","",1
MAR06792,"Phenylalanine, tyrosine and tryptophan biosynthesis","",0
MAR06798,"Phenylalanine, tyrosine and tryptophan biosynthesis","",1
MAR06799,"Phenylalanine, tyrosine and tryptophan biosynthesis","",1
MAR06800,"Phenylalanine, tyrosine and tryptophan biosynthesis","",1
MAR06801,"Phenylalanine, tyrosine and tryptophan biosynthesis","",1
MAR06802,"Phenylalanine, tyrosine and tryptophan biosynthesis","",0
MAR06803,"Phenylalanine, tyrosine and tryptophan biosynthesis","",1
MAR06806,"Phenylalanine, tyrosine and tryptophan biosynthesis","",0
MAR06807,"Phenylalanine, tyrosine and tryptophan biosynthesis","",0
MAR06808,"Phenylalanine, tyrosine and tryptophan biosynthesis","",1
MAR06811,"Phenylalanine, tyrosine and tryptophan biosynthesis","",1
MAR06813,"Phenylalanine, tyrosine and tryptophan biosynthesis","",1
MAR06814,"Phenylalanine, tyrosine and tryptophan biosynthesis","",1
MAR06815,"Phenylalanine, tyrosine and tryptophan biosynthesis","",1
MAR06817,"Phenylalanine, tyrosine and tryptophan biosynthesis","",1
MAR06818,"Phenylalanine, tyrosine and tryptophan biosynthesis","",0
MAR06819,"Phenylalanine, tyrosine and tryptophan biosynthesis","",1
MAR06820,"Phenylalanine, tyrosine and tryptophan biosynthesis","",1
MAR06822,"Phenylalanine, tyrosine and tryptophan biosynthesis","",0
MAR06823,"Phenylalanine, tyrosine and tryptophan biosynthesis","",1
MAR06824,"Phenylalanine, tyrosine and tryptophan biosynthesis","",1
MAR06826,"Phenylalanine, tyrosine and tryptophan biosynthesis","",1
MAR06827,"Phenylalanine, tyrosine and tryptophan biosynthesis","",1
MAR06828,"Phenylalanine, tyrosine and tryptophan biosynthesis","",1
MAR06829,"Phenylalanine, tyrosine and tryptophan biosynthesis","",1
MAR06830,"Phenylalanine, tyrosine and tryptophan biosynthesis","",1
MAR06831,"Phenylalanine, tyrosine and tryptophan biosynthesis","",1
MAR06834,"Phenylalanine, tyrosine and tryptophan biosynthesis","",1
MAR06835,"Phenylalanine, tyrosine and tryptophan biosynthesis","",1
MAR06836,"Phenylalanine, tyrosine and tryptophan biosynthesis","",1
MAR06837,"Phenylalanine, tyrosine and tryptophan biosynthesis","",1
MAR06838,"Phenylalanine, tyrosine and tryptophan biosynthesis","",1
MAR06839,"Phenylalanine, tyrosine and tryptophan biosynthesis","",1
MAR06840,"Phenylalanine, tyrosine and tryptophan biosynthesis","",1
MAR06841,"Phenylalanine, tyrosine and tryptophan biosynthesis","",1
MAR06842,"Phenylalanine, tyrosine and tryptophan biosynthesis","",1
MAR06843,"Phenylalanine, tyrosine and tryptophan biosynthesis","",1
MAR06844,"Phenylalanine, tyrosine and tryptophan biosynthesis","",1
MAR06845,"Phenylalanine, tyrosine and tryptophan biosynthesis","",1
MAR06848,"Phenylalanine, tyrosine and tryptophan biosynthesis","",1
MAR06849,"Phenylalanine, tyrosine and tryptophan biosynthesis","",1
MAR06850,"Phenylalanine, tyrosine and tryptophan biosynthesis","",1
MAR06851,"Phenylalanine, tyrosine and tryptophan biosynthesis","",1
MAR06854,"Phenylalanine, tyrosine and tryptophan biosynthesis","",1
MAR06855,"Phenylalanine, tyrosine and tryptophan biosynthesis","",1
MAR06874,"Phenylalanine, tyrosine and tryptophan biosynthesis","",1
MAR06875,"Phenylalanine, tyrosine and tryptophan biosynthesis","",0
MAR06876,"Phenylalanine, tyrosine and tryptophan biosynthesis","",0
MAR06877,"Phenylalanine, tyrosine and tryptophan biosynthesis","",0
MAR06878,"Phenylalanine, tyrosine and tryptophan biosynthesis","",0
MAR06879,"Phenylalanine, tyrosine and tryptophan biosynthesis","",0
MAR06880,"Phenylalanine, tyrosine and tryptophan biosynthesis","",0
MAR06881,"Phenylalanine, tyrosine and tryptophan biosynthesis","",0
MAR06882,"Phenylalanine, tyrosine and tryptophan biosynthesis","",0
MAR06883,"Phenylalanine, tyrosine and tryptophan biosynthesis","",1
MAR06885,"Phenylalanine, tyrosine and tryptophan biosynthesis","",1
MAR06886,"Phenylalanine, tyrosine and tryptophan biosynthesis","",1
MAR06888,"Phenylalanine, tyrosine and tryptophan biosynthesis","",1
MAR06889,"Phenylalanine, tyrosine and tryptophan biosynthesis","",1
MAR07628,"Phenylalanine, tyrosine and tryptophan biosynthesis","",1
MAR07756,"Phenylalanine, tyrosine and tryptophan biosynthesis","",1
MAR08539,"Phenylalanine, tyrosine and tryptophan biosynthesis","",1
MAR08794,"Phenylalanine, tyrosine and tryptophan biosynthesis","",0
MAR08795,"Phenylalanine, tyrosine and tryptophan biosynthesis","",0
MAR08796,"Phenylalanine, tyrosine and tryptophan biosynthesis","",1
MAR03875,"Cysteine and methionine metabolism","",1
MAR03877,"Cysteine and methionine metabolism","",1
MAR03879,"Cysteine and methionine metabolism","",1
MAR03881,"Cysteine and methionine metabolism","",1
MAR03912,"Cysteine and methionine metabolism","",1
MAR03917,"Cysteine and methionine metabolism","",1
MAR03919,"Cysteine and methionine metabolism","",1
MAR03920,"Cysteine and methionine metabolism","",1
MAR03922,"Cysteine and methionine metabolism","",1
MAR03928,"Cysteine and methionine metabolism","",1
MAR03995,"Cysteine and methionine metabolism","",1
MAR03996,"Cysteine and methionine metabolism","",0
MAR04072,"Cysteine and methionine metabolism","",1
MAR04189,"Cysteine and methionine metabolism","",1
MAR04302,"Cysteine and methionine metabolism","",1
MAR04323,"Cysteine and methionine metabolism","",1
MAR05381,"Cysteine and methionine metabolism","",1
MAR05385,"Cysteine and methionine metabolism","",1
MAR05386,"Cysteine and methionine metabolism","",1
MAR05387,"Cysteine and methionine metabolism","Acireductone Synthase",1
MAR05388,"Cysteine and methionine metabolism","",1
MAR05389,"Cysteine and methionine metabolism","Acireductone Dixoygenase 1",1
MAR05390,"Cysteine and methionine metabolism","",1
MAR05391,"Cysteine and methionine metabolism","",1
MAR05418,"Cysteine and methionine metabolism","",1
MAR05419,"Cysteine and methionine metabolism","",1
MAR06515,"Cysteine and methionine metabolism","",1
MAR06518,"Cysteine and methionine metabolism","",1
MAR06519,"Cysteine and methionine metabolism","",1
MAR06520,"Cysteine and methionine metabolism","",1
MAR06523,"Cysteine and methionine metabolism","",1
MAR08062,"Cysteine and methionine metabolism","",1
MAR08066,"Cysteine and methionine metabolism","",1
MAR08067,"Cysteine and methionine metabolism","",1
MAR08068,"Cysteine and methionine metabolism","",1
MAR08069,"Cysteine and methionine metabolism","",1
MAR08641,"Cysteine and methionine metabolism","",1
MAR08682,"Cysteine and methionine metabolism","",0
MAR08683,"Cysteine and methionine metabolism","",1
MAR08684,"Cysteine and methionine metabolism","",1
MAR08685,"Cysteine and methionine metabolism","",0
MAR03868,"Glutathione metabolism","",1
MAR03869,"Glutathione metabolism","",1
MAR03889,"Glutathione metabolism","",1
MAR03933,"Glutathione metabolism","",1
MAR03937,"Glutathione metabolism","",1
MAR04116,"Glutathione metabolism","",1
MAR04120,"Glutathione metabolism","",1
MAR04121,"Glutathione metabolism","",1
MAR04175,"Glutathione metabolism","",1
MAR04176,"Glutathione metabolism","",1
MAR04324,"Glutathione metabolism","",1
MAR04326,"Glutathione metabolism","",1
MAR04328,"Glutathione metabolism","",1
MAR04329,"Glutathione metabolism","",1
MAR04708,"Glutathione metabolism","",1
MAR08769,"Glutathione metabolism","",1
MAR08770,"Glutathione metabolism","",1
MAR08771,"Transport reactions","",0
MAR04078,"Beta-alanine metabolism","",1
MAR04079,"Beta-alanine metabolism","",1
MAR04174,"Beta-alanine metabolism","",1
MAR04330,"Beta-alanine metabolism","",1
MAR04347,"Beta-alanine metabolism","",1
MAR04427,"Beta-alanine metabolism","",1
MAR04688,"Beta-alanine metabolism","",1
MAR04689,"Beta-alanine metabolism","",1
MAR04735,"Beta-alanine metabolism","",1
MAR07991,"Beta-alanine metabolism","",0
MAR07992,"Beta-alanine metabolism","",1
MAR07993,"Beta-alanine metabolism","",1
MAR07128,"Metabolism of other amino acids","",1
MAR07129,"Metabolism of other amino acids","",1
MAR07130,"Metabolism of other amino acids","",0
MAR07131,"Metabolism of other amino acids","",1
MAR07132,"Metabolism of other amino acids","",1
MAR07133,"Metabolism of other amino acids","",1
MAR07134,"Metabolism of other amino acids","",1
MAR07135,"Metabolism of other amino acids","",1
MAR07136,"Metabolism of other amino acids","",1
MAR07137,"Metabolism of other amino acids","",1
MAR07138,"Metabolism of other amino acids","",1
MAR07139,"Metabolism of other amino acids","",1
MAR07140,"Metabolism of other amino acids","",0
MAR07141,"Metabolism of other amino acids","",1
MAR07620,"Metabolism of other amino acids","",1
MAR07647,"Metabolism of other amino acids","",1
MAR08640,"Metabolism of other amino acids","",1
MAR08689,"Metabolism of other amino acids","",1
MAR08690,"Metabolism of other amino acids","",1
MAR03748,"Valine, leucine, and isoleucine metabolism","",1
MAR03751,"Valine, leucine, and isoleucine metabolism","",1
MAR03753,"Valine, leucine, and isoleucine metabolism","",1
MAR03755,"Valine, leucine, and isoleucine metabolism","",1
MAR03759,"Valine, leucine, and isoleucine metabolism","",1
MAR03763,"Valine, leucine, and isoleucine metabolism","",1
MAR03767,"Valine, leucine, and isoleucine metabolism","",1
MAR03769,"Valine, leucine, and isoleucine metabolism","",1
MAR03773,"Valine, leucine, and isoleucine metabolism","",1
MAR03775,"Valine, leucine, and isoleucine metabolism","",1
MAR03780,"Valine, leucine, and isoleucine metabolism","",1
MAR03783,"Valine, leucine, and isoleucine metabolism","",1
MAR03785,"Valine, leucine, and isoleucine metabolism","",1
MAR03790,"Valine, leucine, and isoleucine metabolism","",1
MAR03792,"Valine, leucine, and isoleucine metabolism","",1
MAR03796,"Valine, leucine, and isoleucine metabolism","",1
MAR03823,"Valine, leucine, and isoleucine metabolism","",1
MAR06416,"Valine, leucine, and isoleucine metabolism","",1
MAR03986,"Amino sugar and nucleotide sugar metabolism","",1
MAR03988,"Amino sugar and nucleotide sugar metabolism","",1
MAR04124,"Amino sugar and nucleotide sugar metabolism","",1
MAR04158,"Amino sugar and nucleotide sugar metabolism","",1
MAR04159,"Amino sugar and nucleotide sugar metabolism","",1
MAR04299,"Amino sugar and nucleotide sugar metabolism","",1
MAR04300,"Amino sugar and nucleotide sugar metabolism","",1
MAR04494,"Amino sugar and nucleotide sugar metabolism","",1
MAR04524,"Amino sugar and nucleotide sugar metabolism","",1
MAR04525,"Amino sugar and nucleotide sugar metabolism","",1
MAR04526,"Amino sugar and nucleotide sugar metabolism","",1
MAR04527,"Amino sugar and nucleotide sugar metabolism","",1
MAR04528,"Amino sugar and nucleotide sugar metabolism","",1
MAR04529,"Amino sugar and nucleotide sugar metabolism","",1
MAR04530,"Amino sugar and nucleotide sugar metabolism","",1
MAR04531,"Amino sugar and nucleotide sugar metabolism","",0
MAR04532,"Amino sugar and nucleotide sugar metabolism","",1
MAR04533,"Amino sugar and nucleotide sugar metabolism","",0
MAR04534,"Amino sugar and nucleotide sugar metabolism","",0
MAR04536,"Amino sugar and nucleotide sugar metabolism","",1
MAR04628,"Amino sugar and nucleotide sugar metabolism","",1
MAR04629,"Amino sugar and nucleotide sugar metabolism","",1
MAR04631,"Amino sugar and nucleotide sugar metabolism","",1
MAR07696,"Amino sugar and nucleotide sugar metabolism","",0
MAR07697,"Amino sugar and nucleotide sugar metabolism","",1
MAR07698,"Amino sugar and nucleotide sugar metabolism","",1
MAR08366,"Amino sugar and nucleotide sugar metabolism","",0
MAR08367,"Amino sugar and nucleotide sugar metabolism","",0
MAR08368,"Amino sugar and nucleotide sugar metabolism","",0
MAR08371,"Amino sugar and nucleotide sugar metabolism","",1
MAR08372,"Amino sugar and nucleotide sugar metabolism","",0
MAR08373,"Amino sugar and nucleotide sugar metabolism","",1
MAR08375,"Amino sugar and nucleotide sugar metabolism","",1
MAR08376,"Amino sugar and nucleotide sugar metabolism","",1
MAR08377,"Amino sugar and nucleotide sugar metabolism","",1
MAR08672,"Amino sugar and nucleotide sugar metabolism","",1
MAR08674,"Amino sugar and nucleotide sugar metabolism","",0
MAR08675,"Amino sugar and nucleotide sugar metabolism","",0
MAR05130,"Aminoacyl-tRNA biosynthesis","",1
MAR05131,"Aminoacyl-tRNA biosynthesis","",1
MAR05132,"Aminoacyl-tRNA biosynthesis","",1
MAR05133,"Aminoacyl-tRNA biosynthesis","",1
MAR05134,"Aminoacyl-tRNA biosynthesis","",1
MAR05135,"Aminoacyl-tRNA biosynthesis","",1
MAR05136,"Aminoacyl-tRNA biosynthesis","",1
MAR05137,"Aminoacyl-tRNA biosynthesis","",1
MAR05138,"Aminoacyl-tRNA biosynthesis","",1
MAR05139,"Aminoacyl-tRNA biosynthesis","",1
MAR05140,"Aminoacyl-tRNA biosynthesis","",1
MAR05141,"Aminoacyl-tRNA biosynthesis","",1
MAR05142,"Aminoacyl-tRNA biosynthesis","",1
MAR05143,"Aminoacyl-tRNA biosynthesis","",1
MAR05144,"Aminoacyl-tRNA biosynthesis","",1
MAR05145,"Aminoacyl-tRNA biosynthesis","",1
MAR05146,"Aminoacyl-tRNA biosynthesis","",1
MAR05147,"Aminoacyl-tRNA biosynthesis","",1
MAR05148,"Aminoacyl-tRNA biosynthesis","",1
MAR05149,"Aminoacyl-tRNA biosynthesis","",1
MAR05150,"Aminoacyl-tRNA biosynthesis","",1
MAR07171,"O-glycan metabolism","",1
MAR07172,"O-glycan metabolism","",1
MAR07174,"O-glycan metabolism","",1
MAR07175,"O-glycan metabolism","",1
MAR07180,"O-glycan metabolism","",1
MAR07181,"O-glycan metabolism","",1
MAR07183,"O-glycan metabolism","",1
MAR07197,"O-glycan metabolism","",0
MAR07436,"O-glycan metabolism","",1
MAR07438,"O-glycan metabolism","",1
MAR07440,"O-glycan metabolism","",1
MAR08256,"O-glycan metabolism","",0
MAR08258,"O-glycan metabolism","",0
MAR08260,"O-glycan metabolism","",0
MAR08261,"O-glycan metabolism","",0
MAR01532,"N-glycan metabolism","",1
MAR07254,"N-glycan metabolism","",1
MAR07256,"N-glycan metabolism","",1
MAR07258,"N-glycan metabolism","",0
MAR07259,"N-glycan metabolism","",0
MAR07260,"N-glycan metabolism","",0
MAR07261,"N-glycan metabolism","",1
MAR07263,"N-glycan metabolism","",1
MAR07264,"N-glycan metabolism","",1
MAR07265,"N-glycan metabolism","",1
MAR07266,"N-glycan metabolism","",1
MAR07267,"N-glycan metabolism","",1
MAR07268,"N-glycan metabolism","",1
MAR07269,"N-glycan metabolism","",1
MAR07270,"N-glycan metabolism","",1
MAR07271,"N-glycan metabolism","",1
MAR07274,"N-glycan metabolism","",1
MAR07275,"N-glycan metabolism","",1
MAR07276,"N-glycan metabolism","",1
MAR07277,"N-glycan metabolism","",1
MAR07278,"N-glycan metabolism","",1
MAR07279,"N-glycan metabolism","",1
MAR07280,"N-glycan metabolism","",1
MAR07281,"N-glycan metabolism","",1
MAR07285,"N-glycan metabolism","",1
MAR07286,"N-glycan metabolism","",1
MAR07287,"N-glycan metabolism","",1
MAR07288,"N-glycan metabolism","",0
MAR07289,"N-glycan metabolism","",1
MAR07290,"N-glycan metabolism","",0
MAR07291,"N-glycan metabolism","",1
MAR07292,"N-glycan metabolism","",0
MAR07293,"N-glycan metabolism","",1
MAR07294,"Transport reactions","",0
MAR07295,"Transport reactions","",0
MAR07296,"Transport reactions","",0
MAR07297,"Transport reactions","",0
MAR07298,"Transport reactions","",0
MAR07299,"Transport reactions","",0
MAR07300,"Transport reactions","",0
MAR07301,"N-glycan metabolism","",0
MAR07302,"N-glycan metabolism","",0
MAR07303,"N-glycan metabolism","",0
MAR07304,"N-glycan metabolism","",0
MAR07305,"N-glycan metabolism","",0
MAR07306,"N-glycan metabolism","",0
MAR07308,"N-glycan metabolism","",1
MAR07309,"N-glycan metabolism","",1
MAR07310,"N-glycan metabolism","",1
MAR07311,"N-glycan metabolism","",1
MAR07312,"N-glycan metabolism","",1
MAR07313,"N-glycan metabolism","",1
MAR07314,"N-glycan metabolism","",1
MAR07315,"N-glycan metabolism","",1
MAR07316,"N-glycan metabolism","",1
MAR07317,"N-glycan metabolism","",1
MAR07318,"N-glycan metabolism","",1
MAR07319,"N-glycan metabolism","",1
MAR07320,"N-glycan metabolism","",1
MAR07321,"N-glycan metabolism","",1
MAR07322,"N-glycan metabolism","",1
MAR07323,"N-glycan metabolism","",1
MAR07324,"N-glycan metabolism","",1
MAR07325,"N-glycan metabolism","",1
MAR07326,"N-glycan metabolism","",1
MAR07327,"N-glycan metabolism","",1
MAR07328,"N-glycan metabolism","",1
MAR07329,"N-glycan metabolism","",1
MAR07332,"N-glycan metabolism","",1
MAR07333,"N-glycan metabolism","",1
MAR07334,"N-glycan metabolism","",1
MAR07428,"N-glycan metabolism","",1
MAR07429,"N-glycan metabolism","",1
MAR07574,"N-glycan metabolism","",1
MAR07575,"N-glycan metabolism","",1
MAR07576,"N-glycan metabolism","",1
MAR07577,"N-glycan metabolism","",1
MAR07578,"N-glycan metabolism","",1
MAR07580,"N-glycan metabolism","",1
MAR07582,"N-glycan metabolism","",1
MAR07585,"N-glycan metabolism","",1
MAR07586,"N-glycan metabolism","",1
MAR07587,"N-glycan metabolism","",1
MAR08691,"N-glycan metabolism","",1
MAR08692,"N-glycan metabolism","",0
MAR08693,"N-glycan metabolism","",1
MAR08694,"N-glycan metabolism","",1
MAR08695,"N-glycan metabolism","",0
MAR05151,"Protein assembly","",1
MAR05152,"Protein assembly","",1
MAR05153,"Protein assembly","",1
MAR05154,"Protein assembly","",1
MAR05155,"Protein assembly","",0
MAR05156,"Protein assembly","",0
MAR05157,"Protein assembly","",1
MAR05158,"Protein assembly","",1
MAR05160,"Protein assembly","",1
MAR05161,"Protein assembly","",0
MAR05162,"Protein assembly","",1
MAR05163,"Protein assembly","",1
MAR05164,"Protein assembly","",1
MAR05165,"Protein assembly","",1
MAR05166,"Protein assembly","",1
MAR05167,"Protein assembly","",0
MAR05168,"Protein assembly","",0
MAR05169,"Protein assembly","",0
MAR05170,"Protein assembly","",0
MAR05171,"Protein assembly","",0
MAR05172,"Protein assembly","",0
MAR05173,"Protein assembly","",0
MAR05174,"Protein assembly","",0
MAR07282,"Protein modification","",0
MAR07616,"Protein modification","",0
MAR07619,"Protein modification","",1
MAR09735,"Protein modification","",0
MAR07621,"Protein modification","",0
MAR07622,"Protein modification","",1
MAR07624,"Protein modification","",1
MAR07626,"Protein modification","",1
MAR05258,"Protein degradation","",1
MAR05259,"Protein degradation","",1
MAR05260,"Protein degradation","",0
MAR05261,"Protein degradation","",1
MAR05262,"Protein degradation","",0
MAR05263,"Protein degradation","",1
MAR05264,"Protein degradation","",0
MAR05265,"Protein degradation","",1
MAR05266,"Protein degradation","",0
MAR05267,"Protein degradation","",0
MAR05268,"Protein degradation","",0
MAR05269,"Protein degradation","",0
MAR05270,"Protein degradation","",0
MAR05271,"Protein degradation","",0
MAR05272,"Protein degradation","",1
MAR05273,"Protein degradation","",0
MAR05274,"Protein degradation","",1
MAR05275,"Protein degradation","",0
MAR05276,"Protein degradation","",1
MAR05277,"Protein degradation","",0
MAR05278,"Protein degradation","",1
MAR05279,"Protein degradation","",0
MAR05280,"Protein degradation","",1
MAR05281,"Protein degradation","",0
MAR05282,"Protein degradation","",1
MAR05283,"Protein degradation","",0
MAR05284,"Protein degradation","",1
MAR05285,"Protein degradation","",1
MAR05286,"Protein degradation","",1
MAR05287,"Protein degradation","",1
MAR05288,"Protein degradation","",1
MAR05289,"Protein degradation","",1
MAR05290,"Protein degradation","",1
MAR05291,"Protein degradation","",0
MAR09817,"Protein degradation","",0
MAR09818,"Protein degradation","",0
MAR05407,"Miscellaneous","",1
MAR03851,"Sulfur metabolism","",0
MAR03861,"Sulfur metabolism","",1
MAR03866,"Sulfur metabolism","",0
MAR03915,"Sulfur metabolism","",1
MAR04084,"Sulfur metabolism","",1
MAR04187,"Sulfur metabolism","",1
MAR04188,"Sulfur metabolism","",0
MAR04701,"Sulfur metabolism","",1
MAR04840,"Sulfur metabolism","",1
MAR04842,"Sulfur metabolism","",1
MAR08662,"C5-branched dibasic acid metabolism","",1
MAR08663,"C5-branched dibasic acid metabolism","",1
MAR08664,"C5-branched dibasic acid metabolism","",0
MAR08665,"C5-branched dibasic acid metabolism","",0
MAR08666,"C5-branched dibasic acid metabolism","",0
MAR08667,"C5-branched dibasic acid metabolism","",1
MAR08668,"C5-branched dibasic acid metabolism","",1
MAR08669,"C5-branched dibasic acid metabolism","",0
MAR00710,"Tricarboxylic acid cycle and glyoxylate/dicarboxylate metabolism","",1
MAR03787,"Tricarboxylic acid cycle and glyoxylate/dicarboxylate metabolism","",1
MAR03957,"Tricarboxylic acid cycle and glyoxylate/dicarboxylate metabolism","",1
MAR03958,"Tricarboxylic acid cycle and glyoxylate/dicarboxylate metabolism","",1
MAR04111,"Tricarboxylic acid cycle and glyoxylate/dicarboxylate metabolism","",1
MAR04112,"Tricarboxylic acid cycle and glyoxylate/dicarboxylate metabolism","",1
MAR04113,"Tricarboxylic acid cycle and glyoxylate/dicarboxylate metabolism","",1
MAR04139,"Tricarboxylic acid cycle and glyoxylate/dicarboxylate metabolism","",1
MAR04141,"Tricarboxylic acid cycle and glyoxylate/dicarboxylate metabolism","",1
MAR04145,"Tricarboxylic acid cycle and glyoxylate/dicarboxylate metabolism","",1
MAR04147,"Tricarboxylic acid cycle and glyoxylate/dicarboxylate metabolism","",1
MAR04149,"Tricarboxylic acid cycle and glyoxylate/dicarboxylate metabolism","",1
MAR04152,"Tricarboxylic acid cycle and glyoxylate/dicarboxylate metabolism","",1
MAR04209,"Tricarboxylic acid cycle and glyoxylate/dicarboxylate metabolism","",1
MAR04408,"Tricarboxylic acid cycle and glyoxylate/dicarboxylate metabolism","",1
MAR04410,"Tricarboxylic acid cycle and glyoxylate/dicarboxylate metabolism","",1
MAR04454,"Tricarboxylic acid cycle and glyoxylate/dicarboxylate metabolism","",1
MAR04456,"Tricarboxylic acid cycle and glyoxylate/dicarboxylate metabolism","",1
MAR04458,"Tricarboxylic acid cycle and glyoxylate/dicarboxylate metabolism","",1
MAR04465,"Tricarboxylic acid cycle and glyoxylate/dicarboxylate metabolism","",1
MAR04585,"Tricarboxylic acid cycle and glyoxylate/dicarboxylate metabolism","",1
MAR04586,"Tricarboxylic acid cycle and glyoxylate/dicarboxylate metabolism","",1
MAR04587,"Tricarboxylic acid cycle and glyoxylate/dicarboxylate metabolism","",1
MAR04588,"Tricarboxylic acid cycle and glyoxylate/dicarboxylate metabolism","",1
MAR04589,"Tricarboxylic acid cycle and glyoxylate/dicarboxylate metabolism","",1
MAR04652,"Tricarboxylic acid cycle and glyoxylate/dicarboxylate metabolism","",1
MAR05294,"Tricarboxylic acid cycle and glyoxylate/dicarboxylate metabolism","",1
MAR05297,"Tricarboxylic acid cycle and glyoxylate/dicarboxylate metabolism","",1
MAR06411,"Tricarboxylic acid cycle and glyoxylate/dicarboxylate metabolism","",1
MAR06413,"Tricarboxylic acid cycle and glyoxylate/dicarboxylate metabolism","",1
MAR06414,"Tricarboxylic acid cycle and glyoxylate/dicarboxylate metabolism","",1
MAR07704,"Tricarboxylic acid cycle and glyoxylate/dicarboxylate metabolism","",1
MAR07706,"Tricarboxylic acid cycle and glyoxylate/dicarboxylate metabolism","",1
MAR08743,"Tricarboxylic acid cycle and glyoxylate/dicarboxylate metabolism","",1
MAR08772,"Tricarboxylic acid cycle and glyoxylate/dicarboxylate metabolism","",1
MAR08773,"Tricarboxylic acid cycle and glyoxylate/dicarboxylate metabolism","",1
MAR08774,"Tricarboxylic acid cycle and glyoxylate/dicarboxylate metabolism","",0
MAR08775,"Tricarboxylic acid cycle and glyoxylate/dicarboxylate metabolism","",1
MAR08777,"Tricarboxylic acid cycle and glyoxylate/dicarboxylate metabolism","",0
MAR08778,"Tricarboxylic acid cycle and glyoxylate/dicarboxylate metabolism","",1
MAR08779,"Tricarboxylic acid cycle and glyoxylate/dicarboxylate metabolism","",1
MAR08780,"Tricarboxylic acid cycle and glyoxylate/dicarboxylate metabolism","",1
MAR08781,"Tricarboxylic acid cycle and glyoxylate/dicarboxylate metabolism","",0
MAR08782,"Tricarboxylic acid cycle and glyoxylate/dicarboxylate metabolism","",1
MAR03975,"Oxidative phosphorylation","",1
MAR03977,"Oxidative phosphorylation","",1
MAR03979,"Oxidative phosphorylation","",1
MAR06911,"Oxidative phosphorylation","",1
MAR06912,"Oxidative phosphorylation","",1
MAR06914,"Oxidative phosphorylation","",1
MAR06916,"Oxidative phosphorylation","",1
MAR06918,"Oxidative phosphorylation","",1
MAR06921,"Oxidative phosphorylation","",1
MAR03960,"ROS detoxification","",1
MAR03980,"ROS detoxification","",1
MAR03982,"ROS detoxification","",1
MAR04767,"ROS detoxification","",0
MAR06608,"ROS detoxification","",0
MAR08409,"ROS detoxification","",1
MAR08410,"ROS detoxification","",1
MAR08413,"ROS detoxification","",1
MAR08415,"ROS detoxification","",1
MAR00156,"Fatty acid activation (cytosolic)","",1
MAR00165,"Fatty acid activation (cytosolic)","",1
MAR00168,"Fatty acid activation (cytosolic)","",1
MAR00171,"Fatty acid activation (cytosolic)","",1
MAR00174,"Fatty acid activation (cytosolic)","",1
MAR00177,"Fatty acid activation (cytosolic)","",1
MAR00180,"Fatty acid activation (cytosolic)","",1
MAR00184,"Fatty acid activation (cytosolic)","",1
MAR00188,"Fatty acid activation (cytosolic)","",1
MAR00192,"Fatty acid activation (cytosolic)","",1
MAR00196,"Fatty acid activation (cytosolic)","",1
MAR00200,"Fatty acid activation (cytosolic)","",1
MAR00204,"Fatty acid activation (cytosolic)","",1
MAR00209,"Fatty acid activation (cytosolic)","",1
MAR00213,"Fatty acid activation (cytosolic)","",1
MAR00217,"Fatty acid activation (cytosolic)","",1
MAR00226,"Fatty acid activation (cytosolic)","",1
MAR00233,"Fatty acid activation (cytosolic)","",1
MAR00237,"Fatty acid activation (cytosolic)","",1
MAR00241,"Fatty acid activation (cytosolic)","",1
MAR00245,"Fatty acid activation (cytosolic)","",1
MAR00249,"Fatty acid activation (cytosolic)","",1
MAR00255,"Fatty acid activation (cytosolic)","",1
MAR00259,"Fatty acid activation (cytosolic)","",1
MAR00263,"Fatty acid activation (cytosolic)","",1
MAR00267,"Fatty acid activation (cytosolic)","",1
MAR00271,"Fatty acid activation (cytosolic)","",1
MAR00275,"Fatty acid activation (cytosolic)","",1
MAR00279,"Fatty acid activation (cytosolic)","",1
MAR00283,"Fatty acid activation (cytosolic)","",1
MAR00289,"Fatty acid activation (cytosolic)","",1
MAR00293,"Fatty acid activation (cytosolic)","",1
MAR00297,"Fatty acid activation (cytosolic)","",1
MAR00301,"Fatty acid activation (cytosolic)","",1
MAR00305,"Fatty acid activation (cytosolic)","",1
MAR00309,"Fatty acid activation (cytosolic)","",1
MAR00313,"Fatty acid activation (cytosolic)","",1
MAR00319,"Fatty acid activation (cytosolic)","",1
MAR00323,"Fatty acid activation (cytosolic)","",1
MAR00327,"Fatty acid activation (cytosolic)","",1
MAR00331,"Fatty acid activation (cytosolic)","",1
MAR00337,"Fatty acid activation (cytosolic)","",1
MAR00341,"Fatty acid activation (cytosolic)","",1
MAR00345,"Fatty acid activation (cytosolic)","",1
MAR00349,"Fatty acid activation (cytosolic)","",1
MAR00353,"Fatty acid activation (cytosolic)","",1
MAR00357,"Fatty acid activation (cytosolic)","",1
MAR00361,"Fatty acid activation (cytosolic)","",1
MAR00365,"Fatty acid activation (cytosolic)","",1
MAR00369,"Fatty acid activation (cytosolic)","",1
MAR00373,"Fatty acid activation (cytosolic)","",1
MAR00377,"Fatty acid activation (cytosolic)","",1
MAR00381,"Fatty acid activation (cytosolic)","",1
MAR00385,"Fatty acid activation (cytosolic)","",1
MAR00389,"Fatty acid activation (cytosolic)","",1
MAR00393,"Fatty acid activation (cytosolic)","",1
MAR00397,"Fatty acid activation (cytosolic)","",1
MAR00401,"Fatty acid activation (cytosolic)","",1
MAR00405,"Fatty acid activation (cytosolic)","",1
MAR00409,"Fatty acid activation (cytosolic)","",1
MAR00413,"Fatty acid activation (cytosolic)","",1
MAR00417,"Fatty acid activation (cytosolic)","",1
MAR00421,"Fatty acid activation (cytosolic)","",1
MAR00425,"Fatty acid activation (cytosolic)","",1
MAR00429,"Fatty acid activation (cytosolic)","",1
MAR00433,"Fatty acid activation (cytosolic)","",1
MAR00437,"Fatty acid activation (cytosolic)","",1
MAR02942,"Fatty acid activation (endoplasmic reticular)","",1
MAR02943,"Fatty acid activation (endoplasmic reticular)","",1
MAR02944,"Fatty acid activation (endoplasmic reticular)","",1
MAR02945,"Fatty acid activation (endoplasmic reticular)","",1
MAR02946,"Fatty acid activation (endoplasmic reticular)","",1
MAR02947,"Fatty acid activation (endoplasmic reticular)","",1
MAR02948,"Fatty acid activation (endoplasmic reticular)","",1
MAR02949,"Fatty acid activation (endoplasmic reticular)","",1
MAR02951,"Fatty acid activation (endoplasmic reticular)","",1
MAR02952,"Fatty acid activation (endoplasmic reticular)","",1
MAR02954,"Fatty acid activation (endoplasmic reticular)","",1
MAR02955,"Fatty acid activation (endoplasmic reticular)","",1
MAR02956,"Fatty acid activation (endoplasmic reticular)","",1
MAR02957,"Fatty acid activation (endoplasmic reticular)","",1
MAR02959,"Fatty acid activation (endoplasmic reticular)","",1
MAR02961,"Fatty acid activation (endoplasmic reticular)","",1
MAR02962,"Fatty acid activation (endoplasmic reticular)","",1
MAR02963,"Fatty acid activation (endoplasmic reticular)","",1
MAR02964,"Fatty acid activation (endoplasmic reticular)","",1
MAR02965,"Fatty acid activation (endoplasmic reticular)","",1
MAR02966,"Fatty acid activation (endoplasmic reticular)","",1
MAR02967,"Fatty acid activation (endoplasmic reticular)","",1
MAR02968,"Fatty acid activation (endoplasmic reticular)","",1
MAR02969,"Fatty acid activation (endoplasmic reticular)","",1
MAR02970,"Fatty acid activation (endoplasmic reticular)","",1
MAR02971,"Fatty acid activation (endoplasmic reticular)","",1
MAR02972,"Fatty acid activation (endoplasmic reticular)","",1
MAR02973,"Fatty acid activation (endoplasmic reticular)","",1
MAR02974,"Fatty acid activation (endoplasmic reticular)","",1
MAR02975,"Fatty acid activation (endoplasmic reticular)","",1
MAR02976,"Fatty acid activation (endoplasmic reticular)","",1
MAR02977,"Fatty acid activation (endoplasmic reticular)","",1
MAR02978,"Fatty acid activation (endoplasmic reticular)","",1
MAR02979,"Fatty acid activation (endoplasmic reticular)","",1
MAR02980,"Fatty acid activation (endoplasmic reticular)","",1
MAR02981,"Fatty acid activation (endoplasmic reticular)","",1
MAR02982,"Fatty acid activation (endoplasmic reticular)","",1
MAR02983,"Fatty acid activation (endoplasmic reticular)","",1
MAR02984,"Fatty acid activation (endoplasmic reticular)","",1
MAR02985,"Fatty acid activation (endoplasmic reticular)","",1
MAR02986,"Fatty acid activation (endoplasmic reticular)","",1
MAR02987,"Fatty acid activation (endoplasmic reticular)","",1
MAR02988,"Fatty acid activation (endoplasmic reticular)","",1
MAR02989,"Fatty acid activation (endoplasmic reticular)","",1
MAR02990,"Fatty acid activation (endoplasmic reticular)","",1
MAR02991,"Fatty acid activation (endoplasmic reticular)","",1
MAR02992,"Fatty acid activation (endoplasmic reticular)","",1
MAR02994,"Fatty acid activation (endoplasmic reticular)","",1
MAR02996,"Fatty acid activation (endoplasmic reticular)","",1
MAR02998,"Fatty acid activation (endoplasmic reticular)","",1
MAR02999,"Fatty acid activation (endoplasmic reticular)","",1
MAR03000,"Fatty acid activation (endoplasmic reticular)","",1
MAR03001,"Fatty acid activation (endoplasmic reticular)","",1
MAR03002,"Fatty acid activation (endoplasmic reticular)","",1
MAR03003,"Fatty acid activation (endoplasmic reticular)","",1
MAR02152,"Fatty acid biosynthesis (even-chain)","",1
MAR02153,"Fatty acid biosynthesis (even-chain)","",1
MAR02154,"Fatty acid biosynthesis (even-chain)","",1
MAR02155,"Fatty acid biosynthesis (even-chain)","",1
MAR02156,"Fatty acid biosynthesis (even-chain)","",1
MAR02157,"Fatty acid biosynthesis (even-chain)","",1
MAR02158,"Fatty acid biosynthesis (even-chain)","",1
MAR02159,"Fatty acid biosynthesis (even-chain)","",1
MAR02160,"Fatty acid biosynthesis (even-chain)","",1
MAR02161,"Fatty acid biosynthesis (even-chain)","",1
MAR02162,"Fatty acid biosynthesis (even-chain)","",1
MAR02163,"Fatty acid biosynthesis (even-chain)","",1
MAR02164,"Fatty acid biosynthesis (even-chain)","",1
MAR02165,"Fatty acid biosynthesis (even-chain)","",1
MAR02166,"Fatty acid biosynthesis (even-chain)","",1
MAR02167,"Fatty acid biosynthesis (even-chain)","",1
MAR02168,"Fatty acid biosynthesis (even-chain)","",1
MAR02169,"Fatty acid biosynthesis (even-chain)","",1
MAR02170,"Fatty acid biosynthesis (even-chain)","",1
MAR02171,"Fatty acid biosynthesis (even-chain)","",1
MAR02173,"Fatty acid biosynthesis (even-chain)","",1
MAR02174,"Fatty acid biosynthesis (even-chain)","",1
MAR02175,"Fatty acid biosynthesis (even-chain)","",1
MAR02176,"Fatty acid biosynthesis (even-chain)","",1
MAR02178,"Fatty acid biosynthesis (even-chain)","",1
MAR02179,"Fatty acid biosynthesis (even-chain)","",1
MAR02180,"Fatty acid biosynthesis (even-chain)","",1
MAR02181,"Fatty acid biosynthesis (even-chain)","",1
MAR04156,"Fatty acid biosynthesis (even-chain)","",1
MAR04295,"Fatty acid biosynthesis (even-chain)","",1
MAR02227,"Fatty acid biosynthesis (odd-chain)","",1
MAR02228,"Fatty acid biosynthesis (odd-chain)","",1
MAR02229,"Fatty acid biosynthesis (odd-chain)","",1
MAR02230,"Fatty acid biosynthesis (odd-chain)","",1
MAR02231,"Fatty acid biosynthesis (odd-chain)","",1
MAR02232,"Fatty acid biosynthesis (odd-chain)","",1
MAR02233,"Fatty acid biosynthesis (odd-chain)","",1
MAR02234,"Fatty acid biosynthesis (odd-chain)","",1
MAR02235,"Fatty acid biosynthesis (odd-chain)","",1
MAR02236,"Fatty acid biosynthesis (odd-chain)","",1
MAR02237,"Fatty acid biosynthesis (odd-chain)","",1
MAR02238,"Fatty acid biosynthesis (odd-chain)","",1
MAR02239,"Fatty acid biosynthesis (odd-chain)","",1
MAR02240,"Fatty acid biosynthesis (odd-chain)","",1
MAR02241,"Fatty acid biosynthesis (odd-chain)","",1
MAR02242,"Fatty acid biosynthesis (odd-chain)","",1
MAR02243,"Fatty acid biosynthesis (odd-chain)","",1
MAR02244,"Fatty acid biosynthesis (odd-chain)","",1
MAR02245,"Fatty acid biosynthesis (odd-chain)","",1
MAR02246,"Fatty acid biosynthesis (odd-chain)","",1
MAR02247,"Fatty acid biosynthesis (odd-chain)","",1
MAR02249,"Fatty acid biosynthesis (odd-chain)","",1
MAR02250,"Fatty acid biosynthesis (odd-chain)","",1
MAR02251,"Fatty acid biosynthesis (odd-chain)","",1
MAR02252,"Fatty acid biosynthesis (odd-chain)","",1
MAR02254,"Fatty acid biosynthesis (odd-chain)","",1
MAR02255,"Fatty acid biosynthesis (odd-chain)","",1
MAR02256,"Fatty acid biosynthesis (odd-chain)","",1
MAR02257,"Fatty acid biosynthesis (odd-chain)","",1
MAR02305,"Fatty acid biosynthesis (unsaturated)","",1
MAR02307,"Fatty acid biosynthesis (unsaturated)","",1
MAR02309,"Fatty acid biosynthesis (unsaturated)","",1
MAR02311,"Fatty acid biosynthesis (unsaturated)","",1
MAR02315,"Fatty acid biosynthesis (unsaturated)","",1
MAR02317,"Fatty acid biosynthesis (unsaturated)","",1
MAR02319,"Fatty acid biosynthesis (unsaturated)","",1
MAR02321,"Fatty acid biosynthesis (unsaturated)","",1
MAR02324,"Fatty acid biosynthesis (unsaturated)","",1
MAR02326,"Fatty acid biosynthesis (unsaturated)","",1
MAR02328,"Fatty acid biosynthesis (unsaturated)","",1
MAR02330,"Fatty acid biosynthesis (unsaturated)","",1
MAR02332,"Fatty acid biosynthesis (unsaturated)","",1
MAR02334,"Fatty acid biosynthesis (unsaturated)","",1
MAR02336,"Fatty acid biosynthesis (unsaturated)","",1
MAR02338,"Fatty acid biosynthesis (unsaturated)","",1
MAR02342,"Fatty acid biosynthesis (unsaturated)","",1
MAR02343,"Fatty acid biosynthesis (unsaturated)","",1
MAR02344,"Fatty acid biosynthesis (unsaturated)","",1
MAR02345,"Fatty acid biosynthesis (unsaturated)","",1
MAR02347,"Fatty acid biosynthesis (unsaturated)","",1
MAR02348,"Fatty acid biosynthesis (unsaturated)","",1
MAR02349,"Fatty acid biosynthesis (unsaturated)","",1
MAR02350,"Fatty acid biosynthesis (unsaturated)","",1
MAR02353,"Fatty acid biosynthesis (unsaturated)","",1
MAR02354,"Fatty acid biosynthesis (unsaturated)","",1
MAR02355,"Fatty acid biosynthesis (unsaturated)","",1
MAR02356,"Fatty acid biosynthesis (unsaturated)","",1
MAR02361,"Fatty acid biosynthesis (unsaturated)","",1
MAR02362,"Fatty acid biosynthesis (unsaturated)","",1
MAR02363,"Fatty acid biosynthesis (unsaturated)","",1
MAR02364,"Fatty acid biosynthesis (unsaturated)","",1
MAR02190,"Fatty acid elongation (even-chain)","",1
MAR02191,"Fatty acid elongation (even-chain)","",1
MAR02193,"Fatty acid elongation (even-chain)","",1
MAR02194,"Fatty acid elongation (even-chain)","",1
MAR02201,"Fatty acid elongation (even-chain)","",1
MAR02202,"Fatty acid elongation (even-chain)","",1
MAR02203,"Fatty acid elongation (even-chain)","",1
MAR02204,"Fatty acid elongation (even-chain)","",1
MAR02205,"Fatty acid elongation (even-chain)","",1
MAR02208,"Fatty acid elongation (even-chain)","",1
MAR02209,"Fatty acid elongation (even-chain)","",1
MAR02210,"Fatty acid elongation (even-chain)","",1
MAR02211,"Fatty acid elongation (even-chain)","",1
MAR02212,"Fatty acid elongation (even-chain)","",1
MAR02213,"Fatty acid elongation (even-chain)","",1
MAR02214,"Fatty acid elongation (even-chain)","",1
MAR02215,"Fatty acid elongation (even-chain)","",1
MAR02217,"Fatty acid elongation (even-chain)","",1
MAR02218,"Fatty acid elongation (even-chain)","",1
MAR02219,"Fatty acid elongation (even-chain)","",1
MAR02259,"Fatty acid elongation (odd-chain)","",1
MAR02260,"Fatty acid elongation (odd-chain)","",1
MAR02261,"Fatty acid elongation (odd-chain)","",1
MAR02262,"Fatty acid elongation (odd-chain)","",1
MAR02263,"Fatty acid elongation (odd-chain)","",1
MAR02264,"Fatty acid elongation (odd-chain)","",1
MAR02265,"Fatty acid elongation (odd-chain)","",1
MAR02266,"Fatty acid elongation (odd-chain)","",1
MAR02267,"Fatty acid elongation (odd-chain)","",1
MAR02268,"Fatty acid elongation (odd-chain)","",1
MAR02269,"Fatty acid elongation (odd-chain)","",1
MAR02270,"Fatty acid elongation (odd-chain)","",1
MAR02281,"Fatty acid desaturation (even-chain)","",1
MAR02282,"Fatty acid desaturation (even-chain)","",1
MAR02284,"Fatty acid desaturation (even-chain)","",1
MAR02286,"Fatty acid desaturation (even-chain)","",1
MAR02287,"Fatty acid desaturation (even-chain)","",1
MAR02292,"Fatty acid desaturation (even-chain)","",1
MAR02293,"Fatty acid desaturation (even-chain)","",1
MAR02294,"Fatty acid desaturation (even-chain)","",1
MAR02295,"Fatty acid desaturation (even-chain)","",1
MAR02296,"Fatty acid desaturation (even-chain)","",1
MAR02359,"Fatty acid desaturation (even-chain)","",1
MAR02365,"Fatty acid desaturation (even-chain)","",1
MAR02288,"Fatty acid desaturation (odd-chain)","",1
MAR02289,"Fatty acid desaturation (odd-chain)","",1
MAR00709,"Fatty acid biosynthesis","",1
MAR02150,"Fatty acid biosynthesis","",1
MAR02151,"Fatty acid biosynthesis","",1
MAR02172,"Fatty acid biosynthesis","",1
MAR02177,"Fatty acid biosynthesis","",1
MAR02182,"Fatty acid biosynthesis","",1
MAR02248,"Fatty acid biosynthesis","",1
MAR02253,"Fatty acid biosynthesis","",1
MAR02258,"Fatty acid biosynthesis","",1
MAR02437,"Linoleate metabolism","",0
MAR02438,"Linoleate metabolism","",1
MAR02439,"Linoleate metabolism","",0
MAR02440,"Linoleate metabolism","",1
MAR02441,"Linoleate metabolism","",1
MAR02442,"Linoleate metabolism","",0
MAR02443,"Linoleate metabolism","",0
MAR02444,"Linoleate metabolism","",0
MAR02445,"Linoleate metabolism","",0
MAR02446,"Linoleate metabolism","",0
MAR02447,"Linoleate metabolism","",0
MAR02448,"Linoleate metabolism","",0
MAR02449,"Linoleate metabolism","",0
MAR02450,"Linoleate metabolism","",0
MAR02451,"Linoleate metabolism","",0
MAR02452,"Linoleate metabolism","",0
MAR02453,"Linoleate metabolism","",0
MAR02454,"Linoleate metabolism","",0
MAR02455,"Linoleate metabolism","",1
MAR02456,"Linoleate metabolism","",1
MAR02457,"Linoleate metabolism","",1
MAR02458,"Linoleate metabolism","",1
MAR02459,"Linoleate metabolism","",1
MAR02460,"Linoleate metabolism","",1
MAR02461,"Linoleate metabolism","",1
MAR02462,"Linoleate metabolism","",1
MAR02463,"Linoleate metabolism","",1
MAR02464,"Linoleate metabolism","",1
MAR02465,"Linoleate metabolism","",1
MAR02466,"Linoleate metabolism","",1
MAR02467,"Linoleate metabolism","",1
MAR02468,"Linoleate metabolism","",1
MAR02469,"Linoleate metabolism","",1
MAR02470,"Linoleate metabolism","",1
MAR06397,"Lipoic acid metabolism","",1
MAR06398,"Lipoic acid metabolism","",1
MAR06399,"Lipoic acid metabolism","",1
MAR06400,"Lipoic acid metabolism","",1
MAR06401,"Lipoic acid metabolism","",1
MAR06402,"Lipoic acid metabolism","",1
MAR06403,"Lipoic acid metabolism","",1
MAR06404,"Lipoic acid metabolism","",1
MAR02472,"Omega-3 fatty acid metabolism","",1
MAR02475,"Omega-3 fatty acid metabolism","",1
MAR02478,"Omega-3 fatty acid metabolism","",1
MAR02480,"Omega-3 fatty acid metabolism","",1
MAR02482,"Omega-3 fatty acid metabolism","",1
MAR02484,"Omega-3 fatty acid metabolism","",1
MAR02486,"Omega-3 fatty acid metabolism","",1
MAR02489,"Omega-3 fatty acid metabolism","",1
MAR02491,"Omega-3 fatty acid metabolism","",1
MAR02493,"Omega-3 fatty acid metabolism","",1
MAR02495,"Omega-3 fatty acid metabolism","",0
MAR02497,"Omega-3 fatty acid metabolism","",1
MAR02499,"Omega-3 fatty acid metabolism","",1
MAR02501,"Omega-3 fatty acid metabolism","",1
MAR02503,"Omega-3 fatty acid metabolism","",1
MAR02505,"Omega-3 fatty acid metabolism","",1
MAR02510,"Omega-3 fatty acid metabolism","",1
MAR02511,"Omega-3 fatty acid metabolism","",1
MAR02512,"Omega-3 fatty acid metabolism","",1
MAR02513,"Omega-3 fatty acid metabolism","",1
MAR02514,"Transport reactions","",0
MAR02515,"Omega-3 fatty acid metabolism","",1
MAR02516,"Omega-3 fatty acid metabolism","",1
MAR02518,"Omega-3 fatty acid metabolism","",1
MAR02520,"Omega-3 fatty acid metabolism","",1
MAR02522,"Omega-3 fatty acid metabolism","",1
MAR02524,"Omega-3 fatty acid metabolism","",1
MAR02526,"Omega-3 fatty acid metabolism","",1
MAR02528,"Omega-3 fatty acid metabolism","",1
MAR02530,"Omega-3 fatty acid metabolism","",1
MAR02533,"Omega-3 fatty acid metabolism","",1
MAR02535,"Omega-3 fatty acid metabolism","",1
MAR02537,"Omega-3 fatty acid metabolism","",1
MAR02540,"Omega-3 fatty acid metabolism","",1
MAR02541,"Omega-3 fatty acid metabolism","",1
MAR02542,"Omega-3 fatty acid metabolism","",1
MAR02543,"Omega-3 fatty acid metabolism","",1
MAR02544,"Omega-3 fatty acid metabolism","",1
MAR02545,"Omega-3 fatty acid metabolism","",0
MAR02546,"Omega-3 fatty acid metabolism","",1
MAR02548,"Omega-3 fatty acid metabolism","",1
MAR02549,"Omega-3 fatty acid metabolism","",0
MAR02550,"Omega-3 fatty acid metabolism","",0
MAR02551,"Omega-3 fatty acid metabolism","",1
MAR02552,"Omega-3 fatty acid metabolism","",1
MAR02553,"Omega-3 fatty acid metabolism","",1
MAR02555,"Omega-3 fatty acid metabolism","",1
MAR02556,"Omega-3 fatty acid metabolism","",1
MAR02557,"Omega-3 fatty acid metabolism","",1
MAR02558,"Omega-3 fatty acid metabolism","",0
MAR02559,"Omega-3 fatty acid metabolism","",0
MAR02560,"Omega-3 fatty acid metabolism","",0
MAR02561,"Omega-3 fatty acid metabolism","",1
MAR02562,"Omega-3 fatty acid metabolism","",1
MAR02563,"Omega-3 fatty acid metabolism","",1
MAR02565,"Omega-3 fatty acid metabolism","",1
MAR02566,"Omega-3 fatty acid metabolism","",1
MAR02567,"Omega-3 fatty acid metabolism","",0
MAR02568,"Omega-3 fatty acid metabolism","",1
MAR02570,"Omega-3 fatty acid metabolism","",1
MAR02571,"Omega-3 fatty acid metabolism","",0
MAR02572,"Omega-3 fatty acid metabolism","",1
MAR02573,"Omega-3 fatty acid metabolism","",1
MAR02574,"Omega-3 fatty acid metabolism","",1
MAR02576,"Omega-3 fatty acid metabolism","",1
MAR02577,"Omega-3 fatty acid metabolism","",0
MAR02578,"Omega-3 fatty acid metabolism","",1
MAR02579,"Omega-3 fatty acid metabolism","",1
MAR02580,"Omega-3 fatty acid metabolism","",1
MAR02581,"Omega-3 fatty acid metabolism","",1
MAR02582,"Omega-3 fatty acid metabolism","",1
MAR02583,"Omega-3 fatty acid metabolism","",1
MAR02584,"Omega-3 fatty acid metabolism","",1
MAR02586,"Omega-3 fatty acid metabolism","",1
MAR02587,"Omega-3 fatty acid metabolism","",0
MAR02588,"Omega-3 fatty acid metabolism","",1
MAR02368,"Omega-6 fatty acid metabolism","",1
MAR02371,"Omega-6 fatty acid metabolism","",1
MAR02374,"Omega-6 fatty acid metabolism","",0
MAR02376,"Omega-6 fatty acid metabolism","",0
MAR02378,"Omega-6 fatty acid metabolism","",1
MAR02380,"Omega-6 fatty acid metabolism","",1
MAR02383,"Omega-6 fatty acid metabolism","",1
MAR02387,"Omega-6 fatty acid metabolism","",1
MAR02389,"Omega-6 fatty acid metabolism","",1
MAR02391,"Omega-6 fatty acid metabolism","",0
MAR02393,"Omega-6 fatty acid metabolism","",0
MAR02395,"Omega-6 fatty acid metabolism","",1
MAR02397,"Omega-6 fatty acid metabolism","",1
MAR02399,"Omega-6 fatty acid metabolism","",1
MAR02401,"Omega-6 fatty acid metabolism","",1
MAR02403,"Omega-6 fatty acid metabolism","",0
MAR02408,"Omega-6 fatty acid metabolism","",1
MAR02409,"Omega-6 fatty acid metabolism","",1
MAR02410,"Omega-6 fatty acid metabolism","",1
MAR02411,"Omega-6 fatty acid metabolism","",1
MAR02412,"Transport reactions","",0
MAR02415,"Omega-6 fatty acid metabolism","",1
MAR02417,"Omega-6 fatty acid metabolism","",1
MAR02419,"Omega-6 fatty acid metabolism","",1
MAR02421,"Omega-6 fatty acid metabolism","",1
MAR02423,"Omega-6 fatty acid metabolism","",1
MAR02426,"Omega-6 fatty acid metabolism","",1
MAR02428,"Omega-6 fatty acid metabolism","",1
MAR02430,"Omega-6 fatty acid metabolism","",1
MAR02433,"Omega-6 fatty acid metabolism","",1
MAR02434,"Omega-6 fatty acid metabolism","",1
MAR02435,"Omega-6 fatty acid metabolism","",1
MAR02436,"Omega-6 fatty acid metabolism","",1
MAR03444,"Omega-6 fatty acid metabolism","",1
MAR03445,"Omega-6 fatty acid metabolism","",1
MAR03446,"Omega-6 fatty acid metabolism","",1
MAR03447,"Omega-6 fatty acid metabolism","",1
MAR03448,"Omega-6 fatty acid metabolism","",1
MAR03449,"Omega-6 fatty acid metabolism","",1
MAR03450,"Omega-6 fatty acid metabolism","",1
MAR03452,"Omega-6 fatty acid metabolism","",1
MAR03453,"Omega-6 fatty acid metabolism","",1
MAR03454,"Omega-6 fatty acid metabolism","",1
MAR03455,"Omega-6 fatty acid metabolism","",1
MAR03456,"Omega-6 fatty acid metabolism","",1
MAR03457,"Omega-6 fatty acid metabolism","",1
MAR03458,"Omega-6 fatty acid metabolism","",1
MAR03459,"Omega-6 fatty acid metabolism","",1
MAR03460,"Omega-6 fatty acid metabolism","",1
MAR03461,"Omega-6 fatty acid metabolism","",1
MAR03462,"Omega-6 fatty acid metabolism","",1
MAR03463,"Omega-6 fatty acid metabolism","",1
MAR03464,"Omega-6 fatty acid metabolism","",1
MAR03466,"Omega-6 fatty acid metabolism","",1
MAR03467,"Omega-6 fatty acid metabolism","",1
MAR03468,"Omega-6 fatty acid metabolism","",1
MAR03469,"Omega-6 fatty acid metabolism","",1
MAR03470,"Omega-6 fatty acid metabolism","",1
MAR03471,"Omega-6 fatty acid metabolism","",1
MAR03472,"Omega-6 fatty acid metabolism","",1
MAR00931,"Arachidonic acid metabolism","",1
MAR00932,"Arachidonic acid metabolism","",1
MAR00933,"Arachidonic acid metabolism","",1
MAR00934,"Arachidonic acid metabolism","",1
MAR00935,"Arachidonic acid metabolism","",1
MAR00936,"Arachidonic acid metabolism","",1
MAR00937,"Arachidonic acid metabolism","",1
MAR00938,"Arachidonic acid metabolism","",1
MAR00939,"Arachidonic acid metabolism","",1
MAR00940,"Arachidonic acid metabolism","",1
MAR00941,"Arachidonic acid metabolism","",1
MAR00942,"Arachidonic acid metabolism","",1
MAR00943,"Arachidonic acid metabolism","",1
MAR00944,"Arachidonic acid metabolism","",1
MAR00945,"Arachidonic acid metabolism","",1
MAR00946,"Arachidonic acid metabolism","",1
MAR00947,"Arachidonic acid metabolism","",1
MAR00948,"Arachidonic acid metabolism","",1
MAR00949,"Arachidonic acid metabolism","",1
MAR00950,"Arachidonic acid metabolism","",1
MAR00951,"Arachidonic acid metabolism","",1
MAR00953,"Arachidonic acid metabolism","",1
MAR00954,"Arachidonic acid metabolism","",1
MAR00955,"Arachidonic acid metabolism","",1
MAR00956,"Arachidonic acid metabolism","",1
MAR00957,"Arachidonic acid metabolism","",1
MAR00958,"Arachidonic acid metabolism","",1
MAR00959,"Arachidonic acid metabolism","",1
MAR00960,"Arachidonic acid metabolism","",1
MAR00961,"Arachidonic acid metabolism","",1
MAR00963,"Arachidonic acid metabolism","",1
MAR00964,"Arachidonic acid metabolism","",1
MAR00967,"Arachidonic acid metabolism","",1
MAR00969,"Arachidonic acid metabolism","",1
MAR00971,"Arachidonic acid metabolism","",1
MAR00973,"Arachidonic acid metabolism","",1
MAR00976,"Arachidonic acid metabolism","",1
MAR00979,"Arachidonic acid metabolism","",0
MAR00980,"Arachidonic acid metabolism","",1
MAR00981,"Arachidonic acid metabolism","",1
MAR00983,"Arachidonic acid metabolism","",1
MAR00985,"Arachidonic acid metabolism","",1
MAR00986,"Arachidonic acid metabolism","",1
MAR00987,"Arachidonic acid metabolism","",1
MAR00988,"Arachidonic acid metabolism","",1
MAR00989,"Arachidonic acid metabolism","",0
MAR00990,"Arachidonic acid metabolism","",0
MAR00991,"Arachidonic acid metabolism","",1
MAR00992,"Arachidonic acid metabolism","",1
MAR00993,"Arachidonic acid metabolism","",1
MAR00994,"Arachidonic acid metabolism","",1
MAR00995,"Arachidonic acid metabolism","",1
MAR00996,"Arachidonic acid metabolism","",1
MAR00997,"Arachidonic acid metabolism","",1
MAR00998,"Arachidonic acid metabolism","",1
MAR00999,"Arachidonic acid metabolism","",1
MAR01000,"Arachidonic acid metabolism","",1
MAR01002,"Arachidonic acid metabolism","",1
MAR01003,"Arachidonic acid metabolism","",1
MAR01004,"Arachidonic acid metabolism","",1
MAR01006,"Arachidonic acid metabolism","",1
MAR01007,"Arachidonic acid metabolism","",1
MAR01008,"Arachidonic acid metabolism","",1
MAR01010,"Arachidonic acid metabolism","",1
MAR01011,"Arachidonic acid metabolism","",1
MAR01013,"Arachidonic acid metabolism","",1
MAR01014,"Arachidonic acid metabolism","",1
MAR01015,"Arachidonic acid metabolism","",1
MAR01016,"Arachidonic acid metabolism","",1
MAR01017,"Arachidonic acid metabolism","",1
MAR01018,"Arachidonic acid metabolism","",1
MAR01020,"Arachidonic acid metabolism","",1
MAR01021,"Arachidonic acid metabolism","",1
MAR01022,"Arachidonic acid metabolism","",1
MAR01023,"Arachidonic acid metabolism","",1
MAR01025,"Arachidonic acid metabolism","",1
MAR01026,"Arachidonic acid metabolism","",1
MAR01027,"Arachidonic acid metabolism","",1
MAR01028,"Arachidonic acid metabolism","",1
MAR01029,"Arachidonic acid metabolism","",1
MAR01030,"Arachidonic acid metabolism","",1
MAR01033,"Arachidonic acid metabolism","",1
MAR01034,"Arachidonic acid metabolism","",1
MAR01037,"Arachidonic acid metabolism","",1
MAR01039,"Arachidonic acid metabolism","",1
MAR01040,"Arachidonic acid metabolism","",0
MAR01041,"Arachidonic acid metabolism","",0
MAR01042,"Arachidonic acid metabolism","",0
MAR01043,"Arachidonic acid metabolism","",1
MAR01045,"Arachidonic acid metabolism","",1
MAR01048,"Arachidonic acid metabolism","",1
MAR01049,"Arachidonic acid metabolism","",1
MAR01050,"Arachidonic acid metabolism","",1
MAR01053,"Arachidonic acid metabolism","",1
MAR01054,"Arachidonic acid metabolism","",1
MAR01055,"Arachidonic acid metabolism","",1
MAR01057,"Arachidonic acid metabolism","",1
MAR01058,"Arachidonic acid metabolism","",1
MAR01059,"Arachidonic acid metabolism","",1
MAR01061,"Arachidonic acid metabolism","",1
MAR01062,"Arachidonic acid metabolism","",1
MAR01063,"Arachidonic acid metabolism","",1
MAR01064,"Arachidonic acid metabolism","",1
MAR01065,"Arachidonic acid metabolism","",1
MAR01066,"Arachidonic acid metabolism","",1
MAR01067,"Arachidonic acid metabolism","",1
MAR01068,"Arachidonic acid metabolism","",1
MAR01069,"Arachidonic acid metabolism","",1
MAR01070,"Arachidonic acid metabolism","",1
MAR01071,"Arachidonic acid metabolism","",1
MAR01072,"Arachidonic acid metabolism","",1
MAR01073,"Arachidonic acid metabolism","",1
MAR01074,"Arachidonic acid metabolism","",1
MAR01075,"Arachidonic acid metabolism","",1
MAR01077,"Arachidonic acid metabolism","",1
MAR03015,"Arachidonic acid metabolism","",1
MAR01080,"Leukotriene metabolism","",1
MAR01081,"Leukotriene metabolism","",1
MAR01084,"Leukotriene metabolism","",1
MAR01085,"Leukotriene metabolism","",1
MAR01087,"Leukotriene metabolism","",0
MAR01088,"Leukotriene metabolism","",1
MAR01091,"Leukotriene metabolism","",1
MAR01092,"Leukotriene metabolism","",0
MAR01093,"Leukotriene metabolism","",1
MAR01096,"Leukotriene metabolism","",1
MAR01097,"Leukotriene metabolism","",1
MAR01098,"Leukotriene metabolism","",1
MAR01099,"Leukotriene metabolism","",1
MAR01100,"Leukotriene metabolism","",1
MAR01101,"Leukotriene metabolism","",1
MAR01102,"Leukotriene metabolism","",1
MAR01103,"Leukotriene metabolism","",1
MAR01105,"Leukotriene metabolism","",1
MAR01106,"Leukotriene metabolism","",1
MAR01107,"Leukotriene metabolism","",1
MAR01108,"Leukotriene metabolism","",1
MAR01109,"Leukotriene metabolism","",1
MAR01110,"Leukotriene metabolism","",1
MAR01111,"Leukotriene metabolism","",1
MAR01112,"Leukotriene metabolism","",1
MAR01113,"Leukotriene metabolism","",0
MAR01114,"Leukotriene metabolism","",0
MAR01115,"Leukotriene metabolism","",0
MAR01116,"Leukotriene metabolism","",1
MAR01117,"Leukotriene metabolism","",1
MAR01119,"Leukotriene metabolism","",1
MAR01120,"Leukotriene metabolism","",1
MAR01121,"Leukotriene metabolism","",1
MAR01122,"Leukotriene metabolism","",1
MAR01123,"Leukotriene metabolism","",1
MAR01124,"Leukotriene metabolism","",1
MAR01125,"Leukotriene metabolism","",1
MAR01126,"Leukotriene metabolism","",1
MAR01127,"Leukotriene metabolism","",1
MAR01128,"Leukotriene metabolism","",1
MAR01129,"Leukotriene metabolism","",1
MAR01130,"Leukotriene metabolism","",1
MAR01131,"Leukotriene metabolism","",1
MAR01132,"Leukotriene metabolism","",1
MAR01133,"Leukotriene metabolism","",1
MAR01134,"Leukotriene metabolism","",1
MAR01136,"Leukotriene metabolism","",0
MAR01137,"Leukotriene metabolism","",1
MAR01138,"Leukotriene metabolism","",1
MAR01139,"Leukotriene metabolism","",1
MAR01140,"Leukotriene metabolism","",1
MAR01142,"Leukotriene metabolism","",0
MAR01146,"Leukotriene metabolism","",1
MAR01147,"Leukotriene metabolism","",1
MAR01148,"Leukotriene metabolism","",1
MAR01149,"Leukotriene metabolism","",1
MAR01150,"Leukotriene metabolism","",1
MAR01151,"Leukotriene metabolism","",1
MAR01152,"Leukotriene metabolism","",1
MAR01153,"Leukotriene metabolism","",1
MAR01154,"Leukotriene metabolism","",1
MAR01155,"Leukotriene metabolism","",1
MAR01156,"Leukotriene metabolism","",1
MAR01157,"Leukotriene metabolism","",1
MAR01158,"Leukotriene metabolism","",1
MAR01159,"Leukotriene metabolism","",1
MAR01160,"Leukotriene metabolism","",1
MAR01161,"Leukotriene metabolism","",1
MAR01162,"Leukotriene metabolism","",1
MAR01163,"Leukotriene metabolism","",1
MAR01164,"Leukotriene metabolism","",1
MAR01165,"Leukotriene metabolism","",1
MAR01166,"Leukotriene metabolism","",1
MAR01167,"Leukotriene metabolism","",1
MAR01168,"Leukotriene metabolism","",1
MAR01170,"Leukotriene metabolism","",1
MAR01171,"Leukotriene metabolism","",1
MAR01186,"Leukotriene metabolism","",0
MAR01190,"Leukotriene metabolism","",1
MAR01191,"Leukotriene metabolism","",1
MAR01192,"Leukotriene metabolism","",1
MAR01193,"Leukotriene metabolism","",1
MAR01194,"Leukotriene metabolism","",1
MAR01195,"Leukotriene metabolism","",1
MAR01196,"Leukotriene metabolism","",1
MAR01197,"Leukotriene metabolism","",0
MAR01198,"Leukotriene metabolism","",0
MAR01199,"Leukotriene metabolism","",0
MAR01200,"Leukotriene metabolism","",1
MAR01201,"Leukotriene metabolism","",1
MAR01202,"Leukotriene metabolism","",1
MAR01203,"Leukotriene metabolism","",1
MAR01204,"Leukotriene metabolism","",1
MAR01205,"Leukotriene metabolism","",1
MAR01206,"Leukotriene metabolism","",1
MAR01207,"Leukotriene metabolism","",1
MAR01208,"Leukotriene metabolism","",1
MAR01209,"Leukotriene metabolism","",1
MAR01210,"Leukotriene metabolism","",1
MAR01211,"Leukotriene metabolism","",1
MAR01212,"Leukotriene metabolism","",1
MAR01213,"Leukotriene metabolism","",1
MAR01228,"Leukotriene metabolism","",1
MAR01229,"Leukotriene metabolism","",1
MAR01230,"Leukotriene metabolism","",1
MAR01231,"Leukotriene metabolism","",1
MAR01232,"Leukotriene metabolism","",1
MAR01233,"Leukotriene metabolism","",1
MAR01234,"Leukotriene metabolism","",1
MAR01235,"Leukotriene metabolism","",1
MAR01236,"Leukotriene metabolism","",1
MAR01237,"Leukotriene metabolism","",1
MAR01238,"Leukotriene metabolism","",1
MAR01239,"Leukotriene metabolism","",1
MAR01241,"Leukotriene metabolism","",0
MAR01244,"Leukotriene metabolism","",1
MAR01245,"Leukotriene metabolism","",1
MAR01246,"Leukotriene metabolism","",1
MAR01247,"Leukotriene metabolism","",0
MAR01248,"Leukotriene metabolism","",1
MAR01249,"Leukotriene metabolism","",1
MAR01250,"Leukotriene metabolism","",1
MAR01251,"Leukotriene metabolism","",1
MAR01253,"Leukotriene metabolism","",1
MAR01254,"Leukotriene metabolism","",1
MAR01255,"Leukotriene metabolism","",1
MAR01256,"Leukotriene metabolism","",1
MAR01257,"Leukotriene metabolism","",1
MAR01258,"Leukotriene metabolism","",1
MAR01259,"Leukotriene metabolism","",1
MAR01260,"Leukotriene metabolism","",1
MAR01261,"Leukotriene metabolism","",1
MAR01262,"Leukotriene metabolism","",1
MAR01263,"Leukotriene metabolism","",1
MAR01264,"Leukotriene metabolism","",1
MAR01265,"Leukotriene metabolism","",1
MAR01266,"Leukotriene metabolism","",1
MAR01270,"Leukotriene metabolism","",1
MAR01271,"Leukotriene metabolism","",1
MAR01272,"Leukotriene metabolism","",1
MAR01273,"Leukotriene metabolism","",1
MAR01274,"Leukotriene metabolism","",1
MAR01275,"Leukotriene metabolism","",1
MAR01276,"Leukotriene metabolism","",1
MAR01277,"Leukotriene metabolism","",1
MAR01278,"Leukotriene metabolism","",1
MAR01279,"Leukotriene metabolism","",1
MAR01280,"Leukotriene metabolism","",1
MAR01281,"Leukotriene metabolism","",1
MAR01282,"Leukotriene metabolism","",1
MAR01285,"Leukotriene metabolism","",0
MAR01287,"Leukotriene metabolism","",0
MAR01288,"Leukotriene metabolism","",1
MAR01289,"Leukotriene metabolism","",1
MAR01290,"Leukotriene metabolism","",1
MAR01291,"Leukotriene metabolism","",1
MAR01292,"Leukotriene metabolism","",1
MAR01293,"Leukotriene metabolism","",1
MAR01294,"Leukotriene metabolism","",1
MAR01295,"Leukotriene metabolism","",1
MAR01296,"Leukotriene metabolism","",1
MAR01297,"Leukotriene metabolism","",1
MAR01298,"Leukotriene metabolism","",1
MAR01299,"Leukotriene metabolism","",1
MAR01300,"Leukotriene metabolism","",1
MAR01301,"Leukotriene metabolism","",1
MAR01302,"Leukotriene metabolism","",1
MAR01303,"Leukotriene metabolism","",1
MAR01304,"Leukotriene metabolism","",1
MAR04796,"Leukotriene metabolism","",1
MAR08545,"Eicosanoid metabolism","",1
MAR08546,"Eicosanoid metabolism","",1
MAR08547,"Eicosanoid metabolism","",0
MAR08548,"Eicosanoid metabolism","",1
MAR08549,"Eicosanoid metabolism","",0
MAR08550,"Eicosanoid metabolism","",1
MAR08552,"Eicosanoid metabolism","",0
MAR08554,"Eicosanoid metabolism","",1
MAR08557,"Eicosanoid metabolism","",1
MAR08558,"Eicosanoid metabolism","",1
MAR08559,"Eicosanoid metabolism","",1
MAR08560,"Eicosanoid metabolism","",1
MAR08561,"Eicosanoid metabolism","",0
MAR00154,"Acyl-CoA hydrolysis","",1
MAR00189,"Acyl-CoA hydrolysis","",1
MAR00193,"Acyl-CoA hydrolysis","",1
MAR00197,"Acyl-CoA hydrolysis","",1
MAR00201,"Acyl-CoA hydrolysis","",1
MAR00206,"Acyl-CoA hydrolysis","",1
MAR00210,"Acyl-CoA hydrolysis","",1
MAR00214,"Acyl-CoA hydrolysis","",1
MAR00223,"Acyl-CoA hydrolysis","",1
MAR00230,"Acyl-CoA hydrolysis","",1
MAR00234,"Acyl-CoA hydrolysis","",1
MAR00238,"Acyl-CoA hydrolysis","",1
MAR00242,"Acyl-CoA hydrolysis","",1
MAR00246,"Acyl-CoA hydrolysis","",1
MAR00250,"Acyl-CoA hydrolysis","",1
MAR00256,"Acyl-CoA hydrolysis","",1
MAR00260,"Acyl-CoA hydrolysis","",1
MAR00264,"Acyl-CoA hydrolysis","",1
MAR00268,"Acyl-CoA hydrolysis","",1
MAR00272,"Acyl-CoA hydrolysis","",1
MAR00276,"Acyl-CoA hydrolysis","",1
MAR00280,"Acyl-CoA hydrolysis","",1
MAR00284,"Acyl-CoA hydrolysis","",1
MAR00290,"Acyl-CoA hydrolysis","",1
MAR00294,"Acyl-CoA hydrolysis","",1
MAR00298,"Acyl-CoA hydrolysis","",1
MAR00302,"Acyl-CoA hydrolysis","",1
MAR00306,"Acyl-CoA hydrolysis","",1
MAR00310,"Acyl-CoA hydrolysis","",1
MAR00314,"Acyl-CoA hydrolysis","",1
MAR00320,"Acyl-CoA hydrolysis","",1
MAR00324,"Acyl-CoA hydrolysis","",1
MAR00328,"Acyl-CoA hydrolysis","",1
MAR00332,"Acyl-CoA hydrolysis","",1
MAR00338,"Acyl-CoA hydrolysis","",1
MAR00342,"Acyl-CoA hydrolysis","",1
MAR00346,"Acyl-CoA hydrolysis","",1
MAR00350,"Acyl-CoA hydrolysis","",1
MAR00354,"Acyl-CoA hydrolysis","",1
MAR00358,"Acyl-CoA hydrolysis","",1
MAR00362,"Acyl-CoA hydrolysis","",1
MAR00366,"Acyl-CoA hydrolysis","",1
MAR00370,"Acyl-CoA hydrolysis","",1
MAR00374,"Acyl-CoA hydrolysis","",1
MAR00378,"Acyl-CoA hydrolysis","",1
MAR00382,"Acyl-CoA hydrolysis","",1
MAR00386,"Acyl-CoA hydrolysis","",1
MAR00390,"Acyl-CoA hydrolysis","",1
MAR00394,"Acyl-CoA hydrolysis","",1
MAR00398,"Acyl-CoA hydrolysis","",1
MAR00402,"Acyl-CoA hydrolysis","",1
MAR00406,"Acyl-CoA hydrolysis","",1
MAR00410,"Acyl-CoA hydrolysis","",1
MAR00414,"Acyl-CoA hydrolysis","",1
MAR00418,"Acyl-CoA hydrolysis","",1
MAR00422,"Acyl-CoA hydrolysis","",1
MAR00426,"Acyl-CoA hydrolysis","",1
MAR00430,"Acyl-CoA hydrolysis","",1
MAR00434,"Acyl-CoA hydrolysis","",1
MAR00438,"Acyl-CoA hydrolysis","",1
MAR03009,"Acyl-CoA hydrolysis","",1
MAR03475,"Acyl-CoA hydrolysis","",1
MAR03476,"Acyl-CoA hydrolysis","",0
MAR03477,"Acyl-CoA hydrolysis","",0
MAR00159,"Carnitine shuttle (cytosolic)","",1
MAR02591,"Carnitine shuttle (cytosolic)","",1
MAR02594,"Carnitine shuttle (cytosolic)","",1
MAR02599,"Carnitine shuttle (cytosolic)","",1
MAR02602,"Carnitine shuttle (cytosolic)","",1
MAR02605,"Carnitine shuttle (cytosolic)","",1
MAR02608,"Carnitine shuttle (cytosolic)","",1
MAR02611,"Carnitine shuttle (cytosolic)","",1
MAR02614,"Carnitine shuttle (cytosolic)","",1
MAR02620,"Carnitine shuttle (cytosolic)","",1
MAR02623,"Carnitine shuttle (cytosolic)","",1
MAR02626,"Carnitine shuttle (cytosolic)","",1
MAR02633,"Carnitine shuttle (cytosolic)","",1
MAR02636,"Carnitine shuttle (cytosolic)","",1
MAR02642,"Carnitine shuttle (cytosolic)","",1
MAR02648,"Carnitine shuttle (cytosolic)","",1
MAR02651,"Carnitine shuttle (cytosolic)","",1
MAR02654,"Carnitine shuttle (cytosolic)","",1
MAR02657,"Carnitine shuttle (cytosolic)","",1
MAR02660,"Carnitine shuttle (cytosolic)","",1
MAR02663,"Carnitine shuttle (cytosolic)","",1
MAR02666,"Carnitine shuttle (cytosolic)","",1
MAR02669,"Carnitine shuttle (cytosolic)","",1
MAR02672,"Carnitine shuttle (cytosolic)","",1
MAR02675,"Carnitine shuttle (cytosolic)","",1
MAR02678,"Carnitine shuttle (cytosolic)","",1
MAR02681,"Carnitine shuttle (cytosolic)","",1
MAR02684,"Carnitine shuttle (cytosolic)","",1
MAR02687,"Carnitine shuttle (cytosolic)","",1
MAR02690,"Carnitine shuttle (cytosolic)","",1
MAR02693,"Carnitine shuttle (cytosolic)","",1
MAR02699,"Carnitine shuttle (cytosolic)","",1
MAR02702,"Carnitine shuttle (cytosolic)","",1
MAR02705,"Carnitine shuttle (cytosolic)","",1
MAR02708,"Carnitine shuttle (cytosolic)","",1
MAR02711,"Carnitine shuttle (cytosolic)","",1
MAR02714,"Carnitine shuttle (cytosolic)","",1
MAR02717,"Carnitine shuttle (cytosolic)","",1
MAR02720,"Carnitine shuttle (cytosolic)","",1
MAR02726,"Carnitine shuttle (cytosolic)","",1
MAR02730,"Carnitine shuttle (cytosolic)","",1
MAR02733,"Carnitine shuttle (cytosolic)","",1
MAR02736,"Carnitine shuttle (cytosolic)","",1
MAR02739,"Carnitine shuttle (cytosolic)","",1
MAR02742,"Carnitine shuttle (cytosolic)","",1
MAR02746,"Carnitine shuttle (cytosolic)","",1
MAR02752,"Carnitine shuttle (cytosolic)","",1
MAR02755,"Carnitine shuttle (cytosolic)","",1
MAR02759,"Carnitine shuttle (cytosolic)","",1
MAR02762,"Carnitine shuttle (cytosolic)","",1
MAR02768,"Carnitine shuttle (cytosolic)","",1
MAR02771,"Carnitine shuttle (cytosolic)","",1
MAR02774,"Carnitine shuttle (cytosolic)","",1
MAR02877,"Carnitine shuttle (cytosolic)","",1
MAR03032,"Carnitine shuttle (cytosolic)","",1
MAR03521,"Carnitine shuttle (cytosolic)","",0
MAR08419,"Carnitine shuttle (cytosolic)","",0
MAR00160,"Carnitine shuttle (mitochondrial)","",1
MAR00161,"Carnitine shuttle (mitochondrial)","",1
MAR00162,"Carnitine shuttle (mitochondrial)","",1
MAR00163,"Carnitine shuttle (mitochondrial)","",1
MAR02592,"Carnitine shuttle (mitochondrial)","",1
MAR02593,"Carnitine shuttle (mitochondrial)","",1
MAR02596,"Carnitine shuttle (mitochondrial)","",1
MAR02598,"Carnitine shuttle (mitochondrial)","",1
MAR02600,"Carnitine shuttle (mitochondrial)","",1
MAR02601,"Carnitine shuttle (mitochondrial)","",1
MAR02603,"Carnitine shuttle (mitochondrial)","",1
MAR02604,"Carnitine shuttle (mitochondrial)","",1
MAR02606,"Carnitine shuttle (mitochondrial)","",1
MAR02607,"Carnitine shuttle (mitochondrial)","",1
MAR02609,"Carnitine shuttle (mitochondrial)","",1
MAR02610,"Carnitine shuttle (mitochondrial)","",1
MAR02612,"Carnitine shuttle (mitochondrial)","",1
MAR02613,"Carnitine shuttle (mitochondrial)","",1
MAR02616,"Carnitine shuttle (mitochondrial)","",1
MAR02618,"Carnitine shuttle (mitochondrial)","",1
MAR02621,"Carnitine shuttle (mitochondrial)","",1
MAR02622,"Carnitine shuttle (mitochondrial)","",1
MAR02624,"Carnitine shuttle (mitochondrial)","",1
MAR02625,"Carnitine shuttle (mitochondrial)","",1
MAR02629,"Carnitine shuttle (mitochondrial)","",1
MAR02630,"Carnitine shuttle (mitochondrial)","",1
MAR02634,"Carnitine shuttle (mitochondrial)","",1
MAR02635,"Carnitine shuttle (mitochondrial)","",1
MAR02638,"Carnitine shuttle (mitochondrial)","",1
MAR02640,"Carnitine shuttle (mitochondrial)","",1
MAR02644,"Carnitine shuttle (mitochondrial)","",1
MAR02646,"Carnitine shuttle (mitochondrial)","",1
MAR02649,"Carnitine shuttle (mitochondrial)","",1
MAR02650,"Carnitine shuttle (mitochondrial)","",1
MAR02652,"Carnitine shuttle (mitochondrial)","",1
MAR02653,"Carnitine shuttle (mitochondrial)","",1
MAR02655,"Carnitine shuttle (mitochondrial)","",1
MAR02656,"Carnitine shuttle (mitochondrial)","",1
MAR02658,"Carnitine shuttle (mitochondrial)","",1
MAR02659,"Carnitine shuttle (mitochondrial)","",1
MAR02661,"Carnitine shuttle (mitochondrial)","",1
MAR02662,"Carnitine shuttle (mitochondrial)","",1
MAR02664,"Carnitine shuttle (mitochondrial)","",1
MAR02665,"Carnitine shuttle (mitochondrial)","",1
MAR02667,"Carnitine shuttle (mitochondrial)","",1
MAR02668,"Carnitine shuttle (mitochondrial)","",1
MAR02670,"Carnitine shuttle (mitochondrial)","",1
MAR02671,"Carnitine shuttle (mitochondrial)","",1
MAR02673,"Carnitine shuttle (mitochondrial)","",1
MAR02674,"Carnitine shuttle (mitochondrial)","",1
MAR02676,"Carnitine shuttle (mitochondrial)","",1
MAR02677,"Carnitine shuttle (mitochondrial)","",1
MAR02679,"Carnitine shuttle (mitochondrial)","",1
MAR02680,"Carnitine shuttle (mitochondrial)","",1
MAR02682,"Carnitine shuttle (mitochondrial)","",1
MAR02683,"Carnitine shuttle (mitochondrial)","",1
MAR02685,"Carnitine shuttle (mitochondrial)","",1
MAR02686,"Carnitine shuttle (mitochondrial)","",1
MAR02688,"Carnitine shuttle (mitochondrial)","",1
MAR02689,"Carnitine shuttle (mitochondrial)","",1
MAR02691,"Carnitine shuttle (mitochondrial)","",1
MAR02692,"Carnitine shuttle (mitochondrial)","",1
MAR02695,"Carnitine shuttle (mitochondrial)","",1
MAR02697,"Carnitine shuttle (mitochondrial)","",1
MAR02700,"Carnitine shuttle (mitochondrial)","",1
MAR02701,"Carnitine shuttle (mitochondrial)","",1
MAR02703,"Carnitine shuttle (mitochondrial)","",1
MAR02704,"Carnitine shuttle (mitochondrial)","",1
MAR02706,"Carnitine shuttle (mitochondrial)","",1
MAR02707,"Carnitine shuttle (mitochondrial)","",1
MAR02709,"Carnitine shuttle (mitochondrial)","",1
MAR02710,"Carnitine shuttle (mitochondrial)","",1
MAR02712,"Carnitine shuttle (mitochondrial)","",1
MAR02713,"Carnitine shuttle (mitochondrial)","",1
MAR02715,"Carnitine shuttle (mitochondrial)","",1
MAR02716,"Carnitine shuttle (mitochondrial)","",1
MAR02718,"Carnitine shuttle (mitochondrial)","",1
MAR02719,"Carnitine shuttle (mitochondrial)","",1
MAR02722,"Carnitine shuttle (mitochondrial)","",1
MAR02724,"Carnitine shuttle (mitochondrial)","",1
MAR02727,"Carnitine shuttle (mitochondrial)","",1
MAR02729,"Carnitine shuttle (mitochondrial)","",1
MAR02731,"Carnitine shuttle (mitochondrial)","",1
MAR02732,"Carnitine shuttle (mitochondrial)","",1
MAR02734,"Carnitine shuttle (mitochondrial)","",1
MAR02735,"Carnitine shuttle (mitochondrial)","",1
MAR02737,"Carnitine shuttle (mitochondrial)","",1
MAR02738,"Carnitine shuttle (mitochondrial)","",1
MAR02740,"Carnitine shuttle (mitochondrial)","",1
MAR02741,"Carnitine shuttle (mitochondrial)","",1
MAR02744,"Carnitine shuttle (mitochondrial)","",1
MAR02745,"Carnitine shuttle (mitochondrial)","",1
MAR02748,"Carnitine shuttle (mitochondrial)","",1
MAR02750,"Carnitine shuttle (mitochondrial)","",1
MAR02753,"Carnitine shuttle (mitochondrial)","",1
MAR02754,"Carnitine shuttle (mitochondrial)","",1
MAR02757,"Carnitine shuttle (mitochondrial)","",1
MAR02758,"Carnitine shuttle (mitochondrial)","",1
MAR02760,"Carnitine shuttle (mitochondrial)","",1
MAR02761,"Carnitine shuttle (mitochondrial)","",1
MAR02764,"Carnitine shuttle (mitochondrial)","",1
MAR02766,"Carnitine shuttle (mitochondrial)","",1
MAR02769,"Carnitine shuttle (mitochondrial)","",1
MAR02770,"Carnitine shuttle (mitochondrial)","",1
MAR02772,"Carnitine shuttle (mitochondrial)","",1
MAR02773,"Carnitine shuttle (mitochondrial)","",1
MAR02775,"Carnitine shuttle (mitochondrial)","",1
MAR02776,"Carnitine shuttle (mitochondrial)","",1
MAR03519,"Carnitine shuttle (mitochondrial)","",0
MAR03520,"Carnitine shuttle (mitochondrial)","",0
MAR08417,"Carnitine shuttle (mitochondrial)","",0
MAR08418,"Carnitine shuttle (mitochondrial)","",0
MAR03027,"Carnitine shuttle (peroxisomal)","",0
MAR03028,"Carnitine shuttle (peroxisomal)","",1
MAR03029,"Carnitine shuttle (peroxisomal)","",1
MAR03030,"Carnitine shuttle (peroxisomal)","",1
MAR03033,"Carnitine shuttle (peroxisomal)","",1
MAR03034,"Carnitine shuttle (peroxisomal)","",1
MAR03035,"Carnitine shuttle (peroxisomal)","",1
MAR03037,"Carnitine shuttle (peroxisomal)","",1
MAR02778,"Carnitine shuttle (endoplasmic reticular)","",1
MAR02780,"Carnitine shuttle (endoplasmic reticular)","",1
MAR02783,"Carnitine shuttle (endoplasmic reticular)","",1
MAR02785,"Carnitine shuttle (endoplasmic reticular)","",1
MAR02787,"Carnitine shuttle (endoplasmic reticular)","",1
MAR02788,"Carnitine shuttle (endoplasmic reticular)","",1
MAR02789,"Carnitine shuttle (endoplasmic reticular)","",1
MAR02790,"Carnitine shuttle (endoplasmic reticular)","",1
MAR02791,"Carnitine shuttle (endoplasmic reticular)","",1
MAR02792,"Carnitine shuttle (endoplasmic reticular)","",1
MAR02793,"Carnitine shuttle (endoplasmic reticular)","",1
MAR02794,"Carnitine shuttle (endoplasmic reticular)","",1
MAR02795,"Carnitine shuttle (endoplasmic reticular)","",1
MAR02796,"Carnitine shuttle (endoplasmic reticular)","",1
MAR02797,"Carnitine shuttle (endoplasmic reticular)","",1
MAR02798,"Carnitine shuttle (endoplasmic reticular)","",1
MAR02799,"Carnitine shuttle (endoplasmic reticular)","",1
MAR02800,"Carnitine shuttle (endoplasmic reticular)","",1
MAR02801,"Carnitine shuttle (endoplasmic reticular)","",1
MAR02803,"Carnitine shuttle (endoplasmic reticular)","",1
MAR02805,"Carnitine shuttle (endoplasmic reticular)","",1
MAR02806,"Carnitine shuttle (endoplasmic reticular)","",1
MAR02807,"Carnitine shuttle (endoplasmic reticular)","",1
MAR02809,"Carnitine shuttle (endoplasmic reticular)","",1
MAR02811,"Carnitine shuttle (endoplasmic reticular)","",1
MAR02812,"Carnitine shuttle (endoplasmic reticular)","",1
MAR02813,"Carnitine shuttle (endoplasmic reticular)","",1
MAR02814,"Carnitine shuttle (endoplasmic reticular)","",1
MAR02815,"Carnitine shuttle (endoplasmic reticular)","",1
MAR02816,"Carnitine shuttle (endoplasmic reticular)","",1
MAR02817,"Carnitine shuttle (endoplasmic reticular)","",1
MAR02819,"Carnitine shuttle (endoplasmic reticular)","",1
MAR02821,"Carnitine shuttle (endoplasmic reticular)","",1
MAR02822,"Carnitine shuttle (endoplasmic reticular)","",1
MAR02823,"Carnitine shuttle (endoplasmic reticular)","",1
MAR02824,"Carnitine shuttle (endoplasmic reticular)","",1
MAR02825,"Carnitine shuttle (endoplasmic reticular)","",1
MAR02827,"Carnitine shuttle (endoplasmic reticular)","",1
MAR02829,"Carnitine shuttle (endoplasmic reticular)","",1
MAR02830,"Carnitine shuttle (endoplasmic reticular)","",1
MAR02831,"Carnitine shuttle (endoplasmic reticular)","",1
MAR02832,"Carnitine shuttle (endoplasmic reticular)","",1
MAR02833,"Carnitine shuttle (endoplasmic reticular)","",1
MAR02834,"Carnitine shuttle (endoplasmic reticular)","",1
MAR02835,"Carnitine shuttle (endoplasmic reticular)","",1
MAR02836,"Carnitine shuttle (endoplasmic reticular)","",1
MAR02837,"Carnitine shuttle (endoplasmic reticular)","",1
MAR02838,"Carnitine shuttle (endoplasmic reticular)","",1
MAR02839,"Carnitine shuttle (endoplasmic reticular)","",1
MAR02840,"Carnitine shuttle (endoplasmic reticular)","",1
MAR02841,"Carnitine shuttle (endoplasmic reticular)","",1
MAR02842,"Carnitine shuttle (endoplasmic reticular)","",1
MAR02843,"Carnitine shuttle (endoplasmic reticular)","",1
MAR02844,"Carnitine shuttle (endoplasmic reticular)","",1
MAR02845,"Carnitine shuttle (endoplasmic reticular)","",1
MAR02846,"Carnitine shuttle (endoplasmic reticular)","",1
MAR02847,"Carnitine shuttle (endoplasmic reticular)","",1
MAR02848,"Carnitine shuttle (endoplasmic reticular)","",1
MAR02849,"Carnitine shuttle (endoplasmic reticular)","",1
MAR02850,"Carnitine shuttle (endoplasmic reticular)","",1
MAR02851,"Carnitine shuttle (endoplasmic reticular)","",1
MAR02852,"Carnitine shuttle (endoplasmic reticular)","",1
MAR02853,"Carnitine shuttle (endoplasmic reticular)","",1
MAR02854,"Carnitine shuttle (endoplasmic reticular)","",1
MAR02855,"Carnitine shuttle (endoplasmic reticular)","",1
MAR02856,"Carnitine shuttle (endoplasmic reticular)","",1
MAR02857,"Carnitine shuttle (endoplasmic reticular)","",1
MAR02859,"Carnitine shuttle (endoplasmic reticular)","",1
MAR02861,"Carnitine shuttle (endoplasmic reticular)","",1
MAR02862,"Carnitine shuttle (endoplasmic reticular)","",1
MAR02863,"Carnitine shuttle (endoplasmic reticular)","",1
MAR02864,"Carnitine shuttle (endoplasmic reticular)","",1
MAR02865,"Carnitine shuttle (endoplasmic reticular)","",1
MAR02866,"Carnitine shuttle (endoplasmic reticular)","",1
MAR02867,"Carnitine shuttle (endoplasmic reticular)","",1
MAR02868,"Carnitine shuttle (endoplasmic reticular)","",1
MAR02869,"Carnitine shuttle (endoplasmic reticular)","",1
MAR02870,"Carnitine shuttle (endoplasmic reticular)","",1
MAR02871,"Carnitine shuttle (endoplasmic reticular)","",1
MAR02872,"Carnitine shuttle (endoplasmic reticular)","",1
MAR02873,"Carnitine shuttle (endoplasmic reticular)","",1
MAR02874,"Carnitine shuttle (endoplasmic reticular)","",1
MAR02875,"Carnitine shuttle (endoplasmic reticular)","",1
MAR02876,"Carnitine shuttle (endoplasmic reticular)","",1
MAR02878,"Carnitine shuttle (endoplasmic reticular)","",1
MAR02879,"Carnitine shuttle (endoplasmic reticular)","",1
MAR02880,"Carnitine shuttle (endoplasmic reticular)","",1
MAR02882,"Carnitine shuttle (endoplasmic reticular)","",1
MAR02884,"Carnitine shuttle (endoplasmic reticular)","",1
MAR02886,"Carnitine shuttle (endoplasmic reticular)","",1
MAR02888,"Carnitine shuttle (endoplasmic reticular)","",1
MAR02890,"Carnitine shuttle (endoplasmic reticular)","",1
MAR02892,"Carnitine shuttle (endoplasmic reticular)","",1
MAR02894,"Carnitine shuttle (endoplasmic reticular)","",1
MAR02896,"Carnitine shuttle (endoplasmic reticular)","",1
MAR02897,"Carnitine shuttle (endoplasmic reticular)","",1
MAR02898,"Carnitine shuttle (endoplasmic reticular)","",1
MAR02899,"Carnitine shuttle (endoplasmic reticular)","",1
MAR02900,"Carnitine shuttle (endoplasmic reticular)","",1
MAR02901,"Carnitine shuttle (endoplasmic reticular)","",1
MAR02902,"Carnitine shuttle (endoplasmic reticular)","",1
MAR02903,"Carnitine shuttle (endoplasmic reticular)","",1
MAR02904,"Carnitine shuttle (endoplasmic reticular)","",1
MAR02905,"Carnitine shuttle (endoplasmic reticular)","",1
MAR02906,"Carnitine shuttle (endoplasmic reticular)","",1
MAR02907,"Carnitine shuttle (endoplasmic reticular)","",1
MAR02908,"Carnitine shuttle (endoplasmic reticular)","",1
MAR02909,"Carnitine shuttle (endoplasmic reticular)","",1
MAR02910,"Carnitine shuttle (endoplasmic reticular)","",1
MAR02911,"Carnitine shuttle (endoplasmic reticular)","",1
MAR02912,"Carnitine shuttle (endoplasmic reticular)","",1
MAR02913,"Carnitine shuttle (endoplasmic reticular)","",1
MAR02914,"Carnitine shuttle (endoplasmic reticular)","",1
MAR02915,"Carnitine shuttle (endoplasmic reticular)","",1
MAR02916,"Carnitine shuttle (endoplasmic reticular)","",1
MAR02917,"Carnitine shuttle (endoplasmic reticular)","",1
MAR02918,"Carnitine shuttle (endoplasmic reticular)","",1
MAR02919,"Carnitine shuttle (endoplasmic reticular)","",1
MAR02920,"Carnitine shuttle (endoplasmic reticular)","",1
MAR02921,"Carnitine shuttle (endoplasmic reticular)","",1
MAR02922,"Carnitine shuttle (endoplasmic reticular)","",1
MAR02923,"Carnitine shuttle (endoplasmic reticular)","",1
MAR02924,"Carnitine shuttle (endoplasmic reticular)","",1
MAR02925,"Carnitine shuttle (endoplasmic reticular)","",1
MAR02926,"Carnitine shuttle (endoplasmic reticular)","",1
MAR02927,"Carnitine shuttle (endoplasmic reticular)","",1
MAR02928,"Carnitine shuttle (endoplasmic reticular)","",1
MAR02929,"Carnitine shuttle (endoplasmic reticular)","",1
MAR02930,"Carnitine shuttle (endoplasmic reticular)","",1
MAR02931,"Carnitine shuttle (endoplasmic reticular)","",1
MAR02932,"Carnitine shuttle (endoplasmic reticular)","",1
MAR00001,"Acylglycerides metabolism","",1
MAR00002,"Acylglycerides metabolism","",1
MAR00003,"Acylglycerides metabolism","",1
MAR00005,"Acylglycerides metabolism","",1
MAR00449,"Acylglycerides metabolism","",1
MAR00604,"Acylglycerides metabolism","",1
MAR00605,"Acylglycerides metabolism","",1
MAR00665,"Acylglycerides metabolism","",1
MAR00667,"Acylglycerides metabolism","",1
MAR00668,"Acylglycerides metabolism","",1
MAR00669,"Acylglycerides metabolism","",1
MAR00670,"Acylglycerides metabolism","",1
MAR00671,"Acylglycerides metabolism","",1
MAR00672,"Acylglycerides metabolism","",1
MAR00679,"Acylglycerides metabolism","",1
MAR00680,"Acylglycerides metabolism","",1
MAR00681,"Acylglycerides metabolism","",1
MAR00682,"Acylglycerides metabolism","",1
MAR00683,"Acylglycerides metabolism","",1
MAR00684,"Acylglycerides metabolism","",1
MAR07588,"Acylglycerides metabolism","",1
MAR03053,"Beta oxidation of even-chain fatty acids (peroxisomal)","",0
MAR03054,"Beta oxidation of even-chain fatty acids (peroxisomal)","",0
MAR03055,"Beta oxidation of even-chain fatty acids (peroxisomal)","",0
MAR03057,"Beta oxidation of even-chain fatty acids (peroxisomal)","",1
MAR03058,"Beta oxidation of even-chain fatty acids (peroxisomal)","",1
MAR03059,"Beta oxidation of even-chain fatty acids (peroxisomal)","",1
MAR03060,"Beta oxidation of even-chain fatty acids (peroxisomal)","",1
MAR03062,"Beta oxidation of even-chain fatty acids (peroxisomal)","",1
MAR03063,"Beta oxidation of even-chain fatty acids (peroxisomal)","",1
MAR03064,"Beta oxidation of even-chain fatty acids (peroxisomal)","",1
MAR03065,"Beta oxidation of even-chain fatty acids (peroxisomal)","",1
MAR03066,"Beta oxidation of even-chain fatty acids (peroxisomal)","",1
MAR03067,"Beta oxidation of even-chain fatty acids (peroxisomal)","",1
MAR03068,"Beta oxidation of even-chain fatty acids (peroxisomal)","",1
MAR03069,"Beta oxidation of even-chain fatty acids (peroxisomal)","",1
MAR03070,"Beta oxidation of even-chain fatty acids (peroxisomal)","",1
MAR03071,"Beta oxidation of even-chain fatty acids (peroxisomal)","",1
MAR03072,"Beta oxidation of even-chain fatty acids (peroxisomal)","",1
MAR03073,"Beta oxidation of even-chain fatty acids (peroxisomal)","",1
MAR03074,"Beta oxidation of even-chain fatty acids (peroxisomal)","",1
MAR03075,"Beta oxidation of even-chain fatty acids (peroxisomal)","",1
MAR03076,"Beta oxidation of even-chain fatty acids (peroxisomal)","",1
MAR03077,"Beta oxidation of even-chain fatty acids (peroxisomal)","",1
MAR03078,"Beta oxidation of even-chain fatty acids (peroxisomal)","",1
MAR03079,"Beta oxidation of even-chain fatty acids (peroxisomal)","",1
MAR03080,"Beta oxidation of even-chain fatty acids (peroxisomal)","",1
MAR03081,"Beta oxidation of even-chain fatty acids (peroxisomal)","",1
MAR03082,"Beta oxidation of even-chain fatty acids (peroxisomal)","",1
MAR03083,"Beta oxidation of even-chain fatty acids (peroxisomal)","",1
MAR03084,"Beta oxidation of even-chain fatty acids (peroxisomal)","",1
MAR03085,"Beta oxidation of even-chain fatty acids (peroxisomal)","",1
MAR03086,"Beta oxidation of even-chain fatty acids (peroxisomal)","",1
MAR03087,"Beta oxidation of even-chain fatty acids (peroxisomal)","",1
MAR03088,"Beta oxidation of even-chain fatty acids (peroxisomal)","",1
MAR03089,"Beta oxidation of even-chain fatty acids (peroxisomal)","",1
MAR03090,"Beta oxidation of even-chain fatty acids (peroxisomal)","",1
MAR03091,"Beta oxidation of even-chain fatty acids (peroxisomal)","",1
MAR03092,"Beta oxidation of even-chain fatty acids (peroxisomal)","",1
MAR03093,"Beta oxidation of even-chain fatty acids (peroxisomal)","",1
MAR03094,"Beta oxidation of even-chain fatty acids (peroxisomal)","",1
MAR03095,"Beta oxidation of even-chain fatty acids (peroxisomal)","",1
MAR03096,"Beta oxidation of even-chain fatty acids (peroxisomal)","",1
MAR03097,"Beta oxidation of even-chain fatty acids (peroxisomal)","",1
MAR03098,"Beta oxidation of even-chain fatty acids (peroxisomal)","",1
MAR03099,"Beta oxidation of even-chain fatty acids (peroxisomal)","",1
MAR03100,"Beta oxidation of even-chain fatty acids (peroxisomal)","",1
MAR03101,"Beta oxidation of even-chain fatty acids (peroxisomal)","",1
MAR03102,"Beta oxidation of even-chain fatty acids (peroxisomal)","",1
MAR03103,"Beta oxidation of even-chain fatty acids (peroxisomal)","",1
MAR03104,"Beta oxidation of even-chain fatty acids (peroxisomal)","",1
MAR03106,"Transport reactions","",0
MAR03056,"Beta oxidation of odd-chain fatty acids (peroxisomal)","",0
MAR03326,"Beta oxidation of unsaturated fatty acids (n-9) (peroxisomal)","",1
MAR03327,"Beta oxidation of unsaturated fatty acids (n-9) (peroxisomal)","",1
MAR03328,"Beta oxidation of unsaturated fatty acids (n-9) (peroxisomal)","",1
MAR03329,"Beta oxidation of unsaturated fatty acids (n-9) (peroxisomal)","",1
MAR03330,"Beta oxidation of unsaturated fatty acids (n-9) (peroxisomal)","",1
MAR03331,"Beta oxidation of unsaturated fatty acids (n-9) (peroxisomal)","",1
MAR03332,"Beta oxidation of unsaturated fatty acids (n-9) (peroxisomal)","",1
MAR03333,"Beta oxidation of unsaturated fatty acids (n-9) (peroxisomal)","",1
MAR03334,"Beta oxidation of unsaturated fatty acids (n-9) (peroxisomal)","",1
MAR03335,"Beta oxidation of unsaturated fatty acids (n-9) (peroxisomal)","",1
MAR03336,"Beta oxidation of unsaturated fatty acids (n-9) (peroxisomal)","",1
MAR03337,"Beta oxidation of unsaturated fatty acids (n-9) (peroxisomal)","",1
MAR03338,"Beta oxidation of unsaturated fatty acids (n-9) (peroxisomal)","",1
MAR03339,"Beta oxidation of unsaturated fatty acids (n-9) (peroxisomal)","",1
MAR03340,"Beta oxidation of unsaturated fatty acids (n-9) (peroxisomal)","",1
MAR03341,"Beta oxidation of unsaturated fatty acids (n-9) (peroxisomal)","",1
MAR03342,"Beta oxidation of unsaturated fatty acids (n-9) (peroxisomal)","",1
MAR03343,"Beta oxidation of unsaturated fatty acids (n-9) (peroxisomal)","",1
MAR03344,"Beta oxidation of unsaturated fatty acids (n-9) (peroxisomal)","",1
MAR03345,"Beta oxidation of unsaturated fatty acids (n-9) (peroxisomal)","",1
MAR03346,"Beta oxidation of unsaturated fatty acids (n-9) (peroxisomal)","",1
MAR03347,"Beta oxidation of unsaturated fatty acids (n-9) (peroxisomal)","",1
MAR03348,"Beta oxidation of unsaturated fatty acids (n-9) (peroxisomal)","",1
MAR03349,"Beta oxidation of unsaturated fatty acids (n-9) (peroxisomal)","",1
MAR03350,"Beta oxidation of unsaturated fatty acids (n-9) (peroxisomal)","",1
MAR03351,"Beta oxidation of unsaturated fatty acids (n-9) (peroxisomal)","",1
MAR03352,"Beta oxidation of unsaturated fatty acids (n-9) (peroxisomal)","",1
MAR03353,"Beta oxidation of unsaturated fatty acids (n-9) (peroxisomal)","",1
MAR03355,"Beta oxidation of unsaturated fatty acids (n-9) (peroxisomal)","",1
MAR03364,"Beta oxidation of unsaturated fatty acids (n-9) (peroxisomal)","",1
MAR03365,"Beta oxidation of unsaturated fatty acids (n-9) (peroxisomal)","",1
MAR03367,"Beta oxidation of unsaturated fatty acids (n-9) (peroxisomal)","",1
MAR03368,"Beta oxidation of unsaturated fatty acids (n-9) (peroxisomal)","",1
MAR03369,"Beta oxidation of unsaturated fatty acids (n-9) (peroxisomal)","",1
MAR03370,"Beta oxidation of unsaturated fatty acids (n-9) (peroxisomal)","",1
MAR03372,"Beta oxidation of unsaturated fatty acids (n-9) (peroxisomal)","",1
MAR03373,"Beta oxidation of unsaturated fatty acids (n-9) (peroxisomal)","",1
MAR03375,"Beta oxidation of unsaturated fatty acids (n-9) (peroxisomal)","",1
MAR03478,"Transport reactions","",0
MAR03480,"Beta oxidation of phytanic acid (peroxisomal)","",1
MAR03481,"Transport reactions","",1
MAR03482,"Beta oxidation of phytanic acid (peroxisomal)","",1
MAR03484,"Beta oxidation of phytanic acid (peroxisomal)","",1
MAR03486,"Beta oxidation of phytanic acid (peroxisomal)","",1
MAR03488,"Beta oxidation of phytanic acid (peroxisomal)","",1
MAR03489,"Beta oxidation of phytanic acid (peroxisomal)","",1
MAR03491,"Beta oxidation of phytanic acid (peroxisomal)","",1
MAR03493,"Beta oxidation of phytanic acid (peroxisomal)","",1
MAR03498,"Beta oxidation of phytanic acid (peroxisomal)","",1
MAR03501,"Beta oxidation of phytanic acid (peroxisomal)","",1
MAR03503,"Beta oxidation of phytanic acid (peroxisomal)","",1
MAR03505,"Beta oxidation of phytanic acid (peroxisomal)","",1
MAR03506,"Beta oxidation of phytanic acid (peroxisomal)","",1
MAR03508,"Beta oxidation of phytanic acid (peroxisomal)","",1
MAR03509,"Beta oxidation of phytanic acid (peroxisomal)","",1
MAR03510,"Beta oxidation of phytanic acid (peroxisomal)","",1
MAR03511,"Beta oxidation of phytanic acid (peroxisomal)","",1
MAR03512,"Beta oxidation of phytanic acid (peroxisomal)","",1
MAR03513,"Beta oxidation of phytanic acid (peroxisomal)","",1
MAR03514,"Beta oxidation of phytanic acid (peroxisomal)","",1
MAR03515,"Beta oxidation of phytanic acid (peroxisomal)","",1
MAR03517,"Transport reactions","",0
MAR03301,"Beta oxidation of di-unsaturated fatty acids (n-6) (peroxisomal)","",1
MAR03302,"Beta oxidation of di-unsaturated fatty acids (n-6) (peroxisomal)","",1
MAR03304,"Beta oxidation of di-unsaturated fatty acids (n-6) (peroxisomal)","",1
MAR03305,"Beta oxidation of di-unsaturated fatty acids (n-6) (peroxisomal)","",1
MAR03306,"Beta oxidation of di-unsaturated fatty acids (n-6) (peroxisomal)","",1
MAR03307,"Beta oxidation of di-unsaturated fatty acids (n-6) (peroxisomal)","",1
MAR03309,"Beta oxidation of di-unsaturated fatty acids (n-6) (peroxisomal)","",1
MAR03310,"Beta oxidation of di-unsaturated fatty acids (n-6) (peroxisomal)","",1
MAR03311,"Beta oxidation of di-unsaturated fatty acids (n-6) (peroxisomal)","",1
MAR03312,"Beta oxidation of di-unsaturated fatty acids (n-6) (peroxisomal)","",1
MAR03314,"Beta oxidation of di-unsaturated fatty acids (n-6) (peroxisomal)","",1
MAR03315,"Beta oxidation of di-unsaturated fatty acids (n-6) (peroxisomal)","",1
MAR03316,"Beta oxidation of di-unsaturated fatty acids (n-6) (peroxisomal)","",1
MAR03317,"Beta oxidation of di-unsaturated fatty acids (n-6) (peroxisomal)","",1
MAR03319,"Beta oxidation of di-unsaturated fatty acids (n-6) (peroxisomal)","",1
MAR03320,"Beta oxidation of di-unsaturated fatty acids (n-6) (peroxisomal)","",1
MAR03321,"Beta oxidation of di-unsaturated fatty acids (n-6) (peroxisomal)","",1
MAR03322,"Beta oxidation of di-unsaturated fatty acids (n-6) (peroxisomal)","",1
MAR03323,"Beta oxidation of di-unsaturated fatty acids (n-6) (peroxisomal)","",1
MAR03107,"Beta oxidation of even-chain fatty acids (mitochondrial)","",1
MAR03108,"Beta oxidation of even-chain fatty acids (mitochondrial)","",1
MAR03109,"Beta oxidation of even-chain fatty acids (mitochondrial)","",1
MAR03110,"Beta oxidation of even-chain fatty acids (mitochondrial)","",1
MAR03111,"Beta oxidation of even-chain fatty acids (mitochondrial)","",1
MAR03112,"Beta oxidation of even-chain fatty acids (mitochondrial)","",1
MAR03113,"Beta oxidation of even-chain fatty acids (mitochondrial)","",1
MAR03114,"Beta oxidation of even-chain fatty acids (mitochondrial)","",1
MAR03115,"Beta oxidation of even-chain fatty acids (mitochondrial)","",1
MAR03116,"Beta oxidation of even-chain fatty acids (mitochondrial)","",1
MAR03117,"Beta oxidation of even-chain fatty acids (mitochondrial)","",1
MAR03118,"Beta oxidation of even-chain fatty acids (mitochondrial)","",1
MAR03121,"Beta oxidation of even-chain fatty acids (mitochondrial)","",1
MAR03122,"Beta oxidation of even-chain fatty acids (mitochondrial)","",1
MAR03123,"Beta oxidation of even-chain fatty acids (mitochondrial)","",1
MAR03125,"Beta oxidation of even-chain fatty acids (mitochondrial)","",1
MAR03128,"Beta oxidation of even-chain fatty acids (mitochondrial)","",1
MAR03129,"Beta oxidation of even-chain fatty acids (mitochondrial)","",1
MAR03130,"Beta oxidation of even-chain fatty acids (mitochondrial)","",1
MAR03132,"Beta oxidation of even-chain fatty acids (mitochondrial)","",1
MAR03135,"Beta oxidation of even-chain fatty acids (mitochondrial)","",1
MAR03136,"Beta oxidation of even-chain fatty acids (mitochondrial)","",1
MAR03137,"Beta oxidation of even-chain fatty acids (mitochondrial)","",1
MAR03139,"Beta oxidation of even-chain fatty acids (mitochondrial)","",1
MAR03142,"Beta oxidation of even-chain fatty acids (mitochondrial)","",1
MAR03143,"Beta oxidation of even-chain fatty acids (mitochondrial)","",1
MAR03144,"Beta oxidation of even-chain fatty acids (mitochondrial)","",1
MAR03146,"Beta oxidation of even-chain fatty acids (mitochondrial)","",1
MAR03149,"Beta oxidation of even-chain fatty acids (mitochondrial)","",1
MAR03150,"Beta oxidation of even-chain fatty acids (mitochondrial)","",1
MAR03151,"Beta oxidation of even-chain fatty acids (mitochondrial)","",1
MAR03153,"Beta oxidation of even-chain fatty acids (mitochondrial)","",1
MAR03156,"Beta oxidation of even-chain fatty acids (mitochondrial)","",1
MAR03157,"Beta oxidation of even-chain fatty acids (mitochondrial)","",1
MAR03158,"Beta oxidation of even-chain fatty acids (mitochondrial)","",1
MAR03160,"Beta oxidation of even-chain fatty acids (mitochondrial)","",1
MAR03398,"Beta oxidation of even-chain fatty acids (mitochondrial)","",1
MAR03406,"Beta oxidation of even-chain fatty acids (mitochondrial)","",1
MAR03407,"Beta oxidation of even-chain fatty acids (mitochondrial)","",1
MAR03408,"Beta oxidation of even-chain fatty acids (mitochondrial)","",1
MAR03409,"Beta oxidation of even-chain fatty acids (mitochondrial)","",1
MAR03411,"Beta oxidation of even-chain fatty acids (mitochondrial)","",1
MAR03413,"Beta oxidation of even-chain fatty acids (mitochondrial)","",1
MAR03414,"Beta oxidation of even-chain fatty acids (mitochondrial)","",1
MAR03416,"Beta oxidation of even-chain fatty acids (mitochondrial)","",1
MAR03421,"Beta oxidation of even-chain fatty acids (mitochondrial)","",1
MAR03422,"Beta oxidation of even-chain fatty acids (mitochondrial)","",1
MAR03423,"Beta oxidation of even-chain fatty acids (mitochondrial)","",1
MAR03424,"Beta oxidation of even-chain fatty acids (mitochondrial)","",1
MAR03425,"Beta oxidation of even-chain fatty acids (mitochondrial)","",1
MAR03426,"Beta oxidation of even-chain fatty acids (mitochondrial)","",1
MAR09719,"Beta oxidation of even-chain fatty acids (mitochondrial)","",1
MAR03427,"Beta oxidation of even-chain fatty acids (mitochondrial)","",1
MAR03428,"Beta oxidation of even-chain fatty acids (mitochondrial)","",1
MAR03429,"Beta oxidation of even-chain fatty acids (mitochondrial)","",1
MAR03430,"Beta oxidation of even-chain fatty acids (mitochondrial)","",1
MAR03431,"Beta oxidation of even-chain fatty acids (mitochondrial)","",1
MAR03432,"Beta oxidation of even-chain fatty acids (mitochondrial)","",1
MAR03433,"Beta oxidation of even-chain fatty acids (mitochondrial)","",1
MAR03170,"Beta oxidation of odd-chain fatty acids (mitochondrial)","",1
MAR03171,"Beta oxidation of odd-chain fatty acids (mitochondrial)","",1
MAR03172,"Beta oxidation of odd-chain fatty acids (mitochondrial)","",1
MAR03173,"Beta oxidation of odd-chain fatty acids (mitochondrial)","",1
MAR03174,"Beta oxidation of odd-chain fatty acids (mitochondrial)","",1
MAR03175,"Beta oxidation of odd-chain fatty acids (mitochondrial)","",1
MAR03176,"Beta oxidation of odd-chain fatty acids (mitochondrial)","",1
MAR03177,"Beta oxidation of odd-chain fatty acids (mitochondrial)","",1
MAR03178,"Beta oxidation of odd-chain fatty acids (mitochondrial)","",1
MAR03179,"Beta oxidation of odd-chain fatty acids (mitochondrial)","",1
MAR03180,"Beta oxidation of odd-chain fatty acids (mitochondrial)","",1
MAR03181,"Beta oxidation of odd-chain fatty acids (mitochondrial)","",1
MAR03182,"Beta oxidation of odd-chain fatty acids (mitochondrial)","",1
MAR03183,"Beta oxidation of odd-chain fatty acids (mitochondrial)","",1
MAR03184,"Beta oxidation of odd-chain fatty acids (mitochondrial)","",1
MAR03185,"Beta oxidation of odd-chain fatty acids (mitochondrial)","",1
MAR03186,"Beta oxidation of odd-chain fatty acids (mitochondrial)","",1
MAR03187,"Beta oxidation of odd-chain fatty acids (mitochondrial)","",1
MAR03188,"Beta oxidation of odd-chain fatty acids (mitochondrial)","",1
MAR03189,"Beta oxidation of odd-chain fatty acids (mitochondrial)","",1
MAR03190,"Beta oxidation of odd-chain fatty acids (mitochondrial)","",1
MAR03191,"Beta oxidation of odd-chain fatty acids (mitochondrial)","",1
MAR03192,"Beta oxidation of odd-chain fatty acids (mitochondrial)","",1
MAR03193,"Beta oxidation of odd-chain fatty acids (mitochondrial)","",1
MAR03194,"Beta oxidation of odd-chain fatty acids (mitochondrial)","",1
MAR03195,"Beta oxidation of odd-chain fatty acids (mitochondrial)","",1
MAR03196,"Beta oxidation of odd-chain fatty acids (mitochondrial)","",1
MAR03197,"Beta oxidation of odd-chain fatty acids (mitochondrial)","",1
MAR03198,"Beta oxidation of odd-chain fatty acids (mitochondrial)","",1
MAR03199,"Beta oxidation of odd-chain fatty acids (mitochondrial)","",1
MAR03200,"Beta oxidation of odd-chain fatty acids (mitochondrial)","",1
MAR03201,"Beta oxidation of odd-chain fatty acids (mitochondrial)","",1
MAR03202,"Beta oxidation of odd-chain fatty acids (mitochondrial)","",1
MAR03203,"Beta oxidation of odd-chain fatty acids (mitochondrial)","",1
MAR03204,"Beta oxidation of odd-chain fatty acids (mitochondrial)","",1
MAR03205,"Beta oxidation of odd-chain fatty acids (mitochondrial)","",1
MAR03396,"Beta oxidation of odd-chain fatty acids (mitochondrial)","",0
MAR03397,"Beta oxidation of odd-chain fatty acids (mitochondrial)","",0
MAR03240,"Beta oxidation of unsaturated fatty acids (n-7) (mitochondrial)","",1
MAR03241,"Beta oxidation of unsaturated fatty acids (n-7) (mitochondrial)","",1
MAR03242,"Beta oxidation of unsaturated fatty acids (n-7) (mitochondrial)","",1
MAR03243,"Beta oxidation of unsaturated fatty acids (n-7) (mitochondrial)","",1
MAR03244,"Beta oxidation of unsaturated fatty acids (n-7) (mitochondrial)","",1
MAR03245,"Beta oxidation of unsaturated fatty acids (n-7) (mitochondrial)","",1
MAR03246,"Beta oxidation of unsaturated fatty acids (n-7) (mitochondrial)","",1
MAR03247,"Beta oxidation of unsaturated fatty acids (n-7) (mitochondrial)","",1
MAR03250,"Beta oxidation of unsaturated fatty acids (n-7) (mitochondrial)","",1
MAR03252,"Beta oxidation of unsaturated fatty acids (n-7) (mitochondrial)","",1
MAR03254,"Beta oxidation of unsaturated fatty acids (n-7) (mitochondrial)","",1
MAR03256,"Beta oxidation of unsaturated fatty acids (n-7) (mitochondrial)","",1
MAR03258,"Beta oxidation of unsaturated fatty acids (n-7) (mitochondrial)","",1
MAR03260,"Beta oxidation of unsaturated fatty acids (n-7) (mitochondrial)","",1
MAR03262,"Beta oxidation of unsaturated fatty acids (n-7) (mitochondrial)","",1
MAR03264,"Beta oxidation of unsaturated fatty acids (n-7) (mitochondrial)","",1
MAR03272,"Beta oxidation of unsaturated fatty acids (n-7) (mitochondrial)","",1
MAR03356,"Beta oxidation of unsaturated fatty acids (n-7) (peroxisomal)","",1
MAR03357,"Beta oxidation of unsaturated fatty acids (n-7) (peroxisomal)","",1
MAR03358,"Beta oxidation of unsaturated fatty acids (n-7) (peroxisomal)","",1
MAR03359,"Beta oxidation of unsaturated fatty acids (n-7) (peroxisomal)","",1
MAR03360,"Beta oxidation of unsaturated fatty acids (n-7) (peroxisomal)","",1
MAR03361,"Beta oxidation of unsaturated fatty acids (n-7) (peroxisomal)","",1
MAR03362,"Beta oxidation of unsaturated fatty acids (n-7) (peroxisomal)","",1
MAR03363,"Beta oxidation of unsaturated fatty acids (n-7) (peroxisomal)","",1
MAR03218,"Beta oxidation of unsaturated fatty acids (n-9) (mitochondrial)","",1
MAR03219,"Beta oxidation of unsaturated fatty acids (n-9) (mitochondrial)","",1
MAR03220,"Beta oxidation of unsaturated fatty acids (n-9) (mitochondrial)","",1
MAR03221,"Beta oxidation of unsaturated fatty acids (n-9) (mitochondrial)","",1
MAR03222,"Beta oxidation of unsaturated fatty acids (n-9) (mitochondrial)","",1
MAR03223,"Beta oxidation of unsaturated fatty acids (n-9) (mitochondrial)","",1
MAR03224,"Beta oxidation of unsaturated fatty acids (n-9) (mitochondrial)","",1
MAR03225,"Beta oxidation of unsaturated fatty acids (n-9) (mitochondrial)","",1
MAR03226,"Beta oxidation of unsaturated fatty acids (n-9) (mitochondrial)","",1
MAR03227,"Beta oxidation of unsaturated fatty acids (n-9) (mitochondrial)","",1
MAR03228,"Beta oxidation of unsaturated fatty acids (n-9) (mitochondrial)","",1
MAR03229,"Beta oxidation of unsaturated fatty acids (n-9) (mitochondrial)","",1
MAR03230,"Beta oxidation of unsaturated fatty acids (n-9) (mitochondrial)","",1
MAR03231,"Beta oxidation of unsaturated fatty acids (n-9) (mitochondrial)","",1
MAR03232,"Beta oxidation of unsaturated fatty acids (n-9) (mitochondrial)","",1
MAR03233,"Beta oxidation of unsaturated fatty acids (n-9) (mitochondrial)","",1
MAR03234,"Beta oxidation of unsaturated fatty acids (n-9) (mitochondrial)","",1
MAR03235,"Beta oxidation of unsaturated fatty acids (n-9) (mitochondrial)","",1
MAR03236,"Beta oxidation of unsaturated fatty acids (n-9) (mitochondrial)","",1
MAR03237,"Beta oxidation of unsaturated fatty acids (n-9) (mitochondrial)","",1
MAR03239,"Beta oxidation of unsaturated fatty acids (n-9) (mitochondrial)","",1
MAR03275,"Beta oxidation of di-unsaturated fatty acids (n-6) (mitochondrial)","",1
MAR03277,"Beta oxidation of di-unsaturated fatty acids (n-6) (mitochondrial)","",1
MAR03278,"Beta oxidation of di-unsaturated fatty acids (n-6) (mitochondrial)","",1
MAR03279,"Beta oxidation of di-unsaturated fatty acids (n-6) (mitochondrial)","",1
MAR03280,"Beta oxidation of di-unsaturated fatty acids (n-6) (mitochondrial)","",1
MAR03281,"Beta oxidation of di-unsaturated fatty acids (n-6) (mitochondrial)","",1
MAR03282,"Beta oxidation of di-unsaturated fatty acids (n-6) (mitochondrial)","",1
MAR03283,"Beta oxidation of di-unsaturated fatty acids (n-6) (mitochondrial)","",1
MAR03284,"Beta oxidation of di-unsaturated fatty acids (n-6) (mitochondrial)","",1
MAR03285,"Beta oxidation of di-unsaturated fatty acids (n-6) (mitochondrial)","",1
MAR03286,"Beta oxidation of di-unsaturated fatty acids (n-6) (mitochondrial)","",1
MAR03287,"Beta oxidation of di-unsaturated fatty acids (n-6) (mitochondrial)","",1
MAR03288,"Beta oxidation of di-unsaturated fatty acids (n-6) (mitochondrial)","",1
MAR03290,"Beta oxidation of di-unsaturated fatty acids (n-6) (mitochondrial)","",1
MAR03292,"Beta oxidation of di-unsaturated fatty acids (n-6) (mitochondrial)","",1
MAR03293,"Beta oxidation of di-unsaturated fatty acids (n-6) (mitochondrial)","",1
MAR03294,"Beta oxidation of di-unsaturated fatty acids (n-6) (mitochondrial)","",1
MAR03296,"Beta oxidation of di-unsaturated fatty acids (n-6) (mitochondrial)","",1
MAR03298,"Beta oxidation of di-unsaturated fatty acids (n-6) (mitochondrial)","",1
MAR01174,"Beta oxidation of poly-unsaturated fatty acids (mitochondrial)","",1
MAR01175,"Beta oxidation of poly-unsaturated fatty acids (mitochondrial)","",1
MAR01176,"Beta oxidation of poly-unsaturated fatty acids (mitochondrial)","",1
MAR01177,"Beta oxidation of poly-unsaturated fatty acids (mitochondrial)","",1
MAR01178,"Beta oxidation of poly-unsaturated fatty acids (mitochondrial)","",1
MAR01179,"Beta oxidation of poly-unsaturated fatty acids (mitochondrial)","",1
MAR01180,"Beta oxidation of poly-unsaturated fatty acids (mitochondrial)","",1
MAR01181,"Beta oxidation of poly-unsaturated fatty acids (mitochondrial)","",1
MAR01182,"Beta oxidation of poly-unsaturated fatty acids (mitochondrial)","",1
MAR01183,"Beta oxidation of poly-unsaturated fatty acids (mitochondrial)","",1
MAR01184,"Beta oxidation of poly-unsaturated fatty acids (mitochondrial)","",1
MAR01216,"Beta oxidation of poly-unsaturated fatty acids (mitochondrial)","",1
MAR01217,"Beta oxidation of poly-unsaturated fatty acids (mitochondrial)","",1
MAR01218,"Beta oxidation of poly-unsaturated fatty acids (mitochondrial)","",1
MAR01219,"Beta oxidation of poly-unsaturated fatty acids (mitochondrial)","",1
MAR01220,"Beta oxidation of poly-unsaturated fatty acids (mitochondrial)","",1
MAR01221,"Beta oxidation of poly-unsaturated fatty acids (mitochondrial)","",1
MAR01222,"Beta oxidation of poly-unsaturated fatty acids (mitochondrial)","",1
MAR01223,"Beta oxidation of poly-unsaturated fatty acids (mitochondrial)","",1
MAR01224,"Beta oxidation of poly-unsaturated fatty acids (mitochondrial)","",1
MAR01225,"Beta oxidation of poly-unsaturated fatty acids (mitochondrial)","",1
MAR01226,"Beta oxidation of poly-unsaturated fatty acids (mitochondrial)","",1
MAR03522,"Beta oxidation of branched-chain fatty acids (mitochondrial)","",1
MAR03523,"Beta oxidation of branched-chain fatty acids (mitochondrial)","",1
MAR03524,"Beta oxidation of branched-chain fatty acids (mitochondrial)","",1
MAR03525,"Beta oxidation of branched-chain fatty acids (mitochondrial)","",1
MAR03526,"Beta oxidation of branched-chain fatty acids (mitochondrial)","",1
MAR03527,"Beta oxidation of branched-chain fatty acids (mitochondrial)","",1
MAR03528,"Beta oxidation of branched-chain fatty acids (mitochondrial)","",1
MAR03529,"Beta oxidation of branched-chain fatty acids (mitochondrial)","",1
MAR03530,"Beta oxidation of branched-chain fatty acids (mitochondrial)","",1
MAR03531,"Beta oxidation of branched-chain fatty acids (mitochondrial)","",1
MAR03532,"Beta oxidation of branched-chain fatty acids (mitochondrial)","",1
MAR03533,"Beta oxidation of branched-chain fatty acids (mitochondrial)","",1
MAR03534,"Beta oxidation of branched-chain fatty acids (mitochondrial)","",1
MAR01573,"Terpenoid backbone biosynthesis","",1
MAR06901,"Terpenoid backbone biosynthesis","",1
MAR06903,"Terpenoid backbone biosynthesis","",1
MAR06904,"Terpenoid backbone biosynthesis","",1
MAR06905,"Terpenoid backbone biosynthesis","",1
MAR06906,"Terpenoid backbone biosynthesis","",0
MAR06907,"Terpenoid backbone biosynthesis","",1
MAR06908,"Terpenoid backbone biosynthesis","",1
MAR06909,"Terpenoid backbone biosynthesis","",1
MAR06910,"Terpenoid backbone biosynthesis","",1
MAR07165,"Terpenoid backbone biosynthesis","",0
MAR07166,"Terpenoid backbone biosynthesis","",1
MAR07167,"Terpenoid backbone biosynthesis","",1
MAR07168,"Terpenoid backbone biosynthesis","",1
MAR07169,"Terpenoid backbone biosynthesis","",0
MAR07170,"Terpenoid backbone biosynthesis","",1
MAR09722,"Terpenoid backbone biosynthesis","",1
MAR01644,"Steroid metabolism","",1
MAR01651,"Steroid metabolism","",1
MAR01920,"Steroid metabolism","",1
MAR01924,"Steroid metabolism","",1
MAR01926,"Steroid metabolism","",0
MAR01927,"Steroid metabolism","",1
MAR01928,"Steroid metabolism","",1
MAR01929,"Steroid metabolism","",1
MAR01931,"Steroid metabolism","",1
MAR01932,"Steroid metabolism","",1
MAR01933,"Steroid metabolism","",1
MAR01934,"Steroid metabolism","",1
MAR01935,"Steroid metabolism","",1
MAR01940,"Steroid metabolism","Formation of 21-hydroxypregnenolone",1
MAR01941,"Steroid metabolism","Formation of 11-deoxycorticosterone",1
MAR01943,"Steroid metabolism","",1
MAR01948,"Steroid metabolism","",1
MAR01949,"Steroid metabolism","",1
MAR01951,"Steroid metabolism","",1
MAR01990,"Steroid metabolism","",1
MAR01991,"Steroid metabolism","",1
MAR01992,"Steroid metabolism","",1
MAR02002,"Steroid metabolism","",1
MAR02003,"Steroid metabolism","",1
MAR02004,"Steroid metabolism","",1
MAR02005,"Steroid metabolism","",1
MAR02007,"Steroid metabolism","",1
MAR04766,"Steroid metabolism","",1
MAR06793,"Steroid metabolism","",1
MAR06794,"Steroid metabolism","",1
MAR06795,"Steroid metabolism","",1
MAR06796,"Steroid metabolism","",1
MAR07648,"Steroid metabolism","",1
MAR07928,"Steroid metabolism","",1
MAR07930,"Steroid metabolism","",1
MAR07931,"Steroid metabolism","",1
MAR07932,"Steroid metabolism","",1
MAR07935,"Steroid metabolism","",1
MAR07936,"Steroid metabolism","",1
MAR07937,"Steroid metabolism","",1
MAR07938,"Steroid metabolism","",1
MAR07939,"Steroid metabolism","",1
MAR07940,"Steroid metabolism","",1
MAR07941,"Steroid metabolism","",1
MAR07942,"Steroid metabolism","",1
MAR07943,"Steroid metabolism","",1
MAR07945,"Steroid metabolism","",1
MAR07948,"Steroid metabolism","",1
MAR07950,"Steroid metabolism","",1
MAR07952,"Steroid metabolism","",1
MAR07954,"Steroid metabolism","",1
MAR07955,"Steroid metabolism","",1
MAR07957,"Steroid metabolism","",1
MAR07958,"Steroid metabolism","",1
MAR07959,"Steroid metabolism","",1
MAR07962,"Steroid metabolism","",1
MAR07965,"Steroid metabolism","",1
MAR07968,"Steroid metabolism","",1
MAR02041,"Steroid metabolism","17-beta-estradiol 17-dehydrogenase",1
MAR07970,"Steroid metabolism","",1
MAR07971,"Steroid metabolism","",1
MAR07972,"Steroid metabolism","",1
MAR07973,"Steroid metabolism","",1
MAR07974,"Steroid metabolism","",1
MAR07976,"Steroid metabolism","",1
MAR07978,"Steroid metabolism","",1
MAR07980,"Steroid metabolism","",1
MAR07984,"Steroid metabolism","",1
MAR07987,"Steroid metabolism","",1
MAR01944,"Androgen metabolism","",1
MAR01945,"Androgen metabolism","",1
MAR01952,"Androgen metabolism","",1
MAR01953,"Androgen metabolism","",1
MAR01958,"Androgen metabolism","",1
MAR01959,"Androgen metabolism","",1
MAR01960,"Androgen metabolism","",1
MAR01962,"Androgen metabolism","",1
MAR01963,"Androgen metabolism","",1
MAR01967,"Androgen metabolism","",1
MAR01968,"Androgen metabolism","",1
MAR01969,"Androgen metabolism","",1
MAR01970,"Androgen metabolism","",1
MAR01971,"Androgen metabolism","",1
MAR01973,"Androgen metabolism","",1
MAR01974,"Androgen metabolism","",1
MAR01976,"Androgen metabolism","",1
MAR01977,"Androgen metabolism","",1
MAR01978,"Androgen metabolism","",1
MAR01982,"Androgen metabolism","",1
MAR01983,"Androgen metabolism","",1
MAR02014,"Androgen metabolism","",1
MAR02015,"Androgen metabolism","",1
MAR02016,"Androgen metabolism","",1
MAR02017,"Androgen metabolism","",1
MAR02018,"Androgen metabolism","",1
MAR02019,"Androgen metabolism","",1
MAR02020,"Androgen metabolism","",1
MAR02022,"Androgen metabolism","",1
MAR02024,"Androgen metabolism","",1
MAR02025,"Androgen metabolism","",1
MAR01440,"Cholesterol biosynthesis 1 (Bloch pathway)","",1
MAR01445,"Cholesterol biosynthesis 1 (Bloch pathway)","",1
MAR01448,"Cholesterol biosynthesis 1 (Bloch pathway)","",1
MAR01454,"Cholesterol biosynthesis 1 (Bloch pathway)","",1
MAR01465,"Cholesterol biosynthesis 1 (Bloch pathway)","",1
MAR01467,"Cholesterol biosynthesis 1 (Bloch pathway)","",1
MAR01470,"Cholesterol biosynthesis 1 (Bloch pathway)","",1
MAR01473,"Cholesterol biosynthesis 1 (Bloch pathway)","",1
MAR01477,"Cholesterol biosynthesis 1 (Bloch pathway)","",1
MAR01478,"Cholesterol biosynthesis 1 (Bloch pathway)","",1
MAR01479,"Cholesterol biosynthesis 1 (Bloch pathway)","",1
MAR01484,"Cholesterol biosynthesis 1 (Bloch pathway)","",1
MAR01490,"Cholesterol biosynthesis 1 (Bloch pathway)","",1
MAR01493,"Cholesterol biosynthesis 1 (Bloch pathway)","",1
MAR01494,"Cholesterol biosynthesis 1 (Bloch pathway)","",1
MAR01495,"Cholesterol biosynthesis 1 (Bloch pathway)","",1
MAR01496,"Cholesterol biosynthesis 1 (Bloch pathway)","",1
MAR01500,"Cholesterol biosynthesis 1 (Bloch pathway)","",1
MAR01502,"Cholesterol biosynthesis 1 (Bloch pathway)","",1
MAR01503,"Cholesterol biosynthesis 1 (Bloch pathway)","",1
MAR01504,"Cholesterol biosynthesis 1 (Bloch pathway)","",1
MAR01505,"Cholesterol biosynthesis 1 (Bloch pathway)","",1
MAR01509,"Cholesterol biosynthesis 1 (Bloch pathway)","",1
MAR01512,"Cholesterol biosynthesis 1 (Bloch pathway)","",1
MAR01516,"Cholesterol biosynthesis 1 (Bloch pathway)","",1
MAR01519,"Cholesterol biosynthesis 1 (Bloch pathway)","",1
MAR01526,"Cholesterol biosynthesis 1 (Bloch pathway)","",1
MAR01533,"Cholesterol biosynthesis 2","",1
MAR01557,"Cholesterol biosynthesis 2","",1
MAR01558,"Cholesterol biosynthesis 2","",1
MAR01565,"Cholesterol biosynthesis 2","",1
MAR01535,"Cholesterol biosynthesis 3 (Kandustch-Russell pathway)","",1
MAR01536,"Cholesterol biosynthesis 3 (Kandustch-Russell pathway)","",1
MAR01538,"Cholesterol biosynthesis 3 (Kandustch-Russell pathway)","",1
MAR01539,"Cholesterol biosynthesis 3 (Kandustch-Russell pathway)","",1
MAR01540,"Cholesterol biosynthesis 3 (Kandustch-Russell pathway)","",1
MAR01543,"Cholesterol biosynthesis 3 (Kandustch-Russell pathway)","",1
MAR01544,"Cholesterol biosynthesis 3 (Kandustch-Russell pathway)","",1
MAR01545,"Cholesterol biosynthesis 3 (Kandustch-Russell pathway)","",1
MAR01546,"Cholesterol biosynthesis 3 (Kandustch-Russell pathway)","",1
MAR01547,"Cholesterol biosynthesis 3 (Kandustch-Russell pathway)","",1
MAR01548,"Cholesterol biosynthesis 3 (Kandustch-Russell pathway)","",1
MAR01549,"Cholesterol biosynthesis 3 (Kandustch-Russell pathway)","",1
MAR01550,"Cholesterol biosynthesis 3 (Kandustch-Russell pathway)","",1
MAR01551,"Cholesterol biosynthesis 3 (Kandustch-Russell pathway)","",1
MAR01552,"Cholesterol biosynthesis 3 (Kandustch-Russell pathway)","",1
MAR01553,"Cholesterol biosynthesis 3 (Kandustch-Russell pathway)","",1
MAR01437,"Cholesterol metabolism","",1
MAR01451,"Cholesterol metabolism","",1
MAR01457,"Cholesterol metabolism","",1
MAR01460,"Cholesterol metabolism","",1
MAR01531,"Cholesterol metabolism","",1
MAR01570,"Cholesterol metabolism","",1
MAR01576,"Cholesterol metabolism","",1
MAR01577,"Cholesterol metabolism","",1
MAR03105,"Cholesterol metabolism","",1
MAR04630,"Cholesterol metabolism","",1
MAR02029,"Estrogen metabolism","",1
MAR02030,"Estrogen metabolism","",1
MAR02031,"Estrogen metabolism","",1
MAR02032,"Estrogen metabolism","",1
MAR02033,"Estrogen metabolism","",1
MAR02034,"Estrogen metabolism","",1
MAR02036,"Estrogen metabolism","",1
MAR02037,"Estrogen metabolism","",1
MAR02038,"Estrogen metabolism","",1
MAR02042,"Estrogen metabolism","",1
MAR02043,"Estrogen metabolism","",1
MAR02044,"Estrogen metabolism","",1
MAR02045,"Estrogen metabolism","",1
MAR02046,"Estrogen metabolism","",1
MAR02047,"Estrogen metabolism","",1
MAR02048,"Estrogen metabolism","",1
MAR02049,"Estrogen metabolism","",1
MAR02050,"Estrogen metabolism","",1
MAR02051,"Estrogen metabolism","",1
MAR02052,"Estrogen metabolism","",1
MAR02053,"Estrogen metabolism","",1
MAR02054,"Estrogen metabolism","",1
MAR02055,"Estrogen metabolism","",1
MAR02056,"Estrogen metabolism","",1
MAR02057,"Estrogen metabolism","",1
MAR02058,"Estrogen metabolism","",1
MAR02059,"Estrogen metabolism","",1
MAR02060,"Estrogen metabolism","",1
MAR02061,"Estrogen metabolism","",1
MAR02062,"Estrogen metabolism","",1
MAR02063,"Estrogen metabolism","",1
MAR02064,"Estrogen metabolism","",0
MAR02068,"Estrogen metabolism","",1
MAR02069,"Estrogen metabolism","",1
MAR02070,"Estrogen metabolism","",1
MAR02071,"Estrogen metabolism","",1
MAR02072,"Estrogen metabolism","",1
MAR02073,"Estrogen metabolism","",1
MAR02074,"Estrogen metabolism","",1
MAR02075,"Estrogen metabolism","",1
MAR02076,"Estrogen metabolism","",1
MAR02077,"Estrogen metabolism","",1
MAR02078,"Estrogen metabolism","",1
MAR02079,"Estrogen metabolism","",0
MAR02083,"Estrogen metabolism","",1
MAR02084,"Estrogen metabolism","",1
MAR02085,"Estrogen metabolism","",1
MAR02086,"Estrogen metabolism","",1
MAR02088,"Estrogen metabolism","",1
MAR02089,"Estrogen metabolism","",1
MAR02091,"Estrogen metabolism","",0
MAR02095,"Estrogen metabolism","",1
MAR02096,"Estrogen metabolism","",1
MAR02097,"Estrogen metabolism","",1
MAR02098,"Estrogen metabolism","",1
MAR02099,"Estrogen metabolism","",1
MAR02100,"Estrogen metabolism","",1
MAR02102,"Estrogen metabolism","",0
MAR02106,"Estrogen metabolism","",1
MAR02107,"Estrogen metabolism","",1
MAR02108,"Estrogen metabolism","",1
MAR02109,"Estrogen metabolism","",1
MAR02110,"Estrogen metabolism","",1
MAR02111,"Estrogen metabolism","",1
MAR02112,"Estrogen metabolism","",1
MAR02113,"Estrogen metabolism","",1
MAR03537,"Formation and hydrolysis of cholesterol esters","",0
MAR03538,"Formation and hydrolysis of cholesterol esters","",1
MAR03539,"Formation and hydrolysis of cholesterol esters","",1
MAR03540,"Formation and hydrolysis of cholesterol esters","",1
MAR03541,"Formation and hydrolysis of cholesterol esters","",1
MAR03542,"Formation and hydrolysis of cholesterol esters","",1
MAR03543,"Formation and hydrolysis of cholesterol esters","",1
MAR03544,"Formation and hydrolysis of cholesterol esters","",1
MAR03545,"Formation and hydrolysis of cholesterol esters","",1
MAR03546,"Formation and hydrolysis of cholesterol esters","",1
MAR03547,"Formation and hydrolysis of cholesterol esters","",1
MAR03548,"Formation and hydrolysis of cholesterol esters","",1
MAR03549,"Formation and hydrolysis of cholesterol esters","",1
MAR03550,"Formation and hydrolysis of cholesterol esters","",1
MAR03551,"Formation and hydrolysis of cholesterol esters","",1
MAR03552,"Formation and hydrolysis of cholesterol esters","",1
MAR03553,"Formation and hydrolysis of cholesterol esters","",1
MAR03554,"Formation and hydrolysis of cholesterol esters","",1
MAR03555,"Formation and hydrolysis of cholesterol esters","",1
MAR03556,"Formation and hydrolysis of cholesterol esters","",1
MAR03557,"Formation and hydrolysis of cholesterol esters","",1
MAR03558,"Formation and hydrolysis of cholesterol esters","",1
MAR03559,"Formation and hydrolysis of cholesterol esters","",1
MAR03560,"Formation and hydrolysis of cholesterol esters","",1
MAR03561,"Formation and hydrolysis of cholesterol esters","",1
MAR03562,"Formation and hydrolysis of cholesterol esters","",1
MAR03563,"Formation and hydrolysis of cholesterol esters","",1
MAR03564,"Formation and hydrolysis of cholesterol esters","",1
MAR03565,"Formation and hydrolysis of cholesterol esters","",1
MAR03566,"Formation and hydrolysis of cholesterol esters","",1
MAR03567,"Formation and hydrolysis of cholesterol esters","",1
MAR03568,"Formation and hydrolysis of cholesterol esters","",1
MAR03569,"Formation and hydrolysis of cholesterol esters","",1
MAR03570,"Formation and hydrolysis of cholesterol esters","",1
MAR03571,"Formation and hydrolysis of cholesterol esters","",1
MAR03572,"Formation and hydrolysis of cholesterol esters","",1
MAR03573,"Formation and hydrolysis of cholesterol esters","",1
MAR03574,"Formation and hydrolysis of cholesterol esters","",1
MAR03575,"Formation and hydrolysis of cholesterol esters","",1
MAR03576,"Formation and hydrolysis of cholesterol esters","",1
MAR03577,"Formation and hydrolysis of cholesterol esters","",1
MAR03578,"Formation and hydrolysis of cholesterol esters","",1
MAR03579,"Formation and hydrolysis of cholesterol esters","",1
MAR03580,"Formation and hydrolysis of cholesterol esters","",1
MAR03581,"Formation and hydrolysis of cholesterol esters","",1
MAR03582,"Formation and hydrolysis of cholesterol esters","",1
MAR03583,"Formation and hydrolysis of cholesterol esters","",1
MAR03584,"Formation and hydrolysis of cholesterol esters","",1
MAR03585,"Formation and hydrolysis of cholesterol esters","",1
MAR03586,"Formation and hydrolysis of cholesterol esters","",1
MAR03587,"Formation and hydrolysis of cholesterol esters","",1
MAR03588,"Formation and hydrolysis of cholesterol esters","",1
MAR03589,"Formation and hydrolysis of cholesterol esters","",1
MAR03590,"Formation and hydrolysis of cholesterol esters","",1
MAR03591,"Formation and hydrolysis of cholesterol esters","",1
MAR03592,"Formation and hydrolysis of cholesterol esters","",1
MAR03593,"Formation and hydrolysis of cholesterol esters","",1
MAR03594,"Formation and hydrolysis of cholesterol esters","",1
MAR03595,"Formation and hydrolysis of cholesterol esters","",1
MAR03596,"Formation and hydrolysis of cholesterol esters","",1
MAR03622,"Formation and hydrolysis of cholesterol esters","",0
MAR03625,"Formation and hydrolysis of cholesterol esters","",1
MAR03626,"Formation and hydrolysis of cholesterol esters","",1
MAR03627,"Formation and hydrolysis of cholesterol esters","",1
MAR03628,"Formation and hydrolysis of cholesterol esters","",1
MAR03629,"Formation and hydrolysis of cholesterol esters","",1
MAR03630,"Formation and hydrolysis of cholesterol esters","",1
MAR03631,"Formation and hydrolysis of cholesterol esters","",1
MAR03632,"Formation and hydrolysis of cholesterol esters","",1
MAR03633,"Formation and hydrolysis of cholesterol esters","",1
MAR03634,"Formation and hydrolysis of cholesterol esters","",1
MAR03635,"Formation and hydrolysis of cholesterol esters","",1
MAR03636,"Formation and hydrolysis of cholesterol esters","",1
MAR03637,"Formation and hydrolysis of cholesterol esters","",1
MAR03638,"Formation and hydrolysis of cholesterol esters","",1
MAR03639,"Formation and hydrolysis of cholesterol esters","",1
MAR03640,"Formation and hydrolysis of cholesterol esters","",1
MAR03641,"Formation and hydrolysis of cholesterol esters","",1
MAR03642,"Formation and hydrolysis of cholesterol esters","",1
MAR03643,"Formation and hydrolysis of cholesterol esters","",1
MAR03644,"Formation and hydrolysis of cholesterol esters","",1
MAR03645,"Formation and hydrolysis of cholesterol esters","",1
MAR03646,"Formation and hydrolysis of cholesterol esters","",1
MAR03647,"Formation and hydrolysis of cholesterol esters","",1
MAR03648,"Formation and hydrolysis of cholesterol esters","",1
MAR03649,"Formation and hydrolysis of cholesterol esters","",1
MAR03650,"Formation and hydrolysis of cholesterol esters","",1
MAR03651,"Formation and hydrolysis of cholesterol esters","",1
MAR03652,"Formation and hydrolysis of cholesterol esters","",1
MAR03653,"Formation and hydrolysis of cholesterol esters","",1
MAR03654,"Formation and hydrolysis of cholesterol esters","",1
MAR03655,"Formation and hydrolysis of cholesterol esters","",1
MAR03656,"Formation and hydrolysis of cholesterol esters","",1
MAR03657,"Formation and hydrolysis of cholesterol esters","",1
MAR03658,"Formation and hydrolysis of cholesterol esters","",1
MAR03659,"Formation and hydrolysis of cholesterol esters","",1
MAR03660,"Formation and hydrolysis of cholesterol esters","",1
MAR03661,"Formation and hydrolysis of cholesterol esters","",1
MAR03662,"Formation and hydrolysis of cholesterol esters","",1
MAR03663,"Formation and hydrolysis of cholesterol esters","",1
MAR03664,"Formation and hydrolysis of cholesterol esters","",1
MAR03665,"Formation and hydrolysis of cholesterol esters","",1
MAR03666,"Formation and hydrolysis of cholesterol esters","",1
MAR03667,"Formation and hydrolysis of cholesterol esters","",1
MAR03668,"Formation and hydrolysis of cholesterol esters","",1
MAR03669,"Formation and hydrolysis of cholesterol esters","",1
MAR03670,"Formation and hydrolysis of cholesterol esters","",1
MAR03671,"Formation and hydrolysis of cholesterol esters","",1
MAR03672,"Formation and hydrolysis of cholesterol esters","",1
MAR03673,"Formation and hydrolysis of cholesterol esters","",1
MAR03674,"Formation and hydrolysis of cholesterol esters","",1
MAR03675,"Formation and hydrolysis of cholesterol esters","",1
MAR03676,"Formation and hydrolysis of cholesterol esters","",1
MAR03677,"Formation and hydrolysis of cholesterol esters","",1
MAR03678,"Formation and hydrolysis of cholesterol esters","",1
MAR03679,"Formation and hydrolysis of cholesterol esters","",1
MAR03680,"Formation and hydrolysis of cholesterol esters","",1
MAR03681,"Formation and hydrolysis of cholesterol esters","",1
MAR03682,"Formation and hydrolysis of cholesterol esters","",1
MAR03683,"Formation and hydrolysis of cholesterol esters","",1
MAR03684,"Formation and hydrolysis of cholesterol esters","",1
MAR03685,"Formation and hydrolysis of cholesterol esters","",1
MAR03686,"Formation and hydrolysis of cholesterol esters","",1
MAR03687,"Formation and hydrolysis of cholesterol esters","",1
MAR03688,"Formation and hydrolysis of cholesterol esters","",1
MAR03689,"Formation and hydrolysis of cholesterol esters","",1
MAR03690,"Formation and hydrolysis of cholesterol esters","",1
MAR03691,"Formation and hydrolysis of cholesterol esters","",1
MAR03692,"Formation and hydrolysis of cholesterol esters","",1
MAR03693,"Formation and hydrolysis of cholesterol esters","",1
MAR03694,"Formation and hydrolysis of cholesterol esters","",1
MAR03695,"Formation and hydrolysis of cholesterol esters","",1
MAR03696,"Formation and hydrolysis of cholesterol esters","",1
MAR03697,"Formation and hydrolysis of cholesterol esters","",1
MAR03698,"Formation and hydrolysis of cholesterol esters","",1
MAR03699,"Formation and hydrolysis of cholesterol esters","",1
MAR03700,"Formation and hydrolysis of cholesterol esters","",1
MAR03701,"Formation and hydrolysis of cholesterol esters","",1
MAR03702,"Formation and hydrolysis of cholesterol esters","",1
MAR03703,"Formation and hydrolysis of cholesterol esters","",1
MAR03704,"Formation and hydrolysis of cholesterol esters","",1
MAR03705,"Formation and hydrolysis of cholesterol esters","",1
MAR03706,"Formation and hydrolysis of cholesterol esters","",1
MAR03707,"Formation and hydrolysis of cholesterol esters","",1
MAR03708,"Formation and hydrolysis of cholesterol esters","",1
MAR03709,"Formation and hydrolysis of cholesterol esters","",1
MAR03710,"Formation and hydrolysis of cholesterol esters","",1
MAR03711,"Formation and hydrolysis of cholesterol esters","",1
MAR03712,"Formation and hydrolysis of cholesterol esters","",1
MAR03713,"Formation and hydrolysis of cholesterol esters","",1
MAR03714,"Formation and hydrolysis of cholesterol esters","",1
MAR03715,"Formation and hydrolysis of cholesterol esters","",1
MAR03716,"Formation and hydrolysis of cholesterol esters","",1
MAR03717,"Formation and hydrolysis of cholesterol esters","",1
MAR03718,"Formation and hydrolysis of cholesterol esters","",1
MAR03719,"Formation and hydrolysis of cholesterol esters","",1
MAR03720,"Formation and hydrolysis of cholesterol esters","",1
MAR03721,"Formation and hydrolysis of cholesterol esters","",1
MAR03722,"Formation and hydrolysis of cholesterol esters","",1
MAR03723,"Formation and hydrolysis of cholesterol esters","",1
MAR03724,"Formation and hydrolysis of cholesterol esters","",1
MAR03725,"Formation and hydrolysis of cholesterol esters","",1
MAR03726,"Formation and hydrolysis of cholesterol esters","",1
MAR03727,"Formation and hydrolysis of cholesterol esters","",1
MAR03728,"Formation and hydrolysis of cholesterol esters","",1
MAR03729,"Formation and hydrolysis of cholesterol esters","",1
MAR03730,"Formation and hydrolysis of cholesterol esters","",1
MAR03731,"Formation and hydrolysis of cholesterol esters","",1
MAR03732,"Formation and hydrolysis of cholesterol esters","",1
MAR03733,"Formation and hydrolysis of cholesterol esters","",1
MAR03734,"Formation and hydrolysis of cholesterol esters","",1
MAR03735,"Formation and hydrolysis of cholesterol esters","",1
MAR03736,"Formation and hydrolysis of cholesterol esters","",1
MAR03737,"Formation and hydrolysis of cholesterol esters","",1
MAR03738,"Formation and hydrolysis of cholesterol esters","",1
MAR03739,"Formation and hydrolysis of cholesterol esters","",1
MAR03740,"Formation and hydrolysis of cholesterol esters","",1
MAR03741,"Formation and hydrolysis of cholesterol esters","",1
MAR03742,"Formation and hydrolysis of cholesterol esters","",1
MAR00715,"Sphingolipid metabolism","",1
MAR00716,"Sphingolipid metabolism","",1
MAR00733,"Sphingolipid metabolism","",1
MAR00735,"Sphingolipid metabolism","",1
MAR00736,"Sphingolipid metabolism","",1
MAR00738,"Sphingolipid metabolism","",1
MAR00741,"Sphingolipid metabolism","",1
MAR00744,"Sphingolipid metabolism","",1
MAR00746,"Sphingolipid metabolism","",1
MAR00748,"Sphingolipid metabolism","",1
MAR00750,"Sphingolipid metabolism","",1
MAR00753,"Sphingolipid metabolism","",1
MAR00754,"Sphingolipid metabolism","",1
MAR00758,"Sphingolipid metabolism","",1
MAR00760,"Sphingolipid metabolism","",1
MAR00761,"Sphingolipid metabolism","",1
MAR00762,"Sphingolipid metabolism","",1
MAR00763,"Sphingolipid metabolism","",0
MAR00765,"Sphingolipid metabolism","",1
MAR00766,"Sphingolipid metabolism","",1
MAR00767,"Sphingolipid metabolism","",1
MAR00773,"Sphingolipid metabolism","",1
MAR00775,"Sphingolipid metabolism","",1
MAR00779,"Sphingolipid metabolism","",1
MAR00781,"Sphingolipid metabolism","",0
MAR00783,"Sphingolipid metabolism","",1
MAR00795,"Sphingolipid metabolism","",1
MAR08147,"Sphingolipid metabolism","",1
MAR08150,"Sphingolipid metabolism","",1
MAR08151,"Sphingolipid metabolism","",1
MAR08152,"Sphingolipid metabolism","",1
MAR08155,"Sphingolipid metabolism","",1
MAR08156,"Sphingolipid metabolism","",1
MAR08159,"Sphingolipid metabolism","",1
MAR08162,"Sphingolipid metabolism","",1
MAR08165,"Sphingolipid metabolism","",1
MAR08166,"Sphingolipid metabolism","",1
MAR08167,"Sphingolipid metabolism","",1
MAR08168,"Sphingolipid metabolism","",1
MAR08169,"Sphingolipid metabolism","",1
MAR08170,"Sphingolipid metabolism","",1
MAR08171,"Sphingolipid metabolism","",1
MAR08172,"Sphingolipid metabolism","",1
MAR08173,"Sphingolipid metabolism","",1
MAR08174,"Sphingolipid metabolism","",1
MAR08175,"Sphingolipid metabolism","",1
MAR08176,"Sphingolipid metabolism","",1
MAR08177,"Sphingolipid metabolism","",1
MAR08178,"Sphingolipid metabolism","",1
MAR08179,"Sphingolipid metabolism","",1
MAR08180,"Sphingolipid metabolism","",1
MAR08181,"Sphingolipid metabolism","",1
MAR08182,"Sphingolipid metabolism","",1
MAR08183,"Sphingolipid metabolism","",1
MAR08184,"Sphingolipid metabolism","",1
MAR08185,"Sphingolipid metabolism","",1
MAR08186,"Sphingolipid metabolism","",1
MAR08187,"Sphingolipid metabolism","",1
MAR08188,"Sphingolipid metabolism","",1
MAR08189,"Sphingolipid metabolism","",1
MAR08190,"Sphingolipid metabolism","",1
MAR08191,"Sphingolipid metabolism","",1
MAR08192,"Sphingolipid metabolism","",1
MAR08194,"Sphingolipid metabolism","",1
MAR08197,"Sphingolipid metabolism","",0
MAR08198,"Sphingolipid metabolism","",1
MAR08201,"Sphingolipid metabolism","",1
MAR00786,"Sphingolipid metabolism","",1
MAR08206,"Sphingolipid metabolism","",1
MAR08209,"Sphingolipid metabolism","",1
MAR08210,"Sphingolipid metabolism","",1
MAR08211,"Sphingolipid metabolism","",1
MAR08212,"Sphingolipid metabolism","",1
MAR08217,"Sphingolipid metabolism","",1
MAR08219,"Sphingolipid metabolism","",1
MAR08220,"Sphingolipid metabolism","",1
MAR08224,"Sphingolipid metabolism","",1
MAR08226,"Sphingolipid metabolism","",1
MAR08227,"Sphingolipid metabolism","",1
MAR08228,"Sphingolipid metabolism","",1
MAR08233,"Sphingolipid metabolism","",1
MAR08235,"Sphingolipid metabolism","",1
MAR08237,"Sphingolipid metabolism","",1
MAR08238,"Sphingolipid metabolism","",1
MAR08242,"Sphingolipid metabolism","",1
MAR08245,"Sphingolipid metabolism","",0
MAR08246,"Sphingolipid metabolism","",1
MAR08248,"Sphingolipid metabolism","",1
MAR08249,"Sphingolipid metabolism","",1
MAR08250,"Sphingolipid metabolism","",1
MAR08251,"Sphingolipid metabolism","",1
MAR00453,"Glycerolipid metabolism","",1
MAR00456,"Glycerolipid metabolism","",1
MAR00458,"Glycerolipid metabolism","",1
MAR00459,"Glycerolipid metabolism","",1
MAR00463,"Glycerolipid metabolism","",1
MAR00486,"Glycerolipid metabolism","",1
MAR00487,"Glycerolipid metabolism","",1
MAR00488,"Glycerolipid metabolism","",1
MAR00489,"Glycerolipid metabolism","",1
MAR00490,"Glycerolipid metabolism","",1
MAR00491,"Glycerolipid metabolism","",1
MAR00492,"Glycerolipid metabolism","",1
MAR00493,"Glycerolipid metabolism","",1
MAR00494,"Glycerolipid metabolism","",1
MAR00495,"Glycerolipid metabolism","",1
MAR00496,"Glycerolipid metabolism","",1
MAR00497,"Glycerolipid metabolism","",1
MAR00498,"Glycerolipid metabolism","",1
MAR00499,"Glycerolipid metabolism","",1
MAR00500,"Glycerolipid metabolism","",1
MAR00501,"Glycerolipid metabolism","",1
MAR00502,"Glycerolipid metabolism","",1
MAR00503,"Glycerolipid metabolism","",1
MAR00504,"Glycerolipid metabolism","",1
MAR00505,"Glycerolipid metabolism","",1
MAR00506,"Glycerolipid metabolism","",1
MAR00507,"Glycerolipid metabolism","",1
MAR00508,"Glycerolipid metabolism","",1
MAR00509,"Glycerolipid metabolism","",1
MAR00510,"Glycerolipid metabolism","",1
MAR00511,"Glycerolipid metabolism","",1
MAR00512,"Glycerolipid metabolism","",1
MAR00513,"Glycerolipid metabolism","",1
MAR00514,"Glycerolipid metabolism","",1
MAR00515,"Glycerolipid metabolism","",1
MAR00516,"Glycerolipid metabolism","",1
MAR00517,"Glycerolipid metabolism","",1
MAR00518,"Glycerolipid metabolism","",1
MAR00519,"Glycerolipid metabolism","",1
MAR00520,"Glycerolipid metabolism","",1
MAR00521,"Glycerolipid metabolism","",1
MAR00522,"Glycerolipid metabolism","",1
MAR00523,"Glycerolipid metabolism","",1
MAR00524,"Glycerolipid metabolism","",1
MAR00525,"Glycerolipid metabolism","",1
MAR00526,"Glycerolipid metabolism","",1
MAR00527,"Glycerolipid metabolism","",1
MAR00528,"Glycerolipid metabolism","",1
MAR00529,"Glycerolipid metabolism","",1
MAR00530,"Glycerolipid metabolism","",1
MAR00531,"Glycerolipid metabolism","",1
MAR00532,"Glycerolipid metabolism","",1
MAR00533,"Glycerolipid metabolism","",1
MAR00534,"Glycerolipid metabolism","",1
MAR00535,"Glycerolipid metabolism","",1
MAR00536,"Glycerolipid metabolism","",1
MAR00537,"Glycerolipid metabolism","",1
MAR00538,"Glycerolipid metabolism","",1
MAR00539,"Glycerolipid metabolism","",1
MAR00540,"Glycerolipid metabolism","",1
MAR00541,"Glycerolipid metabolism","",1
MAR00542,"Glycerolipid metabolism","",1
MAR00543,"Glycerolipid metabolism","",1
MAR00544,"Glycerolipid metabolism","",1
MAR00588,"Glycerolipid metabolism","",1
MAR00596,"Glycerolipid metabolism","",1
MAR00673,"Glycerolipid metabolism","",1
MAR00674,"Glycerolipid metabolism","",1
MAR00675,"Glycerolipid metabolism","",1
MAR00676,"Glycerolipid metabolism","",1
MAR00677,"Glycerolipid metabolism","",1
MAR00678,"Glycerolipid metabolism","",1
MAR04296,"Glycerolipid metabolism","",1
MAR04390,"Glycerolipid metabolism","",1
MAR05254,"Glycerolipid metabolism","",1
MAR07599,"Glycerolipid metabolism","",1
MAR00448,"Glycerophospholipid metabolism","",1
MAR00450,"Glycerophospholipid metabolism","",1
MAR00468,"Glycerophospholipid metabolism","",1
MAR00478,"Glycerophospholipid metabolism","",1
MAR00479,"Glycerophospholipid metabolism","",1
MAR00481,"Glycerophospholipid metabolism","",1
MAR00483,"Glycerophospholipid metabolism","",1
MAR00482,"Glycerophospholipid metabolism","",1
MAR00484,"Glycerophospholipid metabolism","",1
MAR00579,"Glycerophospholipid metabolism","",1
MAR00580,"Glycerophospholipid metabolism","",1
MAR00581,"Glycerophospholipid metabolism","",1
MAR00584,"Glycerophospholipid metabolism","",0
MAR00586,"Glycerophospholipid metabolism","",1
MAR00589,"Glycerophospholipid metabolism","",1
MAR00590,"Glycerophospholipid metabolism","",1
MAR00591,"Glycerophospholipid metabolism","",1
MAR00592,"Glycerophospholipid metabolism","",1
MAR00593,"Glycerophospholipid metabolism","",1
MAR00594,"Glycerophospholipid metabolism","",1
MAR00597,"Glycerophospholipid metabolism","",1
MAR00598,"Glycerophospholipid metabolism","",1
MAR00599,"Glycerophospholipid metabolism","",1
MAR00600,"Glycerophospholipid metabolism","",1
MAR00601,"Glycerophospholipid metabolism","",1
MAR00602,"Glycerophospholipid metabolism","",1
MAR00607,"Glycerophospholipid metabolism","",1
MAR00610,"Glycerophospholipid metabolism","",1
MAR00613,"Glycerophospholipid metabolism","",1
MAR00614,"Glycerophospholipid metabolism","",1
MAR00615,"Glycerophospholipid metabolism","",1
MAR00616,"Glycerophospholipid metabolism","",1
MAR00622,"Glycerophospholipid metabolism","",1
MAR00623,"Glycerophospholipid metabolism","",1
MAR00625,"Glycerophospholipid metabolism","",1
MAR00627,"Glycerophospholipid metabolism","",1
MAR00629,"Glycerophospholipid metabolism","",1
MAR00630,"Glycerophospholipid metabolism","",1
MAR00632,"Glycerophospholipid metabolism","",1
MAR00633,"Glycerophospholipid metabolism","",1
MAR00634,"Glycerophospholipid metabolism","",1
MAR00635,"Glycerophospholipid metabolism","",1
MAR00636,"Glycerophospholipid metabolism","",1
MAR00638,"Glycerophospholipid metabolism","",1
MAR00640,"Glycerophospholipid metabolism","",1
MAR00641,"Glycerophospholipid metabolism","",1
MAR00642,"Glycerophospholipid metabolism","",1
MAR00643,"Glycerophospholipid metabolism","",1
MAR00644,"Glycerophospholipid metabolism","",1
MAR00645,"Glycerophospholipid metabolism","",1
MAR00646,"Glycerophospholipid metabolism","",1
MAR00647,"Glycerophospholipid metabolism","",0
MAR00648,"Glycerophospholipid metabolism","",1
MAR00649,"Glycerophospholipid metabolism","",1
MAR00651,"Glycerophospholipid metabolism","",1
MAR00653,"Glycerophospholipid metabolism","",1
MAR00654,"Glycerophospholipid metabolism","",1
MAR00657,"Glycerophospholipid metabolism","",1
MAR00660,"Glycerophospholipid metabolism","",1
MAR04627,"Glycerophospholipid metabolism","",1
MAR04838,"Glycerophospholipid metabolism","",1
MAR04839,"Glycerophospholipid metabolism","",1
MAR07591,"Glycerophospholipid metabolism","",1
MAR07594,"Glycerophospholipid metabolism","",1
MAR07597,"Glycerophospholipid metabolism","",0
MAR07601,"Glycerophospholipid metabolism","",0
MAR07611,"Glycerophospholipid metabolism","",1
MAR07612,"Glycerophospholipid metabolism","",1
MAR07613,"Glycerophospholipid metabolism","",1
MAR07755,"Glycerophospholipid metabolism","",1
MAR08362,"Glycerophospholipid metabolism","",1
MAR08421,"Glycerophospholipid metabolism","",1
MAR08424,"Glycerophospholipid metabolism","",1
MAR08518,"Glycerophospholipid metabolism","",1
MAR08519,"Glycerophospholipid metabolism","",1
MAR08521,"Glycerophospholipid metabolism","",1
MAR08522,"Glycerophospholipid metabolism","",0
MAR08523,"Glycerophospholipid metabolism","",1
MAR08525,"Glycerophospholipid metabolism","",1
MAR09805,"Glycerophospholipid metabolism","",1
MAR00815,"Glycosphingolipid biosynthesis-ganglio series","",1
MAR00816,"Glycosphingolipid biosynthesis-ganglio series","",1
MAR00817,"Glycosphingolipid biosynthesis-ganglio series","",1
MAR00819,"Glycosphingolipid biosynthesis-ganglio series","",1
MAR00820,"Glycosphingolipid biosynthesis-ganglio series","",1
MAR00821,"Glycosphingolipid biosynthesis-ganglio series","",1
MAR00822,"Glycosphingolipid biosynthesis-ganglio series","",1
MAR00823,"Glycosphingolipid biosynthesis-ganglio series","",1
MAR00824,"Glycosphingolipid biosynthesis-ganglio series","",1
MAR00825,"Glycosphingolipid biosynthesis-ganglio series","",1
MAR00827,"Glycosphingolipid biosynthesis-ganglio series","",1
MAR00828,"Glycosphingolipid biosynthesis-ganglio series","",1
MAR00829,"Glycosphingolipid biosynthesis-ganglio series","",1
MAR00830,"Glycosphingolipid biosynthesis-ganglio series","",1
MAR00837,"Glycosphingolipid biosynthesis-ganglio series","",1
MAR00838,"Glycosphingolipid biosynthesis-ganglio series","",1
MAR00839,"Glycosphingolipid biosynthesis-ganglio series","",1
MAR00840,"Glycosphingolipid biosynthesis-ganglio series","",1
MAR00841,"Glycosphingolipid biosynthesis-ganglio series","",1
MAR00842,"Glycosphingolipid biosynthesis-ganglio series","",1
MAR00843,"Glycosphingolipid biosynthesis-ganglio series","",1
MAR00844,"Glycosphingolipid biosynthesis-ganglio series","",1
MAR00845,"Glycosphingolipid biosynthesis-ganglio series","",1
MAR00846,"Glycosphingolipid biosynthesis-ganglio series","",1
MAR00847,"Glycosphingolipid biosynthesis-ganglio series","",1
MAR00848,"Glycosphingolipid biosynthesis-ganglio series","",1
MAR00849,"Glycosphingolipid biosynthesis-ganglio series","",1
MAR00850,"Glycosphingolipid biosynthesis-ganglio series","",1
MAR00851,"Glycosphingolipid biosynthesis-ganglio series","",1
MAR00852,"Glycosphingolipid biosynthesis-ganglio series","",1
MAR00853,"Glycosphingolipid biosynthesis-ganglio series","",1
MAR00854,"Glycosphingolipid biosynthesis-ganglio series","",1
MAR00855,"Glycosphingolipid biosynthesis-ganglio series","",1
MAR00856,"Glycosphingolipid biosynthesis-ganglio series","",1
MAR00857,"Glycosphingolipid biosynthesis-ganglio series","",1
MAR00858,"Glycosphingolipid biosynthesis-ganglio series","",1
MAR00928,"Glycosphingolipid biosynthesis-ganglio series","",1
MAR00803,"Glycosphingolipid biosynthesis-globo series","",1
MAR00807,"Glycosphingolipid biosynthesis-globo series","",1
MAR00809,"Glycosphingolipid biosynthesis-globo series","",1
MAR00810,"Glycosphingolipid biosynthesis-globo series","",1
MAR00811,"Glycosphingolipid biosynthesis-globo series","",1
MAR00812,"Glycosphingolipid biosynthesis-globo series","",1
MAR00814,"Glycosphingolipid biosynthesis-globo series","",1
MAR00859,"Glycosphingolipid biosynthesis-lacto and neolacto series","",1
MAR00860,"Glycosphingolipid biosynthesis-lacto and neolacto series","",1
MAR00861,"Glycosphingolipid biosynthesis-lacto and neolacto series","",1
MAR00862,"Glycosphingolipid biosynthesis-lacto and neolacto series","",1
MAR00863,"Glycosphingolipid biosynthesis-lacto and neolacto series","",1
MAR00865,"Glycosphingolipid biosynthesis-lacto and neolacto series","",1
MAR00870,"Glycosphingolipid biosynthesis-lacto and neolacto series","",1
MAR00871,"Glycosphingolipid biosynthesis-lacto and neolacto series","",1
MAR00873,"Glycosphingolipid biosynthesis-lacto and neolacto series","",1
MAR00875,"Glycosphingolipid biosynthesis-lacto and neolacto series","",1
MAR00877,"Glycosphingolipid biosynthesis-lacto and neolacto series","",1
MAR00878,"Glycosphingolipid biosynthesis-lacto and neolacto series","",1
MAR00879,"Glycosphingolipid biosynthesis-lacto and neolacto series","",1
MAR00882,"Glycosphingolipid biosynthesis-lacto and neolacto series","",1
MAR00885,"Glycosphingolipid biosynthesis-lacto and neolacto series","",0
MAR00888,"Glycosphingolipid biosynthesis-lacto and neolacto series","",1
MAR00889,"Glycosphingolipid biosynthesis-lacto and neolacto series","",1
MAR00890,"Glycosphingolipid biosynthesis-lacto and neolacto series","",1
MAR00891,"Glycosphingolipid biosynthesis-lacto and neolacto series","",1
MAR00892,"Glycosphingolipid biosynthesis-lacto and neolacto series","",1
MAR00893,"Glycosphingolipid biosynthesis-lacto and neolacto series","",1
MAR00894,"Glycosphingolipid biosynthesis-lacto and neolacto series","",1
MAR00895,"Glycosphingolipid biosynthesis-lacto and neolacto series","",1
MAR00896,"Glycosphingolipid biosynthesis-lacto and neolacto series","",1
MAR00897,"Glycosphingolipid biosynthesis-lacto and neolacto series","",1
MAR00899,"Glycosphingolipid biosynthesis-lacto and neolacto series","",1
MAR00900,"Glycosphingolipid biosynthesis-lacto and neolacto series","",1
MAR00903,"Glycosphingolipid biosynthesis-lacto and neolacto series","",0
MAR00907,"Glycosphingolipid biosynthesis-lacto and neolacto series","",0
MAR00911,"Glycosphingolipid biosynthesis-lacto and neolacto series","",1
MAR00912,"Glycosphingolipid biosynthesis-lacto and neolacto series","",0
MAR00787,"Glycosphingolipid metabolism","",1
MAR00790,"Glycosphingolipid metabolism","",1
MAR00792,"Glycosphingolipid metabolism","",1
MAR00793,"Glycosphingolipid metabolism","",1
MAR00794,"Glycosphingolipid metabolism","",1
MAR00797,"Glycosphingolipid metabolism","",1
MAR00804,"Glycosphingolipid metabolism","",1
MAR00808,"Glycosphingolipid metabolism","",1
MAR00826,"Glycosphingolipid metabolism","",1
MAR00832,"Glycosphingolipid metabolism","",1
MAR00834,"Glycosphingolipid metabolism","",1
MAR00835,"Glycosphingolipid metabolism","",1
MAR00836,"Glycosphingolipid metabolism","",1
MAR00914,"Glycosphingolipid metabolism","",1
MAR00915,"Glycosphingolipid metabolism","",1
MAR00919,"Glycosphingolipid metabolism","",1
MAR00920,"Glycosphingolipid metabolism","",1
MAR00921,"Glycosphingolipid metabolism","",1
MAR00924,"Glycosphingolipid metabolism","",1
MAR00925,"Glycosphingolipid metabolism","",1
MAR00926,"Glycosphingolipid metabolism","",1
MAR08378,"Glycosylphosphatidylinositol (GPI)-anchor biosynthesis","",1
MAR08379,"Glycosylphosphatidylinositol (GPI)-anchor biosynthesis","",1
MAR07185,"Glycosylphosphatidylinositol (GPI)-anchor biosynthesis","",1
MAR08380,"Glycosylphosphatidylinositol (GPI)-anchor biosynthesis","",1
MAR07186,"Glycosylphosphatidylinositol (GPI)-anchor biosynthesis","",1
MAR08381,"Glycosylphosphatidylinositol (GPI)-anchor biosynthesis","",1
MAR07187,"Glycosylphosphatidylinositol (GPI)-anchor biosynthesis","",1
MAR08383,"Glycosylphosphatidylinositol (GPI)-anchor biosynthesis","",1
MAR08384,"Glycosylphosphatidylinositol (GPI)-anchor biosynthesis","",1
MAR08385,"Glycosylphosphatidylinositol (GPI)-anchor biosynthesis","",1
MAR08387,"Glycosylphosphatidylinositol (GPI)-anchor biosynthesis","",1
MAR08388,"Glycosylphosphatidylinositol (GPI)-anchor biosynthesis","",1
MAR08391,"Glycosylphosphatidylinositol (GPI)-anchor biosynthesis","",1
MAR08392,"Glycosylphosphatidylinositol (GPI)-anchor biosynthesis","",1
MAR08393,"Glycosylphosphatidylinositol (GPI)-anchor biosynthesis","",1
MAR08394,"Glycosylphosphatidylinositol (GPI)-anchor biosynthesis","",1
MAR08395,"Glycosylphosphatidylinositol (GPI)-anchor biosynthesis","",1
MAR08396,"Glycosylphosphatidylinositol (GPI)-anchor biosynthesis","",1
MAR08397,"Glycosylphosphatidylinositol (GPI)-anchor biosynthesis","",1
MAR08398,"Glycosylphosphatidylinositol (GPI)-anchor biosynthesis","",1
MAR08399,"Glycosylphosphatidylinositol (GPI)-anchor biosynthesis","",1
MAR08401,"Glycosylphosphatidylinositol (GPI)-anchor biosynthesis","",1
MAR08402,"Glycosylphosphatidylinositol (GPI)-anchor biosynthesis","",1
MAR08403,"Glycosylphosphatidylinositol (GPI)-anchor biosynthesis","",1
MAR08404,"Glycosylphosphatidylinositol (GPI)-anchor biosynthesis","",1
MAR08405,"Glycosylphosphatidylinositol (GPI)-anchor biosynthesis","",1
MAR08406,"Glycosylphosphatidylinositol (GPI)-anchor biosynthesis","",1
MAR08407,"Glycosylphosphatidylinositol (GPI)-anchor biosynthesis","",1
MAR01979,"Glucocorticoid biosynthesis","",1
MAR01980,"Glucocorticoid biosynthesis","",1
MAR01981,"Glucocorticoid biosynthesis","",1
MAR01985,"Glucocorticoid biosynthesis","",1
MAR01987,"Glucocorticoid biosynthesis","",1
MAR01988,"Glucocorticoid biosynthesis","",1
MAR01996,"Glucocorticoid biosynthesis","",1
MAR01999,"Glucocorticoid biosynthesis","",1
MAR02000,"Glucocorticoid biosynthesis","",1
MAR02001,"Glucocorticoid biosynthesis","",1
MAR01305,"Prostaglandin biosynthesis","",1
MAR01307,"Prostaglandin biosynthesis","",1
MAR01308,"Prostaglandin biosynthesis","",1
MAR01310,"Prostaglandin biosynthesis","",0
MAR01312,"Prostaglandin biosynthesis","",1
MAR01313,"Prostaglandin biosynthesis","",1
MAR01315,"Prostaglandin biosynthesis","",0
MAR01317,"Prostaglandin biosynthesis","NAD Dependent 11-Hydroxythromboxane B2 Dehydrogenase",0
MAR01318,"Prostaglandin biosynthesis","",0
MAR01319,"Prostaglandin biosynthesis","",0
MAR01320,"Prostaglandin biosynthesis","",0
MAR01321,"Prostaglandin biosynthesis","",1
MAR01322,"Prostaglandin biosynthesis","",0
MAR01323,"Prostaglandin biosynthesis","",0
MAR01324,"Prostaglandin biosynthesis","",0
MAR01325,"Prostaglandin biosynthesis","",1
MAR01326,"Prostaglandin biosynthesis","",1
MAR01327,"Prostaglandin biosynthesis","",1
MAR01328,"Prostaglandin biosynthesis","",0
MAR01329,"Prostaglandin biosynthesis","",1
MAR01330,"Prostaglandin biosynthesis","",1
MAR01332,"Prostaglandin biosynthesis","",0
MAR01333,"Prostaglandin biosynthesis","",0
MAR01334,"Prostaglandin biosynthesis","",0
MAR01335,"Prostaglandin biosynthesis","",0
MAR01336,"Prostaglandin biosynthesis","",0
MAR01337,"Prostaglandin biosynthesis","",0
MAR01338,"Prostaglandin biosynthesis","",0
MAR01339,"Prostaglandin biosynthesis","",1
MAR01341,"Prostaglandin biosynthesis","",0
MAR01342,"Prostaglandin biosynthesis","",0
MAR01343,"Prostaglandin biosynthesis","",0
MAR01344,"Prostaglandin biosynthesis","",1
MAR01345,"Prostaglandin biosynthesis","",0
MAR01350,"Prostaglandin biosynthesis","",1
MAR01352,"Prostaglandin biosynthesis","",1
MAR01355,"Prostaglandin biosynthesis","",0
MAR01356,"Prostaglandin biosynthesis","",0
MAR01357,"Prostaglandin biosynthesis","",0
MAR01358,"Prostaglandin biosynthesis","",0
MAR01359,"Prostaglandin biosynthesis","",0
MAR01360,"Prostaglandin biosynthesis","",0
MAR01361,"Prostaglandin biosynthesis","",0
MAR01362,"Prostaglandin biosynthesis","",0
MAR01363,"Prostaglandin biosynthesis","",0
MAR01364,"Prostaglandin biosynthesis","",0
MAR01365,"Prostaglandin biosynthesis","",0
MAR01366,"Prostaglandin biosynthesis","",0
MAR01367,"Prostaglandin biosynthesis","",1
MAR01370,"Prostaglandin biosynthesis","",1
MAR01373,"Prostaglandin biosynthesis","",0
MAR01374,"Prostaglandin biosynthesis","",0
MAR01375,"Prostaglandin biosynthesis","",0
MAR01376,"Prostaglandin biosynthesis","",0
MAR01379,"Prostaglandin biosynthesis","",1
MAR01382,"Prostaglandin biosynthesis","",1
MAR01383,"Prostaglandin biosynthesis","",0
MAR01384,"Prostaglandin biosynthesis","",1
MAR01387,"Prostaglandin biosynthesis","",1
MAR01388,"Prostaglandin biosynthesis","",1
MAR01389,"Prostaglandin biosynthesis","",0
MAR01390,"Prostaglandin biosynthesis","",1
MAR01391,"Prostaglandin biosynthesis","",1
MAR01393,"Prostaglandin biosynthesis","",1
MAR01394,"Prostaglandin biosynthesis","",1
MAR01395,"Prostaglandin biosynthesis","",1
MAR01398,"Prostaglandin biosynthesis","",1
MAR01401,"Prostaglandin biosynthesis","",0
MAR01402,"Prostaglandin biosynthesis","",0
MAR00703,"Ether lipid metabolism","",1
MAR00705,"Ether lipid metabolism","",1
MAR00706,"Ether lipid metabolism","",1
MAR00708,"Ether lipid metabolism","",1
MAR07598,"Ether lipid metabolism","",1
MAR07600,"Ether lipid metabolism","",1
MAR07602,"Ether lipid metabolism","",1
MAR07603,"Ether lipid metabolism","",1
MAR07604,"Ether lipid metabolism","",1
MAR07605,"Ether lipid metabolism","",1
MAR07606,"Ether lipid metabolism","",1
MAR07607,"Ether lipid metabolism","",1
MAR07610,"Ether lipid metabolism","",1
MAR07614,"Ether lipid metabolism","",1
MAR07615,"Ether lipid metabolism","",1
MAR00024,"Isolated","",1
MAR00025,"Transport reactions","",1
MAR00026,"Transport reactions","",1
MAR00027,"Transport reactions","",1
MAR00028,"Transport reactions","",1
MAR00029,"Transport reactions","",1
MAR00030,"Transport reactions","",1
MAR07200,"Chondroitin / heparan sulfate biosynthesis","",1
MAR07202,"Chondroitin / heparan sulfate biosynthesis","",1
MAR07203,"Chondroitin / heparan sulfate biosynthesis","",1
MAR07205,"Chondroitin / heparan sulfate biosynthesis","",1
MAR07206,"Chondroitin / heparan sulfate biosynthesis","",1
MAR07207,"Chondroitin / heparan sulfate biosynthesis","",1
MAR07208,"Chondroitin / heparan sulfate biosynthesis","",1
MAR07209,"Chondroitin / heparan sulfate biosynthesis","",1
MAR07210,"Chondroitin / heparan sulfate biosynthesis","",1
MAR07211,"Chondroitin / heparan sulfate biosynthesis","",1
MAR07212,"Chondroitin / heparan sulfate biosynthesis","",1
MAR07213,"Chondroitin / heparan sulfate biosynthesis","",1
MAR07214,"Chondroitin / heparan sulfate biosynthesis","",1
MAR07215,"Chondroitin / heparan sulfate biosynthesis","",1
MAR07216,"Chondroitin / heparan sulfate biosynthesis","",1
MAR07217,"Chondroitin / heparan sulfate biosynthesis","",1
MAR07218,"Chondroitin / heparan sulfate biosynthesis","",1
MAR07219,"Chondroitin / heparan sulfate biosynthesis","",1
MAR07220,"Chondroitin / heparan sulfate biosynthesis","",1
MAR07221,"Chondroitin / heparan sulfate biosynthesis","",1
MAR07222,"Chondroitin / heparan sulfate biosynthesis","",1
MAR07490,"Chondroitin / heparan sulfate biosynthesis","",0
MAR07491,"Chondroitin / heparan sulfate biosynthesis","",1
MAR07492,"Chondroitin / heparan sulfate biosynthesis","",1
MAR07493,"Chondroitin / heparan sulfate biosynthesis","",1
MAR07494,"Chondroitin / heparan sulfate biosynthesis","",1
MAR07495,"Chondroitin / heparan sulfate biosynthesis","",1
MAR07496,"Chondroitin / heparan sulfate biosynthesis","",1
MAR07497,"Chondroitin / heparan sulfate biosynthesis","",0
MAR07498,"Chondroitin / heparan sulfate biosynthesis","",1
MAR07509,"Chondroitin / heparan sulfate biosynthesis","",1
MAR07510,"Chondroitin / heparan sulfate biosynthesis","",1
MAR07519,"Chondroitin / heparan sulfate biosynthesis","",1
MAR07520,"Chondroitin / heparan sulfate biosynthesis","",1
MAR07521,"Chondroitin / heparan sulfate biosynthesis","",1
MAR07522,"Chondroitin / heparan sulfate biosynthesis","",1
MAR07534,"Chondroitin / heparan sulfate biosynthesis","",1
MAR07535,"Chondroitin / heparan sulfate biosynthesis","",1
MAR07536,"Chondroitin / heparan sulfate biosynthesis","",1
MAR07537,"Chondroitin / heparan sulfate biosynthesis","",1
MAR07538,"Chondroitin / heparan sulfate biosynthesis","",1
MAR07551,"Chondroitin / heparan sulfate biosynthesis","",1
MAR07552,"Chondroitin / heparan sulfate biosynthesis","",1
MAR07553,"Chondroitin / heparan sulfate biosynthesis","",1
MAR07554,"Chondroitin / heparan sulfate biosynthesis","",0
MAR07501,"Chondroitin sulfate degradation","",0
MAR07502,"Chondroitin sulfate degradation","",1
MAR07503,"Chondroitin sulfate degradation","",1
MAR07504,"Chondroitin sulfate degradation","",1
MAR07505,"Chondroitin sulfate degradation","",1
MAR07506,"Chondroitin sulfate degradation","",1
MAR07507,"Chondroitin sulfate degradation","",1
MAR07508,"Chondroitin sulfate degradation","",0
MAR07513,"Chondroitin sulfate degradation","",0
MAR07514,"Chondroitin sulfate degradation","",1
MAR07515,"Chondroitin sulfate degradation","",1
MAR07516,"Chondroitin sulfate degradation","",1
MAR07517,"Chondroitin sulfate degradation","",1
MAR07518,"Chondroitin sulfate degradation","",1
MAR07525,"Chondroitin sulfate degradation","",0
MAR07526,"Chondroitin sulfate degradation","",1
MAR07527,"Chondroitin sulfate degradation","",1
MAR07528,"Chondroitin sulfate degradation","",1
MAR07529,"Chondroitin sulfate degradation","",1
MAR07530,"Chondroitin sulfate degradation","",1
MAR07531,"Chondroitin sulfate degradation","",1
MAR07532,"Chondroitin sulfate degradation","",1
MAR07533,"Chondroitin sulfate degradation","",0
MAR07541,"Chondroitin sulfate degradation","",0
MAR07542,"Chondroitin sulfate degradation","",1
MAR07543,"Chondroitin sulfate degradation","",1
MAR07544,"Chondroitin sulfate degradation","",1
MAR07545,"Chondroitin sulfate degradation","",0
MAR07546,"Chondroitin sulfate degradation","",1
MAR07547,"Chondroitin sulfate degradation","",1
MAR07548,"Chondroitin sulfate degradation","",1
MAR07549,"Chondroitin sulfate degradation","",1
MAR07550,"Chondroitin sulfate degradation","",0
MAR07557,"Chondroitin sulfate degradation","",0
MAR07558,"Chondroitin sulfate degradation","",1
MAR07559,"Chondroitin sulfate degradation","",1
MAR07560,"Chondroitin sulfate degradation","",1
MAR07561,"Chondroitin sulfate degradation","",1
MAR07562,"Chondroitin sulfate degradation","",1
MAR07563,"Chondroitin sulfate degradation","",1
MAR07564,"Chondroitin sulfate degradation","",1
MAR07565,"Chondroitin sulfate degradation","",1
MAR07566,"Chondroitin sulfate degradation","",1
MAR07567,"Chondroitin sulfate degradation","",0
MAR07225,"Heparan sulfate degradation","",1
MAR07226,"Heparan sulfate degradation","",1
MAR07227,"Heparan sulfate degradation","",1
MAR07228,"Heparan sulfate degradation","",1
MAR07229,"Heparan sulfate degradation","",1
MAR07230,"Heparan sulfate degradation","",1
MAR07231,"Heparan sulfate degradation","",1
MAR07232,"Heparan sulfate degradation","",1
MAR07233,"Heparan sulfate degradation","",1
MAR07234,"Heparan sulfate degradation","",1
MAR07235,"Heparan sulfate degradation","",1
MAR07236,"Heparan sulfate degradation","",0
MAR07237,"Heparan sulfate degradation","",1
MAR07238,"Heparan sulfate degradation","",1
MAR07239,"Heparan sulfate degradation","",1
MAR07240,"Heparan sulfate degradation","",1
MAR07241,"Heparan sulfate degradation","",1
MAR07242,"Heparan sulfate degradation","",1
MAR07243,"Heparan sulfate degradation","",0
MAR07244,"Heparan sulfate degradation","",1
MAR07245,"Heparan sulfate degradation","",1
MAR07246,"Heparan sulfate degradation","",1
MAR07247,"Heparan sulfate degradation","",1
MAR07248,"Heparan sulfate degradation","",1
MAR07249,"Heparan sulfate degradation","",0
MAR07250,"Heparan sulfate degradation","",1
MAR07251,"Heparan sulfate degradation","",0
MAR07571,"Heparan sulfate degradation","",1
MAR07572,"Heparan sulfate degradation","",1
MAR07573,"Heparan sulfate degradation","",1
MAR07335,"Keratan sulfate biosynthesis","",1
MAR07336,"Keratan sulfate biosynthesis","",1
MAR07337,"Keratan sulfate biosynthesis","",1
MAR07338,"Keratan sulfate biosynthesis","",1
MAR07339,"Keratan sulfate biosynthesis","",1
MAR07340,"Keratan sulfate biosynthesis","",1
MAR07341,"Keratan sulfate biosynthesis","",1
MAR07342,"Keratan sulfate biosynthesis","",1
MAR07343,"Keratan sulfate biosynthesis","",1
MAR07344,"Keratan sulfate biosynthesis","",1
MAR07345,"Keratan sulfate biosynthesis","",1
MAR07346,"Keratan sulfate biosynthesis","",1
MAR07347,"Keratan sulfate biosynthesis","",1
MAR07348,"Keratan sulfate biosynthesis","",1
MAR07349,"Keratan sulfate biosynthesis","",1
MAR07350,"Keratan sulfate biosynthesis","",1
MAR07351,"Keratan sulfate biosynthesis","",1
MAR07352,"Keratan sulfate biosynthesis","",1
MAR07353,"Keratan sulfate biosynthesis","",1
MAR07354,"Keratan sulfate biosynthesis","",1
MAR07355,"Keratan sulfate biosynthesis","",1
MAR07356,"Keratan sulfate biosynthesis","",1
MAR07357,"Keratan sulfate biosynthesis","",1
MAR07358,"Keratan sulfate biosynthesis","",1
MAR07359,"Keratan sulfate biosynthesis","",1
MAR07360,"Keratan sulfate biosynthesis","",1
MAR07361,"Keratan sulfate biosynthesis","",1
MAR07362,"Keratan sulfate biosynthesis","",1
MAR07363,"Keratan sulfate biosynthesis","",1
MAR07364,"Keratan sulfate biosynthesis","",1
MAR07365,"Keratan sulfate biosynthesis","",1
MAR07366,"Keratan sulfate biosynthesis","",1
MAR07367,"Keratan sulfate biosynthesis","",1
MAR07368,"Keratan sulfate biosynthesis","",1
MAR07369,"Keratan sulfate biosynthesis","",1
MAR07370,"Keratan sulfate biosynthesis","",1
MAR07371,"Keratan sulfate biosynthesis","",1
MAR07442,"Keratan sulfate biosynthesis","",1
MAR07443,"Keratan sulfate biosynthesis","",1
MAR07444,"Keratan sulfate biosynthesis","",1
MAR07445,"Keratan sulfate biosynthesis","",1
MAR07446,"Keratan sulfate biosynthesis","",1
MAR07447,"Keratan sulfate biosynthesis","",1
MAR07448,"Keratan sulfate biosynthesis","",1
MAR07449,"Keratan sulfate biosynthesis","",1
MAR07450,"Keratan sulfate biosynthesis","",1
MAR07451,"Keratan sulfate biosynthesis","",1
MAR07452,"Keratan sulfate biosynthesis","",1
MAR07471,"Keratan sulfate biosynthesis","",1
MAR07472,"Keratan sulfate biosynthesis","",1
MAR07473,"Keratan sulfate biosynthesis","",1
MAR07474,"Keratan sulfate biosynthesis","",1
MAR07475,"Keratan sulfate biosynthesis","",1
MAR07476,"Keratan sulfate biosynthesis","",1
MAR07477,"Keratan sulfate biosynthesis","",1
MAR07478,"Keratan sulfate biosynthesis","",1
MAR07479,"Keratan sulfate biosynthesis","",1
MAR07480,"Keratan sulfate biosynthesis","",1
MAR07481,"Keratan sulfate biosynthesis","",1
MAR07373,"Keratan sulfate degradation","",1
MAR07375,"Keratan sulfate degradation","",1
MAR07376,"Keratan sulfate degradation","",1
MAR07377,"Keratan sulfate degradation","",1
MAR07378,"Keratan sulfate degradation","",1
MAR07379,"Keratan sulfate degradation","",1
MAR07380,"Keratan sulfate degradation","",1
MAR07381,"Keratan sulfate degradation","",1
MAR07382,"Keratan sulfate degradation","",1
MAR07383,"Keratan sulfate degradation","",1
MAR07384,"Keratan sulfate degradation","",1
MAR07385,"Keratan sulfate degradation","",1
MAR07386,"Keratan sulfate degradation","",1
MAR07387,"Keratan sulfate degradation","",1
MAR07388,"Keratan sulfate degradation","",1
MAR07389,"Keratan sulfate degradation","",1
MAR07390,"Keratan sulfate degradation","",1
MAR07391,"Keratan sulfate degradation","",1
MAR07392,"Keratan sulfate degradation","",1
MAR07393,"Keratan sulfate degradation","",1
MAR07394,"Keratan sulfate degradation","",1
MAR07395,"Keratan sulfate degradation","",1
MAR07396,"Keratan sulfate degradation","",1
MAR07397,"Keratan sulfate degradation","",1
MAR07398,"Keratan sulfate degradation","",1
MAR07399,"Keratan sulfate degradation","",1
MAR07400,"Keratan sulfate degradation","",1
MAR07401,"Keratan sulfate degradation","",1
MAR07402,"Keratan sulfate degradation","",1
MAR07403,"Keratan sulfate degradation","",1
MAR07404,"Keratan sulfate degradation","",1
MAR07405,"Keratan sulfate degradation","",1
MAR07406,"Keratan sulfate degradation","",1
MAR07407,"Keratan sulfate degradation","",1
MAR07408,"Keratan sulfate degradation","",1
MAR07409,"Keratan sulfate degradation","",1
MAR07410,"Keratan sulfate degradation","",1
MAR07411,"Keratan sulfate degradation","",1
MAR07412,"Keratan sulfate degradation","",1
MAR07413,"Keratan sulfate degradation","",1
MAR07414,"Keratan sulfate degradation","",1
MAR07415,"Keratan sulfate degradation","",1
MAR07416,"Keratan sulfate degradation","",1
MAR07417,"Keratan sulfate degradation","",1
MAR07418,"Keratan sulfate degradation","",1
MAR07419,"Keratan sulfate degradation","",1
MAR07420,"Keratan sulfate degradation","",1
MAR07421,"Keratan sulfate degradation","",1
MAR07422,"Keratan sulfate degradation","",1
MAR07423,"Keratan sulfate degradation","",1
MAR07424,"Keratan sulfate degradation","",1
MAR07425,"Keratan sulfate degradation","",1
MAR07426,"Keratan sulfate degradation","",1
MAR07427,"Keratan sulfate degradation","",1
MAR07455,"Keratan sulfate degradation","",1
MAR07456,"Keratan sulfate degradation","",1
MAR07457,"Keratan sulfate degradation","",1
MAR07458,"Keratan sulfate degradation","",1
MAR07459,"Keratan sulfate degradation","",1
MAR07460,"Keratan sulfate degradation","",1
MAR07461,"Keratan sulfate degradation","",1
MAR07462,"Keratan sulfate degradation","",1
MAR07463,"Keratan sulfate degradation","",1
MAR07464,"Keratan sulfate degradation","",1
MAR07465,"Keratan sulfate degradation","",1
MAR07466,"Keratan sulfate degradation","",1
MAR07467,"Keratan sulfate degradation","",1
MAR07468,"Keratan sulfate degradation","",0
MAR07469,"Keratan sulfate degradation","",1
MAR07484,"Keratan sulfate degradation","",1
MAR07485,"Keratan sulfate degradation","",1
MAR07486,"Keratan sulfate degradation","",1
MAR07487,"Keratan sulfate degradation","",1
MAR07488,"Keratan sulfate degradation","",1
MAR07489,"Keratan sulfate degradation","",1
MAR08643,"Isolated","",1
MAR08645,"Isolated","",1
MAR08648,"Isolated","",1
MAR01581,"Bile acid biosynthesis","",1
MAR01584,"Bile acid biosynthesis","",1
MAR01585,"Bile acid biosynthesis","",1
MAR01589,"Bile acid biosynthesis","",1
MAR01590,"Bile acid biosynthesis","",1
MAR01592,"Transport reactions","",0
MAR01593,"Transport reactions","",0
MAR01595,"Bile acid biosynthesis","",1
MAR01598,"Bile acid biosynthesis","",1
MAR01599,"Bile acid biosynthesis","",1
MAR01604,"Bile acid biosynthesis","",1
MAR01605,"Bile acid biosynthesis","",1
MAR01608,"Bile acid biosynthesis","",1
MAR01609,"Bile acid biosynthesis","",1
MAR01610,"Bile acid biosynthesis","",1
MAR01611,"Bile acid biosynthesis","",1
MAR01613,"Bile acid biosynthesis","",1
MAR01614,"Bile acid biosynthesis","",1
MAR01619,"Transport reactions","",1
MAR01620,"Transport reactions","",1
MAR01622,"Transport reactions","",1
MAR01623,"Transport reactions","",0
MAR01624,"Bile acid biosynthesis","",1
MAR01625,"Bile acid biosynthesis","",1
MAR01627,"Bile acid biosynthesis","",1
MAR01629,"Transport reactions","",1
MAR01630,"Transport reactions","",1
MAR01631,"Transport reactions","",1
MAR01632,"Bile acid biosynthesis","",1
MAR01635,"Bile acid biosynthesis","",1
MAR01637,"Bile acid biosynthesis","",1
MAR01638,"Bile acid biosynthesis","",1
MAR01639,"Bile acid biosynthesis","",1
MAR01642,"Bile acid biosynthesis","",1
MAR01646,"Bile acid biosynthesis","",1
MAR01652,"Bile acid biosynthesis","",1
MAR01653,"Bile acid biosynthesis","",1
MAR01656,"Transport reactions","",0
MAR01659,"Bile acid biosynthesis","",1
MAR01660,"Bile acid biosynthesis","",1
MAR01662,"Bile acid biosynthesis","",1
MAR01663,"Bile acid biosynthesis","",1
MAR01665,"Transport reactions","",1
MAR01666,"Transport reactions","",1
MAR01667,"Bile acid biosynthesis","",1
MAR01668,"Bile acid biosynthesis","",1
MAR01670,"Bile acid biosynthesis","",1
MAR01673,"Bile acid biosynthesis","",1
MAR01676,"Bile acid biosynthesis","",1
MAR01678,"Bile acid biosynthesis","",1
MAR01679,"Transport reactions","",0
MAR01681,"Bile acid biosynthesis","",1
MAR01682,"Bile acid biosynthesis","",1
MAR01684,"Bile acid biosynthesis","",1
MAR01685,"Bile acid biosynthesis","",1
MAR01687,"Bile acid biosynthesis","",1
MAR01689,"Bile acid biosynthesis","",1
MAR01691,"Bile acid biosynthesis","",1
MAR01692,"Bile acid biosynthesis","",1
MAR01693,"Bile acid biosynthesis","",1
MAR01694,"Transport reactions","",1
MAR01695,"Transport reactions","",0
MAR01696,"Transport reactions","",1
MAR01697,"Bile acid biosynthesis","",1
MAR01699,"Bile acid biosynthesis","",1
MAR01700,"Bile acid biosynthesis","",1
MAR01701,"Transport reactions","",0
MAR01702,"Transport reactions","",0
MAR01703,"Bile acid biosynthesis","",1
MAR01706,"Bile acid biosynthesis","",1
MAR01708,"Bile acid biosynthesis","",1
MAR01710,"Bile acid biosynthesis","",1
MAR01716,"Bile acid biosynthesis","",1
MAR01717,"Transport reactions","",0
MAR01718,"Bile acid biosynthesis","",1
MAR01720,"Bile acid biosynthesis","",1
MAR01722,"Bile acid biosynthesis","",1
MAR01723,"Bile acid biosynthesis","",1
MAR01725,"Transport reactions","",0
MAR01726,"Bile acid biosynthesis","",1
MAR01727,"Bile acid biosynthesis","",1
MAR01729,"Bile acid biosynthesis","",1
MAR01730,"Bile acid biosynthesis","",1
MAR01735,"Bile acid biosynthesis","",1
MAR01737,"Bile acid biosynthesis","",1
MAR01738,"Bile acid biosynthesis","",1
MAR01739,"Bile acid biosynthesis","",1
MAR01740,"Bile acid biosynthesis","",1
MAR01741,"Bile acid biosynthesis","",1
MAR01742,"Bile acid biosynthesis","",1
MAR01743,"Bile acid biosynthesis","",1
MAR01744,"Transport reactions","",0
MAR01745,"Transport reactions","",0
MAR01746,"Bile acid biosynthesis","",1
MAR01747,"Bile acid biosynthesis","",1
MAR01748,"Bile acid biosynthesis","",1
MAR01749,"Bile acid biosynthesis","",1
MAR01750,"Bile acid biosynthesis","",1
MAR01751,"Bile acid biosynthesis","",1
MAR01752,"Transport reactions","",0
MAR01753,"Transport reactions","",0
MAR01754,"Bile acid biosynthesis","",1
MAR01756,"Bile acid biosynthesis","",1
MAR01758,"Transport reactions","",0
MAR01759,"Transport reactions","",0
MAR01760,"Bile acid biosynthesis","",1
MAR01761,"Bile acid biosynthesis","",1
MAR01762,"Bile acid biosynthesis","",1
MAR01764,"Transport reactions","",0
MAR01765,"Bile acid biosynthesis","",1
MAR01766,"Bile acid biosynthesis","",1
MAR01767,"Bile acid biosynthesis","",1
MAR01768,"Bile acid biosynthesis","",1
MAR01769,"Bile acid biosynthesis","",1
MAR01770,"Bile acid biosynthesis","",1
MAR01771,"Bile acid biosynthesis","",1
MAR01772,"Transport reactions","",0
MAR01774,"Transport reactions","",0
MAR01776,"Bile acid biosynthesis","",1
MAR01777,"Bile acid biosynthesis","",1
MAR01778,"Bile acid biosynthesis","",1
MAR01781,"Bile acid biosynthesis","",1
MAR01783,"Bile acid biosynthesis","",1
MAR01784,"Bile acid biosynthesis","",1
MAR01785,"Bile acid biosynthesis","",1
MAR01786,"Bile acid biosynthesis","",1
MAR01787,"Bile acid biosynthesis","",0
MAR01790,"Bile acid biosynthesis","",1
MAR01792,"Bile acid biosynthesis","",1
MAR01794,"Bile acid biosynthesis","",1
MAR01796,"Bile acid biosynthesis","",1
MAR01797,"Bile acid biosynthesis","",1
MAR01798,"Bile acid biosynthesis","",1
MAR01800,"Bile acid biosynthesis","",1
MAR01802,"Bile acid biosynthesis","",1
MAR01803,"Bile acid biosynthesis","",1
MAR01804,"Bile acid biosynthesis","",1
MAR01805,"Bile acid biosynthesis","",1
MAR01806,"Bile acid biosynthesis","",1
MAR01807,"Bile acid biosynthesis","",1
MAR01810,"Bile acid biosynthesis","",1
MAR01811,"Bile acid biosynthesis","",1
MAR01813,"Bile acid biosynthesis","",1
MAR01815,"Bile acid biosynthesis","",1
MAR01817,"Bile acid biosynthesis","",1
MAR01819,"Bile acid biosynthesis","",1
MAR01830,"Bile acid biosynthesis","",1
MAR01831,"Bile acid biosynthesis","",1
MAR01832,"Bile acid biosynthesis","",1
MAR01833,"Bile acid biosynthesis","",1
MAR01834,"Bile acid biosynthesis","",0
MAR01835,"Bile acid biosynthesis","",1
MAR01836,"Transport reactions","",0
MAR01837,"Bile acid biosynthesis","",1
MAR01838,"Bile acid biosynthesis","",1
MAR01839,"Bile acid biosynthesis","",1
MAR01840,"Bile acid biosynthesis","",1
MAR01841,"Bile acid biosynthesis","",1
MAR01842,"Bile acid biosynthesis","",1
MAR01843,"Bile acid biosynthesis","",1
MAR01844,"Bile acid biosynthesis","",1
MAR01845,"Bile acid biosynthesis","",1
MAR01846,"Bile acid biosynthesis","",1
MAR03799,"Bile acid biosynthesis","",1
MAR03908,"Bile acid biosynthesis","",1
MAR03910,"Bile acid biosynthesis","",1
MAR03911,"Bile acid biosynthesis","",0
MAR04679,"Bile acid biosynthesis","",1
MAR08063,"Bile acid biosynthesis","",0
MAR08064,"Bile acid biosynthesis","",0
MAR08065,"Bile acid biosynthesis","",1
MAR08759,"Bile acid biosynthesis","",0
MAR01847,"Bile acid recycling","",1
MAR01848,"Bile acid recycling","",1
MAR01850,"Transport reactions","",0
MAR01852,"Transport reactions","",1
MAR01853,"Bile acid recycling","",1
MAR01854,"Transport reactions","",0
MAR01855,"Transport reactions","",1
MAR01857,"Transport reactions","",0
MAR01859,"Transport reactions","",0
MAR01861,"Transport reactions","",0
MAR01862,"Bile acid recycling","",1
MAR01863,"Bile acid recycling","",1
MAR01864,"Bile acid recycling","",1
MAR01865,"Bile acid recycling","",1
MAR01866,"Bile acid recycling","",1
MAR01867,"Bile acid recycling","",1
MAR01868,"Bile acid recycling","",1
MAR01870,"Bile acid recycling","",1
MAR01872,"Bile acid recycling","",1
MAR01874,"Bile acid recycling","",1
MAR01875,"Bile acid recycling","",1
MAR01876,"Bile acid recycling","",1
MAR01877,"Bile acid recycling","",1
MAR01878,"Transport reactions","",1
MAR01879,"Bile acid recycling","",1
MAR01880,"Bile acid recycling","",1
MAR01881,"Bile acid recycling","",1
MAR01882,"Bile acid recycling","",1
MAR01883,"Bile acid recycling","",1
MAR01884,"Bile acid recycling","",1
MAR01885,"Bile acid recycling","",1
MAR01886,"Bile acid recycling","",1
MAR01887,"Bile acid recycling","",1
MAR01888,"Bile acid recycling","",1
MAR01889,"Bile acid recycling","",1
MAR01890,"Bile acid recycling","",1
MAR01891,"Bile acid recycling","",1
MAR01892,"Bile acid recycling","",1
MAR01893,"Bile acid recycling","",1
MAR01894,"Bile acid recycling","",1
MAR01895,"Transport reactions","",1
MAR01896,"Bile acid recycling","",1
MAR01897,"Transport reactions","",1
MAR01403,"Isolated","",0
MAR01404,"Isolated","",0
MAR01405,"Isolated","",0
MAR01406,"Isolated","",0
MAR01407,"Isolated","",0
MAR01408,"Isolated","",0
MAR01409,"Isolated","",0
MAR01410,"Isolated","",0
MAR01411,"Isolated","",0
MAR01412,"Isolated","",0
MAR01413,"Isolated","",0
MAR01414,"Isolated","",0
MAR01415,"Isolated","",0
MAR01416,"Isolated","",0
MAR01417,"Isolated","",0
MAR01418,"Isolated","",0
MAR01419,"Isolated","",0
MAR01420,"Isolated","",0
MAR01421,"Isolated","",0
MAR01422,"Isolated","",0
MAR01423,"Isolated","",0
MAR01424,"Isolated","",0
MAR01425,"Isolated","",0
MAR01426,"Isolated","",0
MAR01427,"Isolated","",0
MAR01428,"Isolated","",0
MAR01429,"Isolated","",0
MAR01430,"Isolated","",0
MAR01431,"Isolated","",0
MAR01432,"Isolated","",0
MAR01433,"Isolated","",0
MAR08264,"Blood group biosynthesis","",1
MAR08268,"Blood group biosynthesis","",1
MAR08271,"Blood group biosynthesis","",1
MAR08275,"Blood group biosynthesis","",1
MAR08276,"Blood group biosynthesis","",1
MAR08277,"Blood group biosynthesis","",1
MAR08278,"Blood group biosynthesis","",1
MAR08279,"Blood group biosynthesis","",1
MAR08285,"Blood group biosynthesis","",1
MAR08287,"Blood group biosynthesis","",1
MAR08293,"Blood group biosynthesis","",1
MAR08305,"Blood group biosynthesis","",1
MAR08306,"Blood group biosynthesis","",1
MAR08307,"Blood group biosynthesis","",1
MAR08308,"Blood group biosynthesis","",1
MAR08309,"Blood group biosynthesis","",1
MAR08317,"Blood group biosynthesis","",1
MAR08318,"Blood group biosynthesis","",1
MAR08319,"Blood group biosynthesis","",1
MAR08322,"Blood group biosynthesis","",1
MAR08326,"Blood group biosynthesis","",1
MAR08327,"Blood group biosynthesis","",1
MAR08330,"Blood group biosynthesis","",1
MAR08331,"Blood group biosynthesis","",1
MAR08332,"Blood group biosynthesis","",1
MAR08333,"Blood group biosynthesis","",1
MAR08334,"Blood group biosynthesis","",1
MAR00712,"Nicotinate and nicotinamide metabolism","",1
MAR03992,"Nicotinate and nicotinamide metabolism","",1
MAR04228,"Nicotinate and nicotinamide metabolism","",1
MAR04252,"Nicotinate and nicotinamide metabolism","",1
MAR04253,"Nicotinate and nicotinamide metabolism","",1
MAR04254,"Nicotinate and nicotinamide metabolism","",1
MAR04255,"Nicotinate and nicotinamide metabolism","",1
MAR04257,"Nicotinate and nicotinamide metabolism","",1
MAR04259,"Nicotinate and nicotinamide metabolism","",0
MAR04260,"Nicotinate and nicotinamide metabolism","",1
MAR04261,"Nicotinate and nicotinamide metabolism","",1
MAR04262,"Nicotinate and nicotinamide metabolism","",1
MAR04263,"Nicotinate and nicotinamide metabolism","",1
MAR04264,"Nicotinate and nicotinamide metabolism","",1
MAR04265,"Nicotinate and nicotinamide metabolism","",1
MAR04267,"Nicotinate and nicotinamide metabolism","",1
MAR04268,"Nicotinate and nicotinamide metabolism","",1
MAR04269,"Nicotinate and nicotinamide metabolism","",1
MAR04270,"Nicotinate and nicotinamide metabolism","",1
MAR04271,"Transport reactions","",1
MAR04276,"Nicotinate and nicotinamide metabolism","",1
MAR04278,"Nicotinate and nicotinamide metabolism","",1
MAR04279,"Nicotinate and nicotinamide metabolism","",1
MAR04662,"Nicotinate and nicotinamide metabolism","",1
MAR07623,"Nicotinate and nicotinamide metabolism","",1
MAR07625,"Nicotinate and nicotinamide metabolism","",1
MAR07676,"Nicotinate and nicotinamide metabolism","",1
MAR07677,"Nicotinate and nicotinamide metabolism","",1
MAR07678,"Nicotinate and nicotinamide metabolism","",1
MAR08790,"Nicotinate and nicotinamide metabolism","",1
MAR08791,"Nicotinate and nicotinamide metabolism","",1
MAR03871,"Pantothenate and CoA biosynthesis","",1
MAR04058,"Pantothenate and CoA biosynthesis","",1
MAR04498,"Pantothenate and CoA biosynthesis","",0
MAR04499,"Pantothenate and CoA biosynthesis","",0
MAR04500,"Pantothenate and CoA biosynthesis","",1
MAR04714,"Pantothenate and CoA biosynthesis","",1
MAR04715,"Pantothenate and CoA biosynthesis","",1
MAR04716,"Pantothenate and CoA biosynthesis","",1
MAR04718,"Pantothenate and CoA biosynthesis","",1
MAR04723,"Pantothenate and CoA biosynthesis","",1
MAR04725,"Pantothenate and CoA biosynthesis","",1
MAR04727,"Pantothenate and CoA biosynthesis","",1
MAR04730,"Pantothenate and CoA biosynthesis","",1
MAR04731,"Pantothenate and CoA biosynthesis","",1
MAR04732,"Pantothenate and CoA biosynthesis","",1
MAR04733,"Pantothenate and CoA biosynthesis","",1
MAR04734,"Pantothenate and CoA biosynthesis","",1
MAR07731,"Pantothenate and CoA biosynthesis","",1
MAR08792,"Pantothenate and CoA biosynthesis","",0
MAR00663,"Inositol phosphate metabolism","",1
MAR06539,"Inositol phosphate metabolism","",1
MAR06540,"Inositol phosphate metabolism","",1
MAR06542,"Inositol phosphate metabolism","",1
MAR06543,"Inositol phosphate metabolism","",1
MAR06544,"Inositol phosphate metabolism","",1
MAR06545,"Inositol phosphate metabolism","",1
MAR06546,"Inositol phosphate metabolism","",1
MAR06547,"Inositol phosphate metabolism","",1
MAR06548,"Inositol phosphate metabolism","",1
MAR06549,"Inositol phosphate metabolism","",1
MAR06550,"Inositol phosphate metabolism","",1
MAR06551,"Inositol phosphate metabolism","",1
MAR06552,"Inositol phosphate metabolism","",1
MAR06553,"Inositol phosphate metabolism","",1
MAR06554,"Inositol phosphate metabolism","",1
MAR06555,"Inositol phosphate metabolism","",1
MAR06556,"Inositol phosphate metabolism","",1
MAR06557,"Inositol phosphate metabolism","",1
MAR06558,"Inositol phosphate metabolism","",1
MAR06559,"Inositol phosphate metabolism","",1
MAR06560,"Inositol phosphate metabolism","",1
MAR06561,"Inositol phosphate metabolism","",1
MAR06562,"Inositol phosphate metabolism","",1
MAR06563,"Inositol phosphate metabolism","",1
MAR06564,"Inositol phosphate metabolism","",1
MAR06565,"Inositol phosphate metabolism","",1
MAR06566,"Inositol phosphate metabolism","",1
MAR06567,"Inositol phosphate metabolism","",1
MAR06568,"Inositol phosphate metabolism","",1
MAR06569,"Inositol phosphate metabolism","",1
MAR06570,"Inositol phosphate metabolism","",1
MAR06571,"Inositol phosphate metabolism","",1
MAR06573,"Inositol phosphate metabolism","",1
MAR06574,"Inositol phosphate metabolism","",1
MAR06575,"Inositol phosphate metabolism","",1
MAR06576,"Inositol phosphate metabolism","",1
MAR06579,"Inositol phosphate metabolism","",1
MAR06580,"Inositol phosphate metabolism","",1
MAR06581,"Inositol phosphate metabolism","",1
MAR06583,"Inositol phosphate metabolism","",1
MAR06584,"Inositol phosphate metabolism","",1
MAR06585,"Inositol phosphate metabolism","",1
MAR06587,"Inositol phosphate metabolism","",1
MAR06588,"Inositol phosphate metabolism","",1
MAR06589,"Inositol phosphate metabolism","",1
MAR06591,"Inositol phosphate metabolism","",1
MAR06592,"Inositol phosphate metabolism","",1
MAR06595,"Inositol phosphate metabolism","",1
MAR07652,"Inositol phosphate metabolism","",1
MAR07654,"Inositol phosphate metabolism","",1
MAR07655,"Inositol phosphate metabolism","",1
MAR07656,"Inositol phosphate metabolism","",1
MAR08799,"Inositol phosphate metabolism","",1
MAR08800,"Inositol phosphate metabolism","",1
MAR08801,"Inositol phosphate metabolism","",0
MAR08802,"Inositol phosphate metabolism","",1
MAR08803,"Inositol phosphate metabolism","",1
MAR08804,"Inositol phosphate metabolism","",1
MAR08805,"Inositol phosphate metabolism","",1
MAR08806,"Inositol phosphate metabolism","",0
MAR08807,"Inositol phosphate metabolism","",1
MAR08808,"Inositol phosphate metabolism","",1
MAR08809,"Inositol phosphate metabolism","",1
MAR08810,"Inositol phosphate metabolism","",1
MAR08811,"Inositol phosphate metabolism","",1
MAR08812,"Inositol phosphate metabolism","",1
MAR08813,"Inositol phosphate metabolism","",1
MAR08814,"Inositol phosphate metabolism","",1
MAR08815,"Inositol phosphate metabolism","",1
MAR08816,"Inositol phosphate metabolism","",1
MAR08817,"Inositol phosphate metabolism","",1
MAR08818,"Inositol phosphate metabolism","",1
MAR08819,"Inositol phosphate metabolism","",1
MAR08820,"Inositol phosphate metabolism","",0
MAR08821,"Inositol phosphate metabolism","",1
MAR08822,"Inositol phosphate metabolism","",1
MAR08824,"Inositol phosphate metabolism","",1
MAR08825,"Inositol phosphate metabolism","",1
MAR08826,"Inositol phosphate metabolism","",1
MAR08827,"Inositol phosphate metabolism","",1
MAR08829,"Inositol phosphate metabolism","",1
MAR08830,"Inositol phosphate metabolism","",1
MAR08831,"Inositol phosphate metabolism","",1
MAR08835,"Inositol phosphate metabolism","",1
MAR08836,"Inositol phosphate metabolism","",1
MAR03923,"Folate metabolism","",1
MAR03925,"Folate metabolism","",1
MAR03929,"Folate metabolism","",1
MAR03972,"Folate metabolism","",0
MAR04332,"Folate metabolism","",1
MAR04333,"Folate metabolism","",1
MAR04335,"Folate metabolism","",1
MAR04336,"Folate metabolism","",1
MAR04338,"Folate metabolism","",1
MAR04340,"Folate metabolism","",1
MAR04440,"Folate metabolism","",1
MAR04442,"Folate metabolism","",1
MAR04444,"Folate metabolism","",1
MAR04446,"Folate metabolism","",1
MAR04448,"Folate metabolism","",1
MAR04503,"Folate metabolism","",1
MAR04505,"Folate metabolism","",1
MAR04654,"Folate metabolism","",1
MAR04655,"Folate metabolism","",1
MAR04656,"Folate metabolism","",1
MAR04665,"Folate metabolism","",1
MAR09726,"Folate metabolism","",1
MAR04666,"Folate metabolism","",1
MAR07145,"Folate metabolism","",1
MAR07147,"Folate metabolism","",1
MAR07908,"Folate metabolism","",1
MAR07909,"Folate metabolism","",1
MAR07910,"Folate metabolism","",1
MAR07911,"Folate metabolism","",1
MAR07912,"Folate metabolism","",1
MAR07913,"Folate metabolism","",1
MAR07916,"Folate metabolism","",1
MAR07919,"Folate metabolism","",1
MAR07920,"Folate metabolism","",1
MAR07921,"Folate metabolism","",1
MAR07922,"Folate metabolism","",1
MAR07925,"Folate metabolism","",1
MAR08105,"Folate metabolism","",1
MAR08106,"Folate metabolism","",1
MAR08107,"Folate metabolism","",1
MAR08108,"Folate metabolism","",1
MAR08109,"Folate metabolism","",1
MAR08110,"Folate metabolism","",1
MAR08112,"Folate metabolism","",1
MAR08113,"Folate metabolism","",1
MAR08114,"Folate metabolism","",1
MAR08115,"Folate metabolism","",1
MAR08116,"Folate metabolism","",1
MAR08117,"Folate metabolism","",1
MAR08129,"Folate metabolism","",1
MAR08130,"Folate metabolism","",1
MAR08132,"Folate metabolism","",1
MAR08133,"Folate metabolism","",1
MAR08135,"Folate metabolism","",1
MAR08136,"Folate metabolism","",1
MAR08137,"Folate metabolism","",1
MAR08138,"Folate metabolism","",1
MAR08139,"Folate metabolism","",1
MAR08140,"Folate metabolism","",1
MAR08141,"Folate metabolism","",1
MAR08142,"Folate metabolism","",1
MAR08143,"Folate metabolism","",1
MAR08144,"Folate metabolism","",1
MAR08758,"Folate metabolism","",1
MAR07661,"Biotin metabolism","",1
MAR07662,"Biotin metabolism","",1
MAR07663,"Biotin metabolism","",1
MAR07668,"Biotin metabolism","",1
MAR07669,"Biotin metabolism","",0
MAR07670,"Biotin metabolism","",1
MAR07671,"Biotin metabolism","",0
MAR07672,"Biotin metabolism","",1
MAR07673,"Biotin metabolism","",1
MAR04160,"Biopterin metabolism","",1
MAR04162,"Biopterin metabolism","",1
MAR04163,"Biopterin metabolism","",1
MAR04165,"Biopterin metabolism","",1
MAR04166,"Biopterin metabolism","",1
MAR04167,"Biopterin metabolism","",1
MAR04169,"Biopterin metabolism","",1
MAR04170,"Biopterin metabolism","",1
MAR04523,"Biopterin metabolism","",1
MAR04539,"Biopterin metabolism","",1
MAR04540,"Biopterin metabolism","",1
MAR04541,"Biopterin metabolism","",1
MAR04542,"Biopterin metabolism","",1
MAR04543,"Biopterin metabolism","",1
MAR04544,"Biopterin metabolism","",1
MAR04816,"Biopterin metabolism","",1
MAR04817,"Biopterin metabolism","",1
MAR04818,"Biopterin metabolism","",1
MAR04833,"Biopterin metabolism","",1
MAR04834,"Biopterin metabolism","",1
MAR04835,"Biopterin metabolism","",1
MAR04836,"Biopterin metabolism","",1
MAR08538,"Biopterin metabolism","",1
MAR08738,"Biopterin metabolism","",1
MAR08739,"Biopterin metabolism","",1
MAR08740,"Biopterin metabolism","",0
MAR06393,"Ascorbate and aldarate metabolism","",0
MAR06394,"Ascorbate and aldarate metabolism","",0
MAR06396,"Ascorbate and aldarate metabolism","",1
MAR06405,"Ascorbate and aldarate metabolism","",1
MAR08345,"Ascorbate and aldarate metabolism","",0
MAR08346,"Ascorbate and aldarate metabolism","",1
MAR08348,"Ascorbate and aldarate metabolism","",0
MAR08349,"Ascorbate and aldarate metabolism","",1
MAR08619,"Ascorbate and aldarate metabolism","",0
MAR08620,"Ascorbate and aldarate metabolism","",0
MAR08621,"Ascorbate and aldarate metabolism","",0
MAR08622,"Ascorbate and aldarate metabolism","",0
MAR08623,"Ascorbate and aldarate metabolism","",0
MAR08624,"Ascorbate and aldarate metabolism","",0
MAR08625,"Ascorbate and aldarate metabolism","",0
MAR03991,"Porphyrin metabolism","",1
MAR04657,"Porphyrin metabolism","",1
MAR04744,"Porphyrin metabolism","",1
MAR04746,"Porphyrin metabolism","",1
MAR04748,"Porphyrin metabolism","",1
MAR04750,"Porphyrin metabolism","",1
MAR04752,"Porphyrin metabolism","",1
MAR04755,"Porphyrin metabolism","",1
MAR04757,"Porphyrin metabolism","",1
MAR04762,"Porphyrin metabolism","",1
MAR04763,"Porphyrin metabolism","",1
MAR04764,"Porphyrin metabolism","",1
MAR04768,"Porphyrin metabolism","",0
MAR04769,"Porphyrin metabolism","",0
MAR04770,"Porphyrin metabolism","",0
MAR04771,"Porphyrin metabolism","",0
MAR04772,"Porphyrin metabolism","",1
MAR04773,"Porphyrin metabolism","",0
MAR06395,"Porphyrin metabolism","",1
MAR08634,"Porphyrin metabolism","",1
MAR09717,"Porphyrin metabolism","",0
MAR06630,"Retinol metabolism","",1
MAR06631,"Retinol metabolism","",1
MAR06632,"Retinol metabolism","",1
MAR06633,"Retinol metabolism","",1
MAR06634,"Retinol metabolism","",1
MAR06635,"Retinol metabolism","",1
MAR06636,"Retinol metabolism","",1
MAR06637,"Retinol metabolism","",1
MAR06638,"Retinol metabolism","",1
MAR06639,"Retinol metabolism","",1
MAR06640,"Retinol metabolism","",1
MAR06641,"Retinol metabolism","",1
MAR06642,"Retinol metabolism","",1
MAR06643,"Retinol metabolism","",1
MAR06644,"Retinol metabolism","",1
MAR06645,"Retinol metabolism","",1
MAR06646,"Retinol metabolism","",1
MAR06647,"Retinol metabolism","",1
MAR06648,"Retinol metabolism","",1
MAR06649,"Retinol metabolism","",1
MAR06650,"Retinol metabolism","",1
MAR06651,"Retinol metabolism","",1
MAR06652,"Retinol metabolism","",1
MAR06653,"Retinol metabolism","",1
MAR06654,"Retinol metabolism","",1
MAR06655,"Retinol metabolism","",1
MAR06656,"Retinol metabolism","",1
MAR06657,"Retinol metabolism","",1
MAR06658,"Retinol metabolism","",1
MAR06659,"Retinol metabolism","",0
MAR06660,"Retinol metabolism","",0
MAR06661,"Retinol metabolism","",1
MAR06662,"Retinol metabolism","",0
MAR06663,"Retinol metabolism","",0
MAR06664,"Retinol metabolism","",1
MAR06665,"Retinol metabolism","",1
MAR06666,"Retinol metabolism","",1
MAR06667,"Retinol metabolism","",1
MAR06668,"Retinol metabolism","",1
MAR06669,"Retinol metabolism","",1
MAR06670,"Retinol metabolism","",1
MAR06671,"Retinol metabolism","",1
MAR06672,"Retinol metabolism","",0
MAR06673,"Retinol metabolism","",0
MAR06674,"Retinol metabolism","",1
MAR06675,"Retinol metabolism","",1
MAR06676,"Retinol metabolism","",1
MAR06677,"Retinol metabolism","",1
MAR06678,"Retinol metabolism","",1
MAR06679,"Retinol metabolism","",1
MAR06680,"Retinol metabolism","",1
MAR06681,"Retinol metabolism","",1
MAR06682,"Retinol metabolism","",1
MAR06683,"Retinol metabolism","",1
MAR06684,"Retinol metabolism","",1
MAR06685,"Retinol metabolism","",1
MAR06686,"Retinol metabolism","",1
MAR06687,"Retinol metabolism","",1
MAR06690,"Retinol metabolism","",0
MAR06691,"Retinol metabolism","",0
MAR06692,"Retinol metabolism","",0
MAR06693,"Retinol metabolism","",0
MAR06694,"Retinol metabolism","",0
MAR06695,"Retinol metabolism","",0
MAR06697,"Retinol metabolism","",0
MAR06699,"Retinol metabolism","",0
MAR06700,"Retinol metabolism","",1
MAR06701,"Retinol metabolism","",1
MAR06702,"Retinol metabolism","",1
MAR06703,"Retinol metabolism","",1
MAR06704,"Retinol metabolism","",1
MAR06705,"Retinol metabolism","",1
MAR08697,"Retinol metabolism","",1
MAR08698,"Retinol metabolism","",0
MAR08699,"Retinol metabolism","",0
MAR08700,"Retinol metabolism","",1
MAR08702,"Retinol metabolism","",0
MAR08703,"Retinol metabolism","",0
MAR08704,"Retinol metabolism","",0
MAR08706,"Retinol metabolism","",0
MAR08709,"Retinol metabolism","",1
MAR08710,"Retinol metabolism","",1
MAR08711,"Retinol metabolism","",0
MAR08712,"Retinol metabolism","",0
MAR08713,"Retinol metabolism","",1
MAR08717,"Retinol metabolism","",1
MAR06506,"Riboflavin metabolism","",1
MAR06507,"Riboflavin metabolism","",1
MAR06508,"Riboflavin metabolism","",1
MAR06509,"Riboflavin metabolism","",1
MAR06510,"Riboflavin metabolism","",0
MAR06511,"Riboflavin metabolism","",1
MAR04537,"Serotonin and melatonin biosynthesis","",1
MAR04545,"Serotonin and melatonin biosynthesis","",1
MAR04546,"Serotonin and melatonin biosynthesis","",1
MAR04547,"Serotonin and melatonin biosynthesis","",1
MAR04548,"Serotonin and melatonin biosynthesis","",1
MAR04549,"Serotonin and melatonin biosynthesis","",1
MAR04550,"Serotonin and melatonin biosynthesis","",1
MAR04551,"Serotonin and melatonin biosynthesis","",0
MAR04552,"Serotonin and melatonin biosynthesis","",0
MAR04553,"Serotonin and melatonin biosynthesis","",0
MAR04554,"Serotonin and melatonin biosynthesis","",0
MAR04555,"Serotonin and melatonin biosynthesis","",1
MAR04556,"Serotonin and melatonin biosynthesis","",1
MAR04557,"Serotonin and melatonin biosynthesis","",1
MAR04558,"Serotonin and melatonin biosynthesis","",1
MAR04559,"Serotonin and melatonin biosynthesis","",1
MAR04560,"Serotonin and melatonin biosynthesis","",1
MAR04561,"Serotonin and melatonin biosynthesis","",1
MAR04563,"Serotonin and melatonin biosynthesis","",1
MAR04564,"Serotonin and melatonin biosynthesis","",1
MAR04204,"Thiamine metabolism","",1
MAR04206,"Thiamine metabolism","",1
MAR04207,"Thiamine metabolism","",1
MAR04208,"Thiamine metabolism","",1
MAR08744,"Thiamine metabolism","",1
MAR08746,"Thiamine metabolism","",1
MAR08748,"Thiamine metabolism","",0
MAR08613,"Vitamin B12 metabolism","",0
MAR08615,"Vitamin B12 metabolism","",1
MAR08616,"Vitamin B12 metabolism","",1
MAR04064,"Vitamin B6 metabolism","",1
MAR04065,"Vitamin B6 metabolism","",1
MAR04066,"Vitamin B6 metabolism","",1
MAR04067,"Vitamin B6 metabolism","",1
MAR04068,"Vitamin B6 metabolism","",1
MAR04069,"Vitamin B6 metabolism","",1
MAR04070,"Vitamin B6 metabolism","",1
MAR04071,"Vitamin B6 metabolism","",1
MAR08102,"Vitamin B6 metabolism","",1
MAR08724,"Vitamin B6 metabolism","",1
MAR08725,"Vitamin B6 metabolism","",1
MAR02114,"Vitamin D metabolism","",0
MAR02115,"Vitamin D metabolism","",1
MAR02117,"Vitamin D metabolism","",1
MAR02118,"Vitamin D metabolism","",1
MAR02129,"Vitamin D metabolism","",1
MAR02130,"Vitamin D metabolism","",1
MAR02131,"Vitamin D metabolism","",1
MAR02132,"Vitamin D metabolism","",1
MAR02133,"Vitamin D metabolism","",1
MAR02134,"Vitamin D metabolism","",1
MAR02135,"Vitamin D metabolism","",1
MAR02136,"Vitamin D metabolism","",1
MAR02137,"Vitamin D metabolism","",1
MAR02138,"Vitamin D metabolism","",1
MAR02139,"Vitamin D metabolism","",1
MAR02140,"Vitamin D metabolism","",1
MAR02142,"Vitamin D metabolism","",1
MAR02143,"Vitamin D metabolism","",1
MAR02144,"Vitamin D metabolism","",1
MAR02145,"Vitamin D metabolism","",1
MAR07996,"Vitamin D metabolism","",1
MAR07999,"Vitamin D metabolism","",1
MAR08003,"Vitamin D metabolism","",0
MAR08004,"Vitamin D metabolism","",1
MAR08005,"Vitamin D metabolism","",0
MAR08006,"Vitamin D metabolism","",0
MAR08008,"Vitamin D metabolism","",1
MAR08011,"Vitamin D metabolism","",0
MAR08012,"Vitamin D metabolism","",0
MAR08013,"Vitamin D metabolism","",0
MAR08014,"Vitamin D metabolism","",0
MAR06423,"Vitamin E metabolism","",0
MAR06426,"Vitamin E metabolism","",1
MAR06427,"Vitamin E metabolism","",1
MAR06428,"Vitamin E metabolism","",1
MAR06429,"Vitamin E metabolism","",1
MAR06432,"Vitamin E metabolism","",1
MAR06433,"Vitamin E metabolism","",1
MAR06434,"Vitamin E metabolism","",0
MAR06435,"Vitamin E metabolism","",1
MAR06436,"Vitamin E metabolism","",1
MAR06441,"Vitamin E metabolism","",1
MAR06442,"Vitamin E metabolism","",1
MAR06443,"Vitamin E metabolism","",1
MAR06444,"Vitamin E metabolism","",1
MAR06447,"Vitamin E metabolism","",0
MAR06448,"Vitamin E metabolism","",1
MAR06450,"Vitamin E metabolism","",1
MAR06451,"Vitamin E metabolism","",1
MAR06453,"Vitamin E metabolism","",1
MAR06456,"Vitamin E metabolism","",0
MAR06457,"Vitamin E metabolism","",0
MAR06458,"Vitamin E metabolism","",0
MAR06459,"Vitamin E metabolism","",0
MAR06460,"Vitamin E metabolism","",0
MAR06461,"Vitamin E metabolism","",0
MAR06464,"Vitamin E metabolism","",1
MAR06465,"Vitamin E metabolism","",1
MAR06466,"Vitamin E metabolism","",1
MAR06467,"Vitamin E metabolism","",1
MAR06470,"Vitamin E metabolism","",0
MAR06471,"Vitamin E metabolism","",1
MAR06472,"Vitamin E metabolism","",1
MAR06473,"Vitamin E metabolism","",1
MAR06476,"Vitamin E metabolism","",1
MAR06500,"Vitamin E metabolism","",0
MAR06477,"Vitamin E metabolism","",1
MAR06478,"Vitamin E metabolism","",1
MAR06479,"Vitamin E metabolism","",1
MAR06482,"Vitamin E metabolism","",0
MAR06484,"Vitamin E metabolism","",1
MAR06486,"Vitamin E metabolism","",1
MAR06488,"Vitamin E metabolism","",0
MAR06490,"Vitamin E metabolism","",1
MAR06492,"Vitamin E metabolism","",1
MAR06495,"Vitamin E metabolism","",1
MAR06496,"Vitamin E metabolism","",1
MAR06501,"Vitamin E metabolism","",0
MAR06992,"Xenobiotics metabolism","",1
MAR06993,"Xenobiotics metabolism","",1
MAR06994,"Xenobiotics metabolism","",1
MAR06995,"Xenobiotics metabolism","",1
MAR06996,"Xenobiotics metabolism","",1
MAR06997,"Xenobiotics metabolism","",0
MAR06998,"Xenobiotics metabolism","",1
MAR06999,"Xenobiotics metabolism","",1
MAR07000,"Xenobiotics metabolism","",1
MAR07001,"Xenobiotics metabolism","",1
MAR07002,"Xenobiotics metabolism","",1
MAR07003,"Xenobiotics metabolism","",1
MAR07004,"Xenobiotics metabolism","",1
MAR07005,"Xenobiotics metabolism","",1
MAR07006,"Xenobiotics metabolism","",0
MAR07007,"Xenobiotics metabolism","",0
MAR07008,"Xenobiotics metabolism","",0
MAR07009,"Xenobiotics metabolism","",0
MAR07010,"Xenobiotics metabolism","",0
MAR07011,"Xenobiotics metabolism","",0
MAR07012,"Xenobiotics metabolism","",0
MAR07013,"Xenobiotics metabolism","",1
MAR07014,"Xenobiotics metabolism","",1
MAR07015,"Xenobiotics metabolism","",0
MAR07016,"Xenobiotics metabolism","",0
MAR07017,"Xenobiotics metabolism","",1
MAR07018,"Xenobiotics metabolism","",1
MAR07019,"Xenobiotics metabolism","",1
MAR07020,"Xenobiotics metabolism","",1
MAR07021,"Xenobiotics metabolism","",1
MAR07022,"Xenobiotics metabolism","",1
MAR07023,"Xenobiotics metabolism","",1
MAR07024,"Xenobiotics metabolism","",0
MAR07025,"Xenobiotics metabolism","",1
MAR07026,"Xenobiotics metabolism","",1
MAR07027,"Xenobiotics metabolism","",1
MAR07028,"Xenobiotics metabolism","",1
MAR07029,"Xenobiotics metabolism","",1
MAR07030,"Xenobiotics metabolism","",1
MAR07031,"Xenobiotics metabolism","",0
MAR07032,"Xenobiotics metabolism","",0
MAR07033,"Xenobiotics metabolism","",1
MAR07034,"Xenobiotics metabolism","",0
MAR07035,"Xenobiotics metabolism","",1
MAR07036,"Xenobiotics metabolism","",1
MAR07037,"Xenobiotics metabolism","",0
MAR07038,"Xenobiotics metabolism","",1
MAR07039,"Xenobiotics metabolism","",1
MAR07040,"Xenobiotics metabolism","",1
MAR07041,"Xenobiotics metabolism","",1
MAR07042,"Xenobiotics metabolism","",1
MAR07043,"Xenobiotics metabolism","",0
MAR07044,"Xenobiotics metabolism","",1
MAR07045,"Xenobiotics metabolism","",0
MAR07046,"Xenobiotics metabolism","",0
MAR07047,"Xenobiotics metabolism","",0
MAR07048,"Xenobiotics metabolism","",1
MAR07049,"Xenobiotics metabolism","",0
MAR07050,"Xenobiotics metabolism","",1
MAR07051,"Xenobiotics metabolism","",1
MAR07052,"Xenobiotics metabolism","",1
MAR07053,"Xenobiotics metabolism","",1
MAR07054,"Xenobiotics metabolism","",1
MAR07055,"Xenobiotics metabolism","",1
MAR07056,"Xenobiotics metabolism","",1
MAR07057,"Xenobiotics metabolism","",1
MAR07058,"Xenobiotics metabolism","",1
MAR07059,"Xenobiotics metabolism","",1
MAR07060,"Xenobiotics metabolism","",1
MAR07061,"Xenobiotics metabolism","",1
MAR07062,"Xenobiotics metabolism","",0
MAR07063,"Xenobiotics metabolism","",1
MAR07064,"Xenobiotics metabolism","",1
MAR07065,"Xenobiotics metabolism","",1
MAR07066,"Xenobiotics metabolism","",1
MAR07067,"Xenobiotics metabolism","",0
MAR07068,"Xenobiotics metabolism","",0
MAR07069,"Xenobiotics metabolism","",0
MAR07070,"Xenobiotics metabolism","",0
MAR07071,"Xenobiotics metabolism","",0
MAR07072,"Xenobiotics metabolism","",0
MAR07073,"Xenobiotics metabolism","",0
MAR07074,"Xenobiotics metabolism","",0
MAR07075,"Xenobiotics metabolism","",0
MAR07076,"Xenobiotics metabolism","",0
MAR07077,"Xenobiotics metabolism","",0
MAR07078,"Xenobiotics metabolism","",1
MAR07079,"Xenobiotics metabolism","",1
MAR07080,"Xenobiotics metabolism","",1
MAR07081,"Xenobiotics metabolism","",1
MAR07082,"Xenobiotics metabolism","",1
MAR07083,"Xenobiotics metabolism","",1
MAR07084,"Xenobiotics metabolism","",1
MAR07085,"Xenobiotics metabolism","",0
MAR07086,"Xenobiotics metabolism","",0
MAR07087,"Xenobiotics metabolism","",0
MAR07088,"Xenobiotics metabolism","",1
MAR07089,"Xenobiotics metabolism","",1
MAR07090,"Xenobiotics metabolism","",0
MAR07091,"Xenobiotics metabolism","",1
MAR07092,"Xenobiotics metabolism","",1
MAR07093,"Xenobiotics metabolism","",1
MAR07094,"Xenobiotics metabolism","",0
MAR07095,"Xenobiotics metabolism","",0
MAR07096,"Xenobiotics metabolism","",1
MAR07097,"Xenobiotics metabolism","",1
MAR07098,"Xenobiotics metabolism","",0
MAR07099,"Xenobiotics metabolism","",1
MAR07100,"Xenobiotics metabolism","",1
MAR07103,"Xenobiotics metabolism","",1
MAR07104,"Xenobiotics metabolism","",0
MAR07106,"Xenobiotics metabolism","",0
MAR07688,"Xenobiotics metabolism","",1
MAR08032,"Xenobiotics metabolism","",1
MAR08034,"Xenobiotics metabolism","",1
MAR08036,"Xenobiotics metabolism","",1
MAR08037,"Xenobiotics metabolism","",1
MAR08038,"Xenobiotics metabolism","",1
MAR08040,"Xenobiotics metabolism","",1
MAR08043,"Xenobiotics metabolism","",1
MAR08046,"Xenobiotics metabolism","",1
MAR08049,"Xenobiotics metabolism","",1
MAR08052,"Xenobiotics metabolism","",1
MAR08055,"Xenobiotics metabolism","",1
MAR08596,"Xenobiotics metabolism","",1
MAR08598,"Xenobiotics metabolism","",1
MAR08601,"Xenobiotics metabolism","",1
MAR06535,"Xenobiotics metabolism","",1
MAR06536,"Xenobiotics metabolism","",1
MAR09569,"Xenobiotics metabolism","",1
MAR03955,"Miscellaneous","",1
MAR03984,"Miscellaneous","",1
MAR04201,"Miscellaneous","",1
MAR04202,"Miscellaneous","",1
MAR05127,"Miscellaneous","",0
MAR05128,"Miscellaneous","",0
MAR05363,"Miscellaneous","",0
MAR05406,"Miscellaneous","",1
MAR05409,"Miscellaneous","",0
MAR07794,"Miscellaneous","",1
MAR08617,"Miscellaneous","",0
MAR08749,"Miscellaneous","",0
MAR08750,"Miscellaneous","",0
MAR08751,"Miscellaneous","",1
MAR08752,"Miscellaneous","",1
MAR07741,"Miscellaneous","",1
MAR09464,"Isolated","",1
MAR09465,"Isolated","",1
MAR09466,"Isolated","",1
MAR09467,"Isolated","",1
MAR09468,"Isolated","",1
MAR09469,"Isolated","",1
MAR09470,"Isolated","",1
MAR09471,"Isolated","",1
MAR09472,"Isolated","",1
MAR09473,"Isolated","",1
MAR09474,"Isolated","",1
MAR09476,"Isolated","",1
MAR09477,"Isolated","",1
MAR09478,"Isolated","",1
MAR09479,"Isolated","",1
MAR09480,"Isolated","",1
MAR09481,"Isolated","",1
MAR09482,"Isolated","",1
MAR09483,"Isolated","",1
MAR09484,"Isolated","",1
MAR09485,"Isolated","",1
MAR09487,"Isolated","",1
MAR09488,"Isolated","",1
MAR09489,"Isolated","",0
MAR09490,"Isolated","",1
MAR09491,"Isolated","",1
MAR09492,"Isolated","",1
MAR09493,"Isolated","",1
MAR09494,"Isolated","",0
MAR09495,"Isolated","",1
MAR09496,"Isolated","",1
MAR09497,"Isolated","",1
MAR09498,"Isolated","",1
MAR09499,"Isolated","",1
MAR09500,"Isolated","",1
MAR09501,"Isolated","",1
MAR09502,"Isolated","",1
MAR09503,"Isolated","",1
MAR09504,"Isolated","",1
MAR09505,"Isolated","",1
MAR09506,"Isolated","",1
MAR09507,"Isolated","",1
MAR09508,"Isolated","",1
MAR09509,"Isolated","",1
MAR09510,"Isolated","",1
MAR09511,"Isolated","",1
MAR09512,"Isolated","",1
MAR09513,"Isolated","",1
MAR09514,"Isolated","",1
MAR09515,"Isolated","",1
MAR09516,"Isolated","",1
MAR09517,"Isolated","",1
MAR09518,"Isolated","",1
MAR09519,"Isolated","",1
MAR09520,"Isolated","",1
MAR09521,"Isolated","",1
MAR09522,"Isolated","",1
MAR09523,"Isolated","",1
MAR09524,"Isolated","",1
MAR09525,"Isolated","",1
MAR09527,"Isolated","",1
MAR09528,"Isolated","",1
MAR09529,"Isolated","",1
MAR09530,"Isolated","",1
MAR09531,"Isolated","",1
MAR09532,"Isolated","",1
MAR09534,"Isolated","",1
MAR09535,"Isolated","",1
MAR09536,"Isolated","",1
MAR09537,"Isolated","",1
MAR09538,"Isolated","",1
MAR09539,"Isolated","",1
MAR09540,"Isolated","",1
MAR09541,"Isolated","",1
MAR09542,"Isolated","",1
MAR09543,"Isolated","",1
MAR09544,"Isolated","",1
MAR09545,"Isolated","",1
MAR09546,"Isolated","",1
MAR09547,"Isolated","",1
MAR09548,"Isolated","",1
MAR09549,"Isolated","",1
MAR09550,"Isolated","",1
MAR09551,"Isolated","",1
MAR09552,"Isolated","",1
MAR09553,"Isolated","",1
MAR09801,"Isolated","",1
MAR09807,"Isolated","",1
MAR09555,"Isolated","",1
MAR09556,"Isolated","",1
MAR09557,"Isolated","",1
MAR09558,"Isolated","",1
MAR09559,"Isolated","",1
MAR09560,"Isolated","",1
MAR09562,"Isolated","",1
MAR09563,"Isolated","",1
MAR09564,"Isolated","",1
MAR09565,"Isolated","",1
MAR09566,"Isolated","",1
MAR09567,"Isolated","",1
MAR09568,"Isolated","",1
MAR09570,"Isolated","",1
MAR09571,"Isolated","",1
MAR09572,"Isolated","",1
MAR09573,"Isolated","",1
MAR09574,"Isolated","",1
MAR09575,"Isolated","",1
MAR09580,"Transport reactions","",1
MAR09581,"Transport reactions","",1
MAR09582,"Transport reactions","",1
MAR09583,"Transport reactions","",1
MAR09584,"Transport reactions","",1
MAR09585,"Transport reactions","",1
MAR09586,"Transport reactions","",1
MAR09587,"Transport reactions","",1
MAR09588,"Transport reactions","",1
MAR09798,"Isolated","Formation of Alanylalanine",0
MAR09806,"Isolated","",1
MAR00010,"Pool reactions","",1
MAR00011,"Pool reactions","",0
MAR00012,"Pool reactions","",0
MAR00013,"Pool reactions","",1
MAR00014,"Pool reactions","",1
MAR00477,"Pool reactions","",0
MAR00545,"Pool reactions","",0
MAR00546,"Pool reactions","",0
MAR00547,"Pool reactions","",0
MAR00548,"Pool reactions","",0
MAR00549,"Pool reactions","",0
MAR00550,"Pool reactions","",0
MAR00551,"Pool reactions","",0
MAR00552,"Pool reactions","",0
MAR00553,"Pool reactions","",0
MAR00555,"Pool reactions","",0
MAR00556,"Pool reactions","",0
MAR00557,"Pool reactions","",0
MAR00558,"Pool reactions","",0
MAR00559,"Pool reactions","",0
MAR00560,"Pool reactions","",0
MAR00561,"Pool reactions","",0
MAR00685,"Pool reactions","",0
MAR00686,"Pool reactions","",0
MAR00687,"Pool reactions","",0
MAR00688,"Pool reactions","",0
MAR00689,"Pool reactions","",0
MAR00690,"Pool reactions","",0
MAR00691,"Pool reactions","",0
MAR00692,"Pool reactions","",0
MAR01185,"Pool reactions","",0
MAR01227,"Pool reactions","",0
MAR05233,"Pool reactions","",0
MAR05234,"Pool reactions","",0
MAR05238,"Pool reactions","",0
MAR05239,"Pool reactions","",0
MAR05243,"Pool reactions","",0
MAR05244,"Pool reactions","",0
MAR05247,"Pool reactions","",0
MAR05257,"Pool reactions","",0
MAR09022,"Pool reactions","",0
MAR00004,"Transport reactions","",0
MAR00006,"Transport reactions","",1
MAR00007,"Transport reactions","",1
MAR00008,"Transport reactions","",1
MAR00009,"Transport reactions","",0
MAR00015,"Transport reactions","",0
MAR00016,"Transport reactions","",0
MAR00017,"Transport reactions","",0
MAR00018,"Transport reactions","",1
MAR00019,"Transport reactions","",1
MAR00155,"Transport reactions","",1
MAR00164,"Transport reactions","",1
MAR00167,"Transport reactions","",1
MAR00170,"Transport reactions","",1
MAR00173,"Transport reactions","",1
MAR00176,"Transport reactions","",1
MAR00179,"Transport reactions","",1
MAR00183,"Transport reactions","",1
MAR00187,"Transport reactions","",1
MAR00190,"Transport reactions","",1
MAR00191,"Transport reactions","",1
MAR00194,"Transport reactions","",1
MAR00195,"Transport reactions","",1
MAR00198,"Transport reactions","",1
MAR00199,"Transport reactions","",1
MAR00202,"Transport reactions","",1
MAR00203,"Transport reactions","",1
MAR00207,"Transport reactions","",1
MAR00208,"Transport reactions","",1
MAR00211,"Transport reactions","",1
MAR00212,"Transport reactions","",1
MAR00215,"Transport reactions","",1
MAR00216,"Transport reactions","",1
MAR00224,"Transport reactions","",1
MAR00225,"Transport reactions","",1
MAR00231,"Transport reactions","",1
MAR00232,"Transport reactions","",1
MAR00235,"Transport reactions","",1
MAR00236,"Transport reactions","",1
MAR00239,"Transport reactions","",1
MAR00240,"Transport reactions","",1
MAR00243,"Transport reactions","",1
MAR00244,"Transport reactions","",1
MAR00247,"Transport reactions","",1
MAR00248,"Transport reactions","",1
MAR00253,"Transport reactions","",1
MAR00254,"Transport reactions","",1
MAR00257,"Transport reactions","",1
MAR00258,"Transport reactions","",1
MAR00261,"Transport reactions","",1
MAR00262,"Transport reactions","",1
MAR00265,"Transport reactions","",1
MAR00266,"Transport reactions","",1
MAR00269,"Transport reactions","",1
MAR00270,"Transport reactions","",1
MAR00273,"Transport reactions","",1
MAR00274,"Transport reactions","",1
MAR00277,"Transport reactions","",1
MAR00278,"Transport reactions","",1
MAR00281,"Transport reactions","",1
MAR00282,"Transport reactions","",1
MAR00287,"Transport reactions","",1
MAR00288,"Transport reactions","",1
MAR00291,"Transport reactions","",1
MAR00292,"Transport reactions","",1
MAR00295,"Transport reactions","",1
MAR00296,"Transport reactions","",1
MAR00299,"Transport reactions","",1
MAR00300,"Transport reactions","",1
MAR00303,"Transport reactions","",1
MAR00304,"Transport reactions","",1
MAR00307,"Transport reactions","",1
MAR00308,"Transport reactions","",1
MAR00311,"Transport reactions","",1
MAR00312,"Transport reactions","",1
MAR00317,"Transport reactions","",1
MAR00318,"Transport reactions","",1
MAR00321,"Transport reactions","",1
MAR00322,"Transport reactions","",1
MAR00325,"Transport reactions","",1
MAR00326,"Transport reactions","",1
MAR00329,"Transport reactions","",1
MAR00330,"Transport reactions","",1
MAR00335,"Transport reactions","",1
MAR00336,"Transport reactions","",1
MAR00339,"Transport reactions","",1
MAR00340,"Transport reactions","",1
MAR00343,"Transport reactions","",1
MAR00344,"Transport reactions","",1
MAR00347,"Transport reactions","",1
MAR00348,"Transport reactions","",1
MAR00351,"Transport reactions","",1
MAR00352,"Transport reactions","",1
MAR00355,"Transport reactions","",1
MAR00356,"Transport reactions","",1
MAR00359,"Transport reactions","",1
MAR00360,"Transport reactions","",1
MAR00363,"Transport reactions","",1
MAR00364,"Transport reactions","",1
MAR00367,"Transport reactions","",1
MAR00368,"Transport reactions","",1
MAR00371,"Transport reactions","",1
MAR00372,"Transport reactions","",1
MAR00375,"Transport reactions","",1
MAR00376,"Transport reactions","",1
MAR00379,"Transport reactions","",1
MAR00380,"Transport reactions","",1
MAR00383,"Transport reactions","",1
MAR00384,"Transport reactions","",1
MAR00387,"Transport reactions","",1
MAR00388,"Transport reactions","",1
MAR00391,"Transport reactions","",1
MAR00392,"Transport reactions","",1
MAR00395,"Transport reactions","",1
MAR00396,"Transport reactions","",1
MAR00399,"Transport reactions","",1
MAR00400,"Transport reactions","",1
MAR00403,"Transport reactions","",1
MAR00404,"Transport reactions","",1
MAR00407,"Transport reactions","",1
MAR00408,"Transport reactions","",1
MAR00411,"Transport reactions","",1
MAR00412,"Transport reactions","",1
MAR00415,"Transport reactions","",1
MAR00416,"Transport reactions","",1
MAR00419,"Transport reactions","",1
MAR00420,"Transport reactions","",1
MAR00423,"Transport reactions","",1
MAR00424,"Transport reactions","",1
MAR00427,"Transport reactions","",1
MAR00428,"Transport reactions","",1
MAR00431,"Transport reactions","",1
MAR00432,"Transport reactions","",1
MAR00435,"Transport reactions","",1
MAR00436,"Transport reactions","",1
MAR00439,"Transport reactions","",1
MAR00440,"Transport reactions","",0
MAR00444,"Transport reactions","",1
MAR00469,"Transport reactions","",0
MAR00470,"Transport reactions","",1
MAR00476,"Transport reactions","",1
MAR00770,"Transport reactions","",1
MAR00782,"Transport reactions","",0
MAR01082,"Transport reactions","",1
MAR01898,"Transport reactions","",1
MAR01899,"Transport reactions","",1
MAR01900,"Transport reactions","",1
MAR01901,"Transport reactions","",1
MAR01902,"Transport reactions","",1
MAR01903,"Transport reactions","",1
MAR01904,"Transport reactions","",1
MAR01905,"Transport reactions","",1
MAR01906,"Transport reactions","",1
MAR01907,"Transport reactions","",1
MAR01908,"Transport reactions","",1
MAR01909,"Transport reactions","",1
MAR01910,"Transport reactions","",0
MAR01911,"Transport reactions","",1
MAR01913,"Transport reactions","",0
MAR01914,"Transport reactions","",1
MAR01919,"Transport reactions","",1
MAR02013,"Transport reactions","",0
MAR03858,"Transport reactions","",1
MAR03916,"Transport reactions","",1
MAR03951,"Transport reactions","",0
MAR03959,"Transport reactions","",0
MAR03964,"Transport reactions","",0
MAR04062,"Transport reactions","",0
MAR04063,"Transport reactions","",0
MAR04249,"Transport reactions","",0
MAR04321,"Transport reactions","",1
MAR04432,"Transport reactions","",0
MAR04433,"Transport reactions","",1
MAR04434,"Transport reactions","",1
MAR04435,"Transport reactions","",1
MAR04436,"Transport reactions","",1
MAR04691,"Transport reactions","",1
MAR04721,"Transport reactions","",1
MAR04844,"Transport reactions","",1
MAR04845,"Transport reactions","",1
MAR04847,"Transport reactions","",1
MAR04848,"Transport reactions","",1
MAR04849,"Transport reactions","",1
MAR04858,"Transport reactions","",1
MAR04861,"Transport reactions","",1
MAR04873,"Transport reactions","",1
MAR04875,"Transport reactions","",0
MAR04882,"Transport reactions","",1
MAR04885,"Transport reactions","",1
MAR04896,"Transport reactions","",0
MAR04910,"Transport reactions","",1
MAR04911,"Transport reactions","",1
MAR04912,"Transport reactions","",1
MAR04919,"Transport reactions","",0
MAR04928,"Transport reactions","",1
MAR04931,"Transport reactions","",1
MAR04932,"Transport reactions","",1
MAR04933,"Transport reactions","",1
MAR04934,"Transport reactions","",0
MAR04935,"Transport reactions","",1
MAR04938,"Transport reactions","",1
MAR04939,"Transport reactions","",1
MAR04946,"Transport reactions","",1
MAR04947,"Transport reactions","",0
MAR04948,"Transport reactions","",0
MAR04949,"Transport reactions","",1
MAR04952,"Transport reactions","",0
MAR04954,"Transport reactions","",1
MAR04956,"Transport reactions","",1
MAR04958,"Transport reactions","",0
MAR04969,"Transport reactions","",0
MAR04973,"Transport reactions","",1
MAR04975,"Transport reactions","",1
MAR04976,"Transport reactions","",1
MAR04980,"Transport reactions","",1
MAR04982,"Transport reactions","",0
MAR04983,"Transport reactions","",1
MAR04985,"Transport reactions","",1
MAR04989,"Transport reactions","",0
MAR04990,"Transport reactions","",0
MAR04992,"Transport reactions","",1
MAR04993,"Transport reactions","",0
MAR04994,"Transport reactions","",1
MAR04995,"Transport reactions","",0
MAR04996,"Transport reactions","",1
MAR04999,"Transport reactions","",1
MAR05000,"Transport reactions","",0
MAR05002,"Transport reactions","",0
MAR05003,"Transport reactions","",1
MAR05005,"Transport reactions","",1
MAR05007,"Transport reactions","",1
MAR05008,"Transport reactions","",1
MAR05009,"Transport reactions","",0
MAR05010,"Transport reactions","",0
MAR05011,"Transport reactions","",0
MAR05013,"Transport reactions","",1
MAR05018,"Transport reactions","",1
MAR05020,"Transport reactions","",0
MAR05021,"Transport reactions","",1
MAR05023,"Transport reactions","",1
MAR05029,"Transport reactions","",1
MAR05032,"Transport reactions","",1
MAR05034,"Transport reactions","",1
MAR05035,"Transport reactions","",1
MAR05037,"Transport reactions","",1
MAR05038,"Transport reactions","",1
MAR05039,"Transport reactions","",1
MAR05040,"Transport reactions","",1
MAR05042,"Transport reactions","",1
MAR05068,"Transport reactions","",1
MAR05070,"Transport reactions","",1
MAR05071,"Transport reactions","",1
MAR05073,"Transport reactions","",1
MAR05074,"Transport reactions","",1
MAR05076,"Transport reactions","",1
MAR05077,"Transport reactions","",1
MAR05078,"Transport reactions","",1
MAR05079,"Transport reactions","",1
MAR05080,"Transport reactions","",1
MAR05082,"Transport reactions","",1
MAR05084,"Transport reactions","",1
MAR05085,"Transport reactions","",1
MAR05087,"Transport reactions","",1
MAR05088,"Transport reactions","",1
MAR05089,"Transport reactions","",1
MAR05091,"Transport reactions","",1
MAR05092,"Transport reactions","",1
MAR05094,"Transport reactions","",1
MAR05198,"Transport reactions","",0
MAR05200,"Transport reactions","",0
MAR05202,"Transport reactions","",0
MAR05206,"Transport reactions","",0
MAR05213,"Transport reactions","",0
MAR05215,"Transport reactions","",0
MAR05216,"Transport reactions","",0
MAR05219,"Transport reactions","",0
MAR05221,"Transport reactions","",0
MAR05231,"Transport reactions","",0
MAR05232,"Transport reactions","",0
MAR05236,"Transport reactions","",0
MAR05237,"Transport reactions","",0
MAR05240,"Transport reactions","",0
MAR05241,"Transport reactions","",1
MAR05246,"Transport reactions","",1
MAR05295,"Transport reactions","",1
MAR05296,"Transport reactions","",0
MAR05303,"Transport reactions","",0
MAR05305,"Transport reactions","",1
MAR05307,"Transport reactions","",1
MAR05308,"Transport reactions","",1
MAR05310,"Transport reactions","",1
MAR05311,"Transport reactions","",1
MAR05313,"Transport reactions","",1
MAR05314,"Transport reactions","",1
MAR05315,"Transport reactions","",1
MAR05316,"Transport reactions","",1
MAR05317,"Transport reactions","",1
MAR05318,"Transport reactions","",1
MAR05319,"Transport reactions","",1
MAR05320,"Transport reactions","",1
MAR05322,"Transport reactions","",1
MAR05324,"Transport reactions","",1
MAR05326,"Transport reactions","",1
MAR05328,"Transport reactions","",1
MAR05330,"Transport reactions","",1
MAR05332,"Transport reactions","",1
MAR05333,"Transport reactions","",1
MAR05335,"Transport reactions","",1
MAR05413,"Transport reactions","",1
MAR05429,"Transport reactions","",1
MAR05430,"Transport reactions","",1
MAR05432,"Transport reactions","",1
MAR05433,"Transport reactions","",1
MAR05435,"Transport reactions","",1
MAR05436,"Transport reactions","",1
MAR05437,"Transport reactions","",1
MAR05438,"Transport reactions","",1
MAR05439,"Transport reactions","",1
MAR05440,"Transport reactions","",0
MAR05441,"Transport reactions","",1
MAR05442,"Transport reactions","",1
MAR05443,"Transport reactions","",1
MAR05444,"Transport reactions","",1
MAR05445,"Transport reactions","",1
MAR05446,"Transport reactions","",1
MAR05447,"Transport reactions","",1
MAR05448,"Transport reactions","",1
MAR05450,"Transport reactions","",1
MAR05451,"Transport reactions","",1
MAR05454,"Transport reactions","",1
MAR05455,"Transport reactions","",1
MAR05457,"Transport reactions","",1
MAR05458,"Transport reactions","",1
MAR05459,"Transport reactions","",1
MAR05460,"Transport reactions","",1
MAR05461,"Transport reactions","",1
MAR05462,"Transport reactions","",1
MAR05463,"Transport reactions","",1
MAR05464,"Transport reactions","",1
MAR05465,"Transport reactions","",1
MAR05466,"Transport reactions","",1
MAR05467,"Transport reactions","",1
MAR05468,"Transport reactions","",1
MAR05469,"Transport reactions","",1
MAR05470,"Transport reactions","",1
MAR05471,"Transport reactions","",1
MAR05472,"Transport reactions","",1
MAR05473,"Transport reactions","",1
MAR05474,"Transport reactions","",1
MAR05475,"Transport reactions","",1
MAR05476,"Transport reactions","",1
MAR05477,"Transport reactions","",1
MAR05478,"Transport reactions","",1
MAR05479,"Transport reactions","",1
MAR05480,"Transport reactions","",1
MAR05481,"Transport reactions","",1
MAR05482,"Transport reactions","",1
MAR05483,"Transport reactions","",1
MAR05484,"Transport reactions","",1
MAR05485,"Transport reactions","",1
MAR05486,"Transport reactions","",1
MAR05487,"Transport reactions","",1
MAR05488,"Transport reactions","",1
MAR05489,"Transport reactions","",1
MAR05490,"Transport reactions","",1
MAR05491,"Transport reactions","",1
MAR05492,"Transport reactions","",1
MAR05493,"Transport reactions","",1
MAR05494,"Transport reactions","",1
MAR05495,"Transport reactions","",1
MAR05496,"Transport reactions","",1
MAR05497,"Transport reactions","",1
MAR05498,"Transport reactions","",1
MAR05499,"Transport reactions","",1
MAR05500,"Transport reactions","",1
MAR05501,"Transport reactions","",1
MAR05502,"Transport reactions","",1
MAR05503,"Transport reactions","",1
MAR05504,"Transport reactions","",1
MAR05505,"Transport reactions","",1
MAR05506,"Transport reactions","",1
MAR05507,"Transport reactions","",1
MAR05508,"Transport reactions","",1
MAR05509,"Transport reactions","",1
MAR05510,"Transport reactions","",1
MAR05511,"Transport reactions","",1
MAR05512,"Transport reactions","",1
MAR05513,"Transport reactions","",1
MAR05514,"Transport reactions","",1
MAR05515,"Transport reactions","",1
MAR05516,"Transport reactions","",1
MAR05517,"Transport reactions","",1
MAR05518,"Transport reactions","",1
MAR05519,"Transport reactions","",1
MAR05520,"Transport reactions","",1
MAR05521,"Transport reactions","",1
MAR05522,"Transport reactions","",1
MAR05523,"Transport reactions","",1
MAR05524,"Transport reactions","",1
MAR05525,"Transport reactions","",1
MAR05526,"Transport reactions","",1
MAR05527,"Transport reactions","",1
MAR05528,"Transport reactions","",1
MAR05529,"Transport reactions","",1
MAR05530,"Transport reactions","",1
MAR05531,"Transport reactions","",1
MAR05532,"Transport reactions","",1
MAR05533,"Transport reactions","",1
MAR05534,"Transport reactions","",1
MAR05535,"Transport reactions","",1
MAR05536,"Transport reactions","",1
MAR05537,"Transport reactions","",1
MAR05538,"Transport reactions","",1
MAR05539,"Transport reactions","",1
MAR05540,"Transport reactions","",1
MAR05541,"Transport reactions","",1
MAR05542,"Transport reactions","",1
MAR05543,"Transport reactions","",1
MAR05544,"Transport reactions","",1
MAR05545,"Transport reactions","",1
MAR05546,"Transport reactions","",1
MAR05547,"Transport reactions","",1
MAR05548,"Transport reactions","",1
MAR05549,"Transport reactions","",1
MAR05550,"Transport reactions","",1
MAR05551,"Transport reactions","",1
MAR05552,"Transport reactions","",1
MAR05553,"Transport reactions","",1
MAR05554,"Transport reactions","",1
MAR05555,"Transport reactions","",1
MAR05556,"Transport reactions","",1
MAR05557,"Transport reactions","",1
MAR05558,"Transport reactions","",1
MAR05559,"Transport reactions","",1
MAR05560,"Transport reactions","",1
MAR05561,"Transport reactions","",1
MAR05562,"Transport reactions","",1
MAR05563,"Transport reactions","",1
MAR05564,"Transport reactions","",1
MAR05565,"Transport reactions","",1
MAR05566,"Transport reactions","",1
MAR05567,"Transport reactions","",1
MAR05568,"Transport reactions","",1
MAR05569,"Transport reactions","",1
MAR05570,"Transport reactions","",1
MAR05571,"Transport reactions","",1
MAR05572,"Transport reactions","",1
MAR05573,"Transport reactions","",1
MAR05574,"Transport reactions","",1
MAR05575,"Transport reactions","",1
MAR05576,"Transport reactions","",1
MAR05577,"Transport reactions","",1
MAR05578,"Transport reactions","",1
MAR05579,"Transport reactions","",1
MAR05580,"Transport reactions","",1
MAR05581,"Transport reactions","",1
MAR05582,"Transport reactions","",1
MAR05583,"Transport reactions","",1
MAR05584,"Transport reactions","",1
MAR05585,"Transport reactions","",1
MAR05586,"Transport reactions","",1
MAR05587,"Transport reactions","",1
MAR05588,"Transport reactions","",1
MAR05589,"Transport reactions","",1
MAR05590,"Transport reactions","",1
MAR05591,"Transport reactions","",1
MAR05592,"Transport reactions","",1
MAR05593,"Transport reactions","",1
MAR05594,"Transport reactions","",1
MAR05595,"Transport reactions","",1
MAR05596,"Transport reactions","",1
MAR05597,"Transport reactions","",1
MAR05598,"Transport reactions","",1
MAR05599,"Transport reactions","",1
MAR05600,"Transport reactions","",1
MAR05601,"Transport reactions","",1
MAR05602,"Transport reactions","",1
MAR05603,"Transport reactions","",1
MAR05604,"Transport reactions","",1
MAR05605,"Transport reactions","",1
MAR05606,"Transport reactions","",1
MAR05607,"Transport reactions","",1
MAR05608,"Transport reactions","",1
MAR05609,"Transport reactions","",1
MAR05610,"Transport reactions","",1
MAR05611,"Transport reactions","",1
MAR05612,"Transport reactions","",1
MAR05613,"Transport reactions","",1
MAR05614,"Transport reactions","",1
MAR05615,"Transport reactions","",1
MAR05616,"Transport reactions","",1
MAR05617,"Transport reactions","",1
MAR05618,"Transport reactions","",1
MAR05619,"Transport reactions","",1
MAR05620,"Transport reactions","",1
MAR05621,"Transport reactions","",1
MAR05622,"Transport reactions","",1
MAR05623,"Transport reactions","",1
MAR05624,"Transport reactions","",1
MAR05625,"Transport reactions","",1
MAR05626,"Transport reactions","",1
MAR05627,"Transport reactions","",1
MAR05628,"Transport reactions","",1
MAR05629,"Transport reactions","",1
MAR05630,"Transport reactions","",1
MAR05631,"Transport reactions","",1
MAR05632,"Transport reactions","",1
MAR05633,"Transport reactions","",1
MAR05634,"Transport reactions","",1
MAR05635,"Transport reactions","",1
MAR05636,"Transport reactions","",1
MAR05637,"Transport reactions","",1
MAR05638,"Transport reactions","",1
MAR05639,"Transport reactions","",1
MAR05640,"Transport reactions","",1
MAR05641,"Transport reactions","",1
MAR05642,"Transport reactions","",1
MAR05643,"Transport reactions","",1
MAR05644,"Transport reactions","",1
MAR05645,"Transport reactions","",1
MAR05646,"Transport reactions","",1
MAR05647,"Transport reactions","",1
MAR05648,"Transport reactions","",1
MAR05649,"Transport reactions","",1
MAR05650,"Transport reactions","",1
MAR05651,"Transport reactions","",1
MAR05652,"Transport reactions","",1
MAR05653,"Transport reactions","",1
MAR05654,"Transport reactions","",1
MAR05655,"Transport reactions","",1
MAR05656,"Transport reactions","",1
MAR05657,"Transport reactions","",1
MAR05658,"Transport reactions","",1
MAR05659,"Transport reactions","",1
MAR05660,"Transport reactions","",1
MAR05661,"Transport reactions","",1
MAR05662,"Transport reactions","",1
MAR05663,"Transport reactions","",1
MAR05664,"Transport reactions","",1
MAR05665,"Transport reactions","",1
MAR05666,"Transport reactions","",1
MAR05667,"Transport reactions","",1
MAR05668,"Transport reactions","",1
MAR05669,"Transport reactions","",1
MAR05670,"Transport reactions","",1
MAR05671,"Transport reactions","",1
MAR05672,"Transport reactions","",1
MAR05673,"Transport reactions","",1
MAR05674,"Transport reactions","",1
MAR05675,"Transport reactions","",1
MAR05676,"Transport reactions","",1
MAR05677,"Transport reactions","",1
MAR05678,"Transport reactions","",1
MAR05679,"Transport reactions","",1
MAR05680,"Transport reactions","",1
MAR05681,"Transport reactions","",1
MAR05682,"Transport reactions","",1
MAR05683,"Transport reactions","",1
MAR05684,"Transport reactions","",1
MAR05685,"Transport reactions","",1
MAR05686,"Transport reactions","",1
MAR05687,"Transport reactions","",1
MAR05688,"Transport reactions","",1
MAR05689,"Transport reactions","",1
MAR05690,"Transport reactions","",1
MAR05691,"Transport reactions","",1
MAR05692,"Transport reactions","",1
MAR05693,"Transport reactions","",1
MAR05694,"Transport reactions","",1
MAR05695,"Transport reactions","",1
MAR05696,"Transport reactions","",1
MAR05697,"Transport reactions","",1
MAR05698,"Transport reactions","",1
MAR05699,"Transport reactions","",1
MAR05700,"Transport reactions","",1
MAR05701,"Transport reactions","",1
MAR05702,"Transport reactions","",1
MAR05703,"Transport reactions","",1
MAR05704,"Transport reactions","",1
MAR05705,"Transport reactions","",1
MAR05706,"Transport reactions","",1
MAR05707,"Transport reactions","",1
MAR05708,"Transport reactions","",1
MAR05709,"Transport reactions","",1
MAR05710,"Transport reactions","",1
MAR05711,"Transport reactions","",1
MAR05712,"Transport reactions","",1
MAR05713,"Transport reactions","",1
MAR05714,"Transport reactions","",1
MAR05715,"Transport reactions","",1
MAR05716,"Transport reactions","",1
MAR05717,"Transport reactions","",1
MAR05718,"Transport reactions","",1
MAR05719,"Transport reactions","",1
MAR05720,"Transport reactions","",1
MAR05721,"Transport reactions","",1
MAR05722,"Transport reactions","",1
MAR05723,"Transport reactions","",1
MAR05724,"Transport reactions","",1
MAR05725,"Transport reactions","",1
MAR05726,"Transport reactions","",1
MAR05727,"Transport reactions","",1
MAR05728,"Transport reactions","",1
MAR05729,"Transport reactions","",1
MAR05730,"Transport reactions","",1
MAR05731,"Transport reactions","",1
MAR05732,"Transport reactions","",1
MAR05733,"Transport reactions","",1
MAR05734,"Transport reactions","",1
MAR05735,"Transport reactions","",1
MAR05736,"Transport reactions","",1
MAR05737,"Transport reactions","",1
MAR05738,"Transport reactions","",1
MAR05739,"Transport reactions","",1
MAR05740,"Transport reactions","",1
MAR05741,"Transport reactions","",1
MAR05742,"Transport reactions","",1
MAR05743,"Transport reactions","",1
MAR05744,"Transport reactions","",1
MAR05745,"Transport reactions","",1
MAR05746,"Transport reactions","",1
MAR05747,"Transport reactions","",1
MAR05748,"Transport reactions","",1
MAR05749,"Transport reactions","",1
MAR05750,"Transport reactions","",1
MAR05751,"Transport reactions","",1
MAR05752,"Transport reactions","",1
MAR05753,"Transport reactions","",1
MAR05754,"Transport reactions","",1
MAR05755,"Transport reactions","",1
MAR05756,"Transport reactions","",1
MAR05757,"Transport reactions","",1
MAR05758,"Transport reactions","",1
MAR05759,"Transport reactions","",1
MAR05760,"Transport reactions","",1
MAR05761,"Transport reactions","",1
MAR05762,"Transport reactions","",1
MAR05763,"Transport reactions","",1
MAR05764,"Transport reactions","",1
MAR05765,"Transport reactions","",1
MAR05766,"Transport reactions","",1
MAR05767,"Transport reactions","",1
MAR05768,"Transport reactions","",1
MAR05769,"Transport reactions","",1
MAR05770,"Transport reactions","",1
MAR05771,"Transport reactions","",1
MAR05772,"Transport reactions","",1
MAR05773,"Transport reactions","",1
MAR05774,"Transport reactions","",1
MAR05775,"Transport reactions","",1
MAR05776,"Transport reactions","",1
MAR05777,"Transport reactions","",1
MAR05778,"Transport reactions","",1
MAR05779,"Transport reactions","",1
MAR05780,"Transport reactions","",1
MAR05781,"Transport reactions","",1
MAR05782,"Transport reactions","",1
MAR05783,"Transport reactions","",1
MAR05784,"Transport reactions","",1
MAR05785,"Transport reactions","",1
MAR05786,"Transport reactions","",1
MAR05787,"Transport reactions","",1
MAR05788,"Transport reactions","",1
MAR05789,"Transport reactions","",1
MAR05790,"Transport reactions","",1
MAR05791,"Transport reactions","",1
MAR05792,"Transport reactions","",1
MAR05793,"Transport reactions","",1
MAR05794,"Transport reactions","",1
MAR05795,"Transport reactions","",1
MAR05796,"Transport reactions","",1
MAR05797,"Transport reactions","",1
MAR05798,"Transport reactions","",1
MAR05799,"Transport reactions","",1
MAR05800,"Transport reactions","",1
MAR05801,"Transport reactions","",1
MAR05802,"Transport reactions","",1
MAR05803,"Transport reactions","",1
MAR05804,"Transport reactions","",1
MAR05805,"Transport reactions","",1
MAR05806,"Transport reactions","",1
MAR05807,"Transport reactions","",1
MAR05808,"Transport reactions","",1
MAR05809,"Transport reactions","",1
MAR05810,"Transport reactions","",1
MAR05811,"Transport reactions","",1
MAR05812,"Transport reactions","",1
MAR05813,"Transport reactions","",1
MAR05814,"Transport reactions","",1
MAR05815,"Transport reactions","",1
MAR05816,"Transport reactions","",1
MAR05817,"Transport reactions","",1
MAR05818,"Transport reactions","",1
MAR05819,"Transport reactions","",1
MAR05820,"Transport reactions","",1
MAR05821,"Transport reactions","",1
MAR05822,"Transport reactions","",1
MAR05823,"Transport reactions","",1
MAR05824,"Transport reactions","",1
MAR05825,"Transport reactions","",1
MAR05826,"Transport reactions","",1
MAR05827,"Transport reactions","",1
MAR05828,"Transport reactions","",1
MAR05829,"Transport reactions","",1
MAR05830,"Transport reactions","",1
MAR05831,"Transport reactions","",1
MAR05832,"Transport reactions","",1
MAR05833,"Transport reactions","",1
MAR05834,"Transport reactions","",1
MAR05835,"Transport reactions","",1
MAR05836,"Transport reactions","",1
MAR05837,"Transport reactions","",1
MAR05838,"Transport reactions","",1
MAR05839,"Transport reactions","",1
MAR05840,"Transport reactions","",1
MAR05841,"Transport reactions","",1
MAR05842,"Transport reactions","",1
MAR05843,"Transport reactions","",1
MAR05844,"Transport reactions","",1
MAR05845,"Transport reactions","",1
MAR05846,"Transport reactions","",1
MAR05847,"Transport reactions","",1
MAR05848,"Transport reactions","",1
MAR05849,"Transport reactions","",1
MAR05850,"Transport reactions","",1
MAR05851,"Transport reactions","",1
MAR05852,"Transport reactions","",1
MAR05853,"Transport reactions","",1
MAR05854,"Transport reactions","",1
MAR05855,"Transport reactions","",1
MAR05856,"Transport reactions","",1
MAR05857,"Transport reactions","",1
MAR05858,"Transport reactions","",1
MAR05859,"Transport reactions","",1
MAR05860,"Transport reactions","",1
MAR05861,"Transport reactions","",1
MAR05862,"Transport reactions","",1
MAR05863,"Transport reactions","",1
MAR05864,"Transport reactions","",1
MAR05865,"Transport reactions","",1
MAR05866,"Transport reactions","",1
MAR05867,"Transport reactions","",1
MAR05868,"Transport reactions","",1
MAR05869,"Transport reactions","",1
MAR05870,"Transport reactions","",1
MAR05871,"Transport reactions","",1
MAR05872,"Transport reactions","",1
MAR05873,"Transport reactions","",1
MAR05874,"Transport reactions","",1
MAR05875,"Transport reactions","",1
MAR05876,"Transport reactions","",1
MAR05877,"Transport reactions","",1
MAR05878,"Transport reactions","",1
MAR05879,"Transport reactions","",1
MAR05880,"Transport reactions","",1
MAR05881,"Transport reactions","",1
MAR05882,"Transport reactions","",1
MAR05883,"Transport reactions","",1
MAR05884,"Transport reactions","",1
MAR05885,"Transport reactions","",1
MAR05886,"Transport reactions","",1
MAR05887,"Transport reactions","",1
MAR05888,"Transport reactions","",1
MAR05889,"Transport reactions","",1
MAR05890,"Transport reactions","",1
MAR05891,"Transport reactions","",1
MAR05892,"Transport reactions","",1
MAR05893,"Transport reactions","",1
MAR05894,"Transport reactions","",1
MAR05895,"Transport reactions","",1
MAR05896,"Transport reactions","",1
MAR05897,"Transport reactions","",1
MAR05898,"Transport reactions","",1
MAR05899,"Transport reactions","",1
MAR05900,"Transport reactions","",1
MAR05901,"Transport reactions","",1
MAR05902,"Transport reactions","",1
MAR05903,"Transport reactions","",1
MAR05904,"Transport reactions","",1
MAR05905,"Transport reactions","",1
MAR05906,"Transport reactions","",1
MAR05907,"Transport reactions","",1
MAR05908,"Transport reactions","",1
MAR05909,"Transport reactions","",1
MAR05910,"Transport reactions","",1
MAR05911,"Transport reactions","",1
MAR05912,"Transport reactions","",1
MAR05913,"Transport reactions","",1
MAR05914,"Transport reactions","",1
MAR05915,"Transport reactions","",1
MAR05916,"Transport reactions","",1
MAR05917,"Transport reactions","",1
MAR05918,"Transport reactions","",1
MAR05919,"Transport reactions","",1
MAR05920,"Transport reactions","",1
MAR05921,"Transport reactions","",1
MAR05922,"Transport reactions","",1
MAR05923,"Transport reactions","",1
MAR05924,"Transport reactions","",1
MAR05925,"Transport reactions","",1
MAR05926,"Transport reactions","",1
MAR05927,"Transport reactions","",1
MAR05928,"Transport reactions","",1
MAR05929,"Transport reactions","",1
MAR05930,"Transport reactions","",1
MAR05931,"Transport reactions","",1
MAR05932,"Transport reactions","",1
MAR05933,"Transport reactions","",1
MAR05934,"Transport reactions","",1
MAR05935,"Transport reactions","",1
MAR05936,"Transport reactions","",1
MAR05937,"Transport reactions","",1
MAR05938,"Transport reactions","",1
MAR05939,"Transport reactions","",1
MAR05940,"Transport reactions","",1
MAR05941,"Transport reactions","",1
MAR05942,"Transport reactions","",1
MAR05943,"Transport reactions","",1
MAR05944,"Transport reactions","",1
MAR05945,"Transport reactions","",1
MAR05946,"Transport reactions","",1
MAR05947,"Transport reactions","",1
MAR05948,"Transport reactions","",1
MAR05949,"Transport reactions","",1
MAR05950,"Transport reactions","",1
MAR05951,"Transport reactions","",1
MAR05952,"Transport reactions","",1
MAR05953,"Transport reactions","",1
MAR05954,"Transport reactions","",1
MAR05955,"Transport reactions","",1
MAR05956,"Transport reactions","",1
MAR05957,"Transport reactions","",1
MAR05958,"Transport reactions","",1
MAR05959,"Transport reactions","",1
MAR05960,"Transport reactions","",1
MAR05961,"Transport reactions","",1
MAR05962,"Transport reactions","",1
MAR05963,"Transport reactions","",1
MAR05964,"Transport reactions","",1
MAR05965,"Transport reactions","",1
MAR05966,"Transport reactions","",1
MAR05967,"Transport reactions","",1
MAR05968,"Transport reactions","",1
MAR05969,"Transport reactions","",1
MAR05970,"Transport reactions","",1
MAR05971,"Transport reactions","",1
MAR05972,"Transport reactions","",1
MAR05973,"Transport reactions","",1
MAR05974,"Transport reactions","",1
MAR05975,"Transport reactions","",1
MAR05976,"Transport reactions","",1
MAR05977,"Transport reactions","",1
MAR05978,"Transport reactions","",1
MAR05979,"Transport reactions","",1
MAR05980,"Transport reactions","",1
MAR05981,"Transport reactions","",1
MAR05982,"Transport reactions","",1
MAR05983,"Transport reactions","",1
MAR05984,"Transport reactions","",1
MAR05985,"Transport reactions","",1
MAR05986,"Transport reactions","",1
MAR05987,"Transport reactions","",1
MAR05989,"Transport reactions","",1
MAR05990,"Transport reactions","",1
MAR05992,"Transport reactions","",1
MAR05993,"Transport reactions","",0
MAR05994,"Transport reactions","",1
MAR05995,"Transport reactions","",1
MAR05996,"Transport reactions","",1
MAR05997,"Transport reactions","",1
MAR05998,"Transport reactions","",1
MAR06000,"Transport reactions","",1
MAR06001,"Transport reactions","",1
MAR06002,"Transport reactions","",1
MAR06003,"Transport reactions","",1
MAR06004,"Transport reactions","",1
MAR06005,"Transport reactions","",1
MAR06006,"Transport reactions","",1
MAR06007,"Transport reactions","",1
MAR06008,"Transport reactions","",1
MAR06009,"Transport reactions","",1
MAR06010,"Transport reactions","",1
MAR06011,"Transport reactions","",1
MAR06012,"Transport reactions","",1
MAR06013,"Transport reactions","",1
MAR06014,"Transport reactions","",1
MAR06015,"Transport reactions","",1
MAR06016,"Transport reactions","",1
MAR06017,"Transport reactions","",1
MAR06018,"Transport reactions","",1
MAR06019,"Transport reactions","",1
MAR06020,"Transport reactions","",1
MAR06021,"Transport reactions","",1
MAR06022,"Transport reactions","",1
MAR06023,"Transport reactions","",1
MAR06024,"Transport reactions","",1
MAR06025,"Transport reactions","",1
MAR06026,"Transport reactions","",1
MAR06027,"Transport reactions","",1
MAR06028,"Transport reactions","",1
MAR06029,"Transport reactions","",1
MAR06030,"Transport reactions","",1
MAR06031,"Transport reactions","",1
MAR06032,"Transport reactions","",1
MAR06033,"Transport reactions","",1
MAR06034,"Transport reactions","",1
MAR06035,"Transport reactions","",1
MAR06036,"Transport reactions","",1
MAR06037,"Transport reactions","",1
MAR06038,"Transport reactions","",1
MAR06039,"Transport reactions","",1
MAR06040,"Transport reactions","",1
MAR06041,"Transport reactions","",1
MAR06042,"Transport reactions","",1
MAR06043,"Transport reactions","",1
MAR06044,"Transport reactions","",1
MAR06045,"Transport reactions","",1
MAR06046,"Transport reactions","",1
MAR06047,"Transport reactions","",1
MAR06048,"Transport reactions","",1
MAR06049,"Transport reactions","",1
MAR06050,"Transport reactions","",1
MAR06051,"Transport reactions","",1
MAR06052,"Transport reactions","",1
MAR06053,"Transport reactions","",1
MAR06054,"Transport reactions","",1
MAR06055,"Transport reactions","",1
MAR06056,"Transport reactions","",1
MAR06059,"Transport reactions","",1
MAR06060,"Transport reactions","",1
MAR06061,"Transport reactions","",1
MAR06062,"Transport reactions","",1
MAR06063,"Transport reactions","",1
MAR06064,"Transport reactions","",1
MAR06065,"Transport reactions","",1
MAR06066,"Transport reactions","",1
MAR06067,"Transport reactions","",1
MAR06068,"Transport reactions","",1
MAR06069,"Transport reactions","",1
MAR06070,"Transport reactions","",1
MAR06071,"Transport reactions","",1
MAR06072,"Transport reactions","",1
MAR06073,"Transport reactions","",1
MAR06074,"Transport reactions","",1
MAR06075,"Transport reactions","",1
MAR06076,"Transport reactions","",1
MAR06077,"Transport reactions","",1
MAR06078,"Transport reactions","",1
MAR06079,"Transport reactions","",1
MAR06080,"Transport reactions","",1
MAR06081,"Transport reactions","",1
MAR06082,"Transport reactions","",1
MAR06083,"Transport reactions","",1
MAR06084,"Transport reactions","",1
MAR06085,"Transport reactions","",1
MAR06086,"Transport reactions","",1
MAR06087,"Transport reactions","",1
MAR06088,"Transport reactions","",1
MAR06089,"Transport reactions","",1
MAR06090,"Transport reactions","",1
MAR06091,"Transport reactions","",1
MAR06092,"Transport reactions","",1
MAR06093,"Transport reactions","",1
MAR06094,"Transport reactions","",1
MAR06095,"Transport reactions","",1
MAR06096,"Transport reactions","",1
MAR06097,"Transport reactions","",1
MAR06098,"Transport reactions","",1
MAR06099,"Transport reactions","",1
MAR06100,"Transport reactions","",1
MAR06101,"Transport reactions","",1
MAR06102,"Transport reactions","",1
MAR06103,"Transport reactions","",1
MAR06104,"Transport reactions","",1
MAR06105,"Transport reactions","",1
MAR06106,"Transport reactions","",1
MAR06107,"Transport reactions","",1
MAR06108,"Transport reactions","",1
MAR06109,"Transport reactions","",1
MAR06110,"Transport reactions","",1
MAR06111,"Transport reactions","",1
MAR06112,"Transport reactions","",1
MAR06113,"Transport reactions","",1
MAR06114,"Transport reactions","",1
MAR06115,"Transport reactions","",1
MAR06116,"Transport reactions","",1
MAR06117,"Transport reactions","",1
MAR06118,"Transport reactions","",1
MAR06119,"Transport reactions","",1
MAR06120,"Transport reactions","",1
MAR06121,"Transport reactions","",1
MAR06122,"Transport reactions","",1
MAR06123,"Transport reactions","",1
MAR06124,"Transport reactions","",1
MAR06125,"Transport reactions","",1
MAR06126,"Transport reactions","",1
MAR06127,"Transport reactions","",1
MAR06128,"Transport reactions","",1
MAR06129,"Transport reactions","",1
MAR06130,"Transport reactions","",1
MAR06131,"Transport reactions","",1
MAR06132,"Transport reactions","",1
MAR06133,"Transport reactions","",1
MAR06134,"Transport reactions","",1
MAR06135,"Transport reactions","",1
MAR06136,"Transport reactions","",1
MAR06137,"Transport reactions","",1
MAR06138,"Transport reactions","",1
MAR06139,"Transport reactions","",1
MAR06140,"Transport reactions","",1
MAR06141,"Transport reactions","",1
MAR06142,"Transport reactions","",1
MAR06143,"Transport reactions","",1
MAR06144,"Transport reactions","",1
MAR06145,"Transport reactions","",1
MAR06146,"Transport reactions","",1
MAR06147,"Transport reactions","",1
MAR06148,"Transport reactions","",1
MAR06149,"Transport reactions","",1
MAR06150,"Transport reactions","",1
MAR06151,"Transport reactions","",1
MAR06152,"Transport reactions","",1
MAR06153,"Transport reactions","",1
MAR06154,"Transport reactions","",1
MAR06155,"Transport reactions","",1
MAR06156,"Transport reactions","",1
MAR06157,"Transport reactions","",1
MAR06158,"Transport reactions","",1
MAR06159,"Transport reactions","",1
MAR06160,"Transport reactions","",1
MAR06161,"Transport reactions","",1
MAR06162,"Transport reactions","",1
MAR06163,"Transport reactions","",1
MAR06164,"Transport reactions","",1
MAR06165,"Transport reactions","",1
MAR06166,"Transport reactions","",1
MAR06167,"Transport reactions","",1
MAR06168,"Transport reactions","",1
MAR06169,"Transport reactions","",1
MAR06170,"Transport reactions","",1
MAR06171,"Transport reactions","",1
MAR06172,"Transport reactions","",1
MAR06173,"Transport reactions","",1
MAR06174,"Transport reactions","",1
MAR06175,"Transport reactions","",1
MAR06176,"Transport reactions","",1
MAR06177,"Transport reactions","",1
MAR06178,"Transport reactions","",1
MAR06179,"Transport reactions","",1
MAR06180,"Transport reactions","",1
MAR06181,"Transport reactions","",1
MAR06182,"Transport reactions","",1
MAR06183,"Transport reactions","",1
MAR06184,"Transport reactions","",1
MAR06185,"Transport reactions","",1
MAR06186,"Transport reactions","",1
MAR06187,"Transport reactions","",1
MAR06188,"Transport reactions","",1
MAR06189,"Transport reactions","",1
MAR06190,"Transport reactions","",1
MAR06191,"Transport reactions","",1
MAR06192,"Transport reactions","",1
MAR06193,"Transport reactions","",1
MAR06194,"Transport reactions","",1
MAR06195,"Transport reactions","",1
MAR06196,"Transport reactions","",1
MAR06197,"Transport reactions","",1
MAR06198,"Transport reactions","",1
MAR06199,"Transport reactions","",1
MAR06200,"Transport reactions","",1
MAR06201,"Transport reactions","",1
MAR06202,"Transport reactions","",1
MAR06203,"Transport reactions","",1
MAR06204,"Transport reactions","",1
MAR06205,"Transport reactions","",1
MAR06206,"Transport reactions","",1
MAR06207,"Transport reactions","",1
MAR06208,"Transport reactions","",1
MAR06209,"Transport reactions","",1
MAR06210,"Transport reactions","",1
MAR06211,"Transport reactions","",1
MAR06212,"Transport reactions","",1
MAR06213,"Transport reactions","",1
MAR06214,"Transport reactions","",1
MAR06215,"Transport reactions","",1
MAR06216,"Transport reactions","",1
MAR06217,"Transport reactions","",1
MAR06218,"Transport reactions","",1
MAR06219,"Transport reactions","",1
MAR06220,"Transport reactions","",1
MAR06221,"Transport reactions","",1
MAR06222,"Transport reactions","",1
MAR06223,"Transport reactions","",1
MAR06224,"Transport reactions","",1
MAR06225,"Transport reactions","",1
MAR06226,"Transport reactions","",1
MAR06227,"Transport reactions","",1
MAR06228,"Transport reactions","",1
MAR06229,"Transport reactions","",1
MAR06230,"Transport reactions","",1
MAR06231,"Transport reactions","",1
MAR06232,"Transport reactions","",1
MAR06233,"Transport reactions","",1
MAR06234,"Transport reactions","",1
MAR06235,"Transport reactions","",1
MAR06236,"Transport reactions","",1
MAR06237,"Transport reactions","",1
MAR06238,"Transport reactions","",1
MAR06239,"Transport reactions","",1
MAR06240,"Transport reactions","",1
MAR06241,"Transport reactions","",1
MAR06242,"Transport reactions","",1
MAR06243,"Transport reactions","",1
MAR06244,"Transport reactions","",1
MAR06245,"Transport reactions","",1
MAR06246,"Transport reactions","",1
MAR06247,"Transport reactions","",1
MAR06248,"Transport reactions","",1
MAR06249,"Transport reactions","",1
MAR06251,"Transport reactions","",0
MAR06252,"Transport reactions","",0
MAR06257,"Transport reactions","",1
MAR06260,"Transport reactions","",0
MAR06266,"Transport reactions","",1
MAR06268,"Transport reactions","",1
MAR06269,"Transport reactions","",0
MAR06275,"Transport reactions","",1
MAR06351,"Transport reactions","",1
MAR06352,"Transport reactions","",1
MAR06366,"Transport reactions","",1
MAR06367,"Transport reactions","",1
MAR06368,"Transport reactions","",1
MAR06369,"Transport reactions","",1
MAR06370,"Transport reactions","",1
MAR06371,"Transport reactions","",1
MAR06372,"Transport reactions","",1
MAR06373,"Transport reactions","",1
MAR06374,"Transport reactions","",1
MAR06375,"Transport reactions","",1
MAR06377,"Transport reactions","",1
MAR06379,"Transport reactions","",1
MAR06380,"Transport reactions","",1
MAR06381,"Transport reactions","",1
MAR06382,"Transport reactions","",1
MAR06383,"Transport reactions","",1
MAR06384,"Transport reactions","",1
MAR06392,"Transport reactions","",1
MAR06406,"Transport reactions","",1
MAR06424,"Transport reactions","",0
MAR06439,"Transport reactions","",0
MAR06462,"Transport reactions","",0
MAR06474,"Transport reactions","",1
MAR06505,"Transport reactions","",0
MAR06512,"Transport reactions","",1
MAR06514,"Transport reactions","",0
MAR06516,"Transport reactions","",0
MAR06524,"Transport reactions","",1
MAR06525,"Transport reactions","",1
MAR06526,"Transport reactions","",1
MAR06527,"Transport reactions","",1
MAR06529,"Transport reactions","",1
MAR06530,"Transport reactions","",1
MAR06531,"Transport reactions","",1
MAR06532,"Transport reactions","",1
MAR06533,"Transport reactions","",1
MAR06534,"Transport reactions","",1
MAR06628,"Transport reactions","",1
MAR06732,"Transport reactions","",1
MAR06733,"Transport reactions","",1
MAR06989,"Transport reactions","",1
MAR06991,"Transport reactions","",0
MAR07109,"Transport reactions","",0
MAR07111,"Transport reactions","",0
MAR07113,"Transport reactions","",0
MAR07115,"Transport reactions","",0
MAR07117,"Transport reactions","",0
MAR07119,"Transport reactions","",0
MAR07121,"Transport reactions","",0
MAR07123,"Transport reactions","",0
MAR07125,"Transport reactions","",0
MAR07127,"Transport reactions","",0
MAR07173,"Transport reactions","",0
MAR07184,"Transport reactions","",0
MAR07223,"Transport reactions","",0
MAR07253,"Transport reactions","",0
MAR07372,"Transport reactions","",0
MAR07453,"Transport reactions","",0
MAR07482,"Transport reactions","",0
MAR07499,"Transport reactions","",1
MAR07511,"Transport reactions","",0
MAR07523,"Transport reactions","",0
MAR07539,"Transport reactions","",0
MAR07555,"Transport reactions","",0
MAR07568,"Transport reactions","",1
MAR07569,"Transport reactions","",1
MAR07579,"Transport reactions","",0
MAR07583,"Transport reactions","",0
MAR07608,"Transport reactions","",0
MAR07609,"Transport reactions","",0
MAR07629,"Transport reactions","",1
MAR07630,"Transport reactions","",1
MAR07631,"Transport reactions","",1
MAR07632,"Transport reactions","",1
MAR07633,"Transport reactions","",1
MAR07634,"Transport reactions","",1
MAR07635,"Transport reactions","",1
MAR07636,"Transport reactions","",1
MAR07637,"Transport reactions","",1
MAR07639,"Transport reactions","",1
MAR07643,"Transport reactions","",1
MAR07644,"Transport reactions","",1
MAR07645,"Transport reactions","",1
MAR07650,"Transport reactions","",1
MAR07651,"Transport reactions","",1
MAR07660,"Transport reactions","",0
MAR07666,"Transport reactions","",1
MAR07667,"Transport reactions","",1
MAR07679,"Transport reactions","",0
MAR07680,"Transport reactions","",1
MAR07681,"Transport reactions","",1
MAR07682,"Transport reactions","",1
MAR07683,"Transport reactions","",1
MAR07684,"Transport reactions","",1
MAR07685,"Transport reactions","",1
MAR07686,"Transport reactions","",1
MAR07687,"Transport reactions","",1
MAR07690,"Transport reactions","",0
MAR07691,"Transport reactions","",1
MAR07692,"Transport reactions","",1
MAR07699,"Transport reactions","",1
MAR07700,"Transport reactions","",1
MAR07734,"Transport reactions","",1
MAR07735,"Transport reactions","",1
MAR07736,"Transport reactions","",1
MAR07737,"Transport reactions","",1
MAR07738,"Transport reactions","",1
MAR07739,"Transport reactions","",1
MAR07774,"Transport reactions","",0
MAR07781,"Transport reactions","",0
MAR07787,"Transport reactions","",0
MAR07798,"Transport reactions","",0
MAR07896,"Transport reactions","",0
MAR07898,"Transport reactions","",0
MAR07900,"Transport reactions","",0
MAR07901,"Transport reactions","",0
MAR07902,"Transport reactions","",1
MAR07903,"Transport reactions","",0
MAR07904,"Transport reactions","",1
MAR07906,"Transport reactions","",0
MAR07946,"Transport reactions","",1
MAR07951,"Transport reactions","",0
MAR07961,"Transport reactions","",0
MAR07964,"Transport reactions","",1
MAR07967,"Transport reactions","",1
MAR07975,"Transport reactions","",0
MAR07977,"Transport reactions","",0
MAR07979,"Transport reactions","",0
MAR07982,"Transport reactions","",1
MAR07986,"Transport reactions","",1
MAR07990,"Transport reactions","",1
MAR07994,"Transport reactions","",0
MAR07997,"Transport reactions","",0
MAR08002,"Transport reactions","",0
MAR08007,"Transport reactions","",0
MAR08010,"Transport reactions","",0
MAR08015,"Transport reactions","",0
MAR08023,"Transport reactions","",0
MAR08031,"Transport reactions","",1
MAR08033,"Transport reactions","",0
MAR08035,"Transport reactions","",0
MAR08039,"Transport reactions","",0
MAR08041,"Transport reactions","",0
MAR08042,"Transport reactions","",0
MAR08044,"Transport reactions","",0
MAR08045,"Transport reactions","",0
MAR08047,"Transport reactions","",0
MAR08048,"Transport reactions","",0
MAR08050,"Transport reactions","",0
MAR08051,"Transport reactions","",0
MAR08053,"Transport reactions","",0
MAR08054,"Transport reactions","",0
MAR08056,"Transport reactions","",0
MAR08057,"Transport reactions","",0
MAR08061,"Transport reactions","",0
MAR08073,"Transport reactions","",0
MAR08075,"Transport reactions","",1
MAR08076,"Transport reactions","",1
MAR08077,"Transport reactions","",1
MAR08079,"Transport reactions","",0
MAR08080,"Transport reactions","",0
MAR08081,"Transport reactions","",1
MAR08090,"Transport reactions","",0
MAR08095,"Transport reactions","",0
MAR08100,"Transport reactions","",0
MAR08101,"Transport reactions","",0
MAR08103,"Transport reactions","",0
MAR08104,"Transport reactions","",0
MAR08154,"Transport reactions","",0
MAR08158,"Transport reactions","",0
MAR08161,"Transport reactions","",0
MAR08164,"Transport reactions","",0
MAR08214,"Transport reactions","",0
MAR08223,"Transport reactions","",0
MAR08225,"Transport reactions","",1
MAR08229,"Transport reactions","",0
MAR08231,"Transport reactions","",0
MAR08240,"Transport reactions","",0
MAR08247,"Transport reactions","",0
MAR08253,"Transport reactions","",0
MAR08266,"Transport reactions","",0
MAR08270,"Transport reactions","",0
MAR08273,"Transport reactions","",0
MAR08283,"Transport reactions","",0
MAR08290,"Transport reactions","",0
MAR08297,"Transport reactions","",0
MAR08300,"Transport reactions","",0
MAR08304,"Transport reactions","",0
MAR08311,"Transport reactions","",0
MAR08313,"Transport reactions","",0
MAR08315,"Transport reactions","",0
MAR08321,"Transport reactions","",0
MAR08324,"Transport reactions","",0
MAR08329,"Transport reactions","",0
MAR08336,"Transport reactions","",0
MAR08339,"Transport reactions","",0
MAR08340,"Transport reactions","",0
MAR08343,"Transport reactions","",0
MAR08354,"Transport reactions","",1
MAR08364,"Transport reactions","",1
MAR08374,"Transport reactions","",0
MAR08408,"Transport reactions","",0
MAR08420,"Transport reactions","",0
MAR08429,"Transport reactions","",1
MAR08515,"Transport reactions","",1
MAR08520,"Transport reactions","",0
MAR08536,"Transport reactions","",0
MAR08551,"Transport reactions","",1
MAR08567,"Transport reactions","",0
MAR08586,"Transport reactions","",1
MAR08593,"Transport reactions","",0
MAR08595,"Transport reactions","",0
MAR08597,"Transport reactions","",0
MAR08599,"Transport reactions","",0
MAR08600,"Transport reactions","",0
MAR08602,"Transport reactions","",0
MAR08612,"Transport reactions","",0
MAR08618,"Transport reactions","",0
MAR08629,"Transport reactions","",1
MAR08631,"Transport reactions","",1
MAR08632,"Transport reactions","",1
MAR08633,"Transport reactions","",1
MAR08635,"Transport reactions","",1
MAR08636,"Transport reactions","",1
MAR08656,"Transport reactions","",0
MAR08658,"Transport reactions","",1
MAR08659,"Transport reactions","",1
MAR08660,"Transport reactions","",1
MAR08670,"Transport reactions","",1
MAR08671,"Transport reactions","",1
MAR08676,"Transport reactions","",1
MAR08677,"Transport reactions","",1
MAR08678,"Transport reactions","",0
MAR08679,"Transport reactions","",0
MAR08686,"Transport reactions","",0
MAR08687,"Transport reactions","",1
MAR08696,"Transport reactions","",0
MAR08714,"Transport reactions","",0
MAR08718,"Transport reactions","",0
MAR08720,"Transport reactions","",0
MAR08721,"Transport reactions","",0
MAR08723,"Transport reactions","",0
MAR08730,"Transport reactions","",1
MAR08732,"Transport reactions","",1
MAR08733,"Transport reactions","",1
MAR08734,"Transport reactions","",1
MAR08735,"Transport reactions","",1
MAR08736,"Transport reactions","",1
MAR08760,"Transport reactions","",0
MAR08797,"Transport reactions","",0
MAR08798,"Transport reactions","Transport of phenylacetylglycine",0
MAR08846,"Transport reactions","",1
MAR08847,"Transport reactions","",1
MAR08849,"Transport reactions","",0
MAR08850,"Transport reactions","",1
MAR08852,"Transport reactions","",0
MAR08853,"Transport reactions","",1
MAR08854,"Transport reactions","",0
MAR08861,"Transport reactions","",1
MAR08863,"Transport reactions","",0
MAR08864,"Transport reactions","",0
MAR08865,"Transport reactions","",0
MAR08866,"Transport reactions","",0
MAR08867,"Transport reactions","",1
MAR08869,"Transport reactions","",0
MAR08870,"Transport reactions","",0
MAR08872,"Transport reactions","",1
MAR08873,"Transport reactions","",0
MAR08876,"Transport reactions","",1
MAR08877,"Transport reactions","",1
MAR08878,"Transport reactions","",0
MAR08879,"Transport reactions","",1
MAR08881,"Transport reactions","",0
MAR08883,"Transport reactions","",0
MAR08884,"Transport reactions","",1
MAR08893,"Transport reactions","",0
MAR08896,"Transport reactions","",0
MAR08898,"Transport reactions","",0
MAR08899,"Transport reactions","",0
MAR08901,"Transport reactions","",0
MAR08903,"Transport reactions","",0
MAR08905,"Transport reactions","",0
MAR08907,"Transport reactions","",0
MAR08911,"Transport reactions","",1
MAR08912,"Transport reactions","",1
MAR08913,"Transport reactions","",0
MAR08917,"Transport reactions","",1
MAR08922,"Transport reactions","",0
MAR08923,"Transport reactions","",0
MAR08924,"Transport reactions","",1
MAR08925,"Transport reactions","",1
MAR08927,"Transport reactions","",0
MAR08929,"Transport reactions","",1
MAR08930,"Transport reactions","",1
MAR08931,"Transport reactions","",0
MAR08932,"Transport reactions","",1
MAR08933,"Transport reactions","",1
MAR08934,"Transport reactions","",1
MAR08935,"Transport reactions","",1
MAR08936,"Transport reactions","",1
MAR08937,"Transport reactions","",0
MAR08938,"Transport reactions","",1
MAR08939,"Transport reactions","",1
MAR08940,"Transport reactions","",1
MAR08941,"Transport reactions","",1
MAR08942,"Transport reactions","",1
MAR08943,"Transport reactions","",1
MAR08944,"Transport reactions","",1
MAR08945,"Transport reactions","",1
MAR08946,"Transport reactions","",1
MAR08947,"Transport reactions","",1
MAR09173,"Transport reactions","",0
MAR09175,"Transport reactions","",0
MAR09176,"Transport reactions","",0
MAR09178,"Transport reactions","",0
MAR09180,"Transport reactions","",0
MAR09182,"Transport reactions","",0
MAR09183,"Transport reactions","",0
MAR09184,"Transport reactions","",0
MAR09185,"Transport reactions","",0
MAR09187,"Transport reactions","",0
MAR09188,"Transport reactions","",0
MAR09189,"Transport reactions","",0
MAR09190,"Transport reactions","",1
MAR09191,"Transport reactions","",1
MAR09192,"Transport reactions","",1
MAR09193,"Transport reactions","",1
MAR09195,"Transport reactions","",1
MAR09196,"Transport reactions","",1
MAR09197,"Transport reactions","",1
MAR09198,"Transport reactions","",1
MAR09590,"Transport reactions","",1
MAR09591,"Transport reactions","",1
MAR09592,"Transport reactions","",1
MAR09593,"Transport reactions","",1
MAR09594,"Transport reactions","",1
MAR09595,"Transport reactions","",1
MAR09596,"Transport reactions","",1
MAR09597,"Transport reactions","",1
MAR09598,"Transport reactions","",1
MAR09599,"Transport reactions","",1
MAR09600,"Transport reactions","",1
MAR09601,"Transport reactions","",1
MAR09605,"Transport reactions","",1
MAR09606,"Transport reactions","",1
MAR09607,"Transport reactions","",1
MAR09608,"Transport reactions","",1
MAR09609,"Transport reactions","",1
MAR09610,"Transport reactions","",1
MAR09611,"Transport reactions","",1
MAR09612,"Transport reactions","",0
MAR09613,"Transport reactions","",1
MAR09614,"Transport reactions","",1
MAR09615,"Transport reactions","",1
MAR09616,"Transport reactions","",1
MAR09617,"Transport reactions","",1
MAR09618,"Transport reactions","",1
MAR09619,"Transport reactions","",1
MAR09620,"Transport reactions","",1
MAR09622,"Transport reactions","",1
MAR09623,"Transport reactions","",1
MAR09624,"Transport reactions","",1
MAR09635,"Transport reactions","",0
MAR09636,"Transport reactions","",0
MAR09637,"Transport reactions","",0
MAR09638,"Transport reactions","",0
MAR09639,"Transport reactions","",0
MAR09640,"Transport reactions","",0
MAR09641,"Transport reactions","",0
MAR09642,"Transport reactions","",0
MAR09643,"Transport reactions","",0
MAR09644,"Transport reactions","",0
MAR09645,"Transport reactions","",0
MAR09646,"Transport reactions","",0
MAR09647,"Transport reactions","",0
MAR09648,"Transport reactions","",0
MAR09649,"Transport reactions","",0
MAR09650,"Transport reactions","",0
MAR09651,"Transport reactions","",0
MAR09652,"Transport reactions","",0
MAR09653,"Transport reactions","",0
MAR09654,"Transport reactions","",0
MAR09655,"Transport reactions","",0
MAR09656,"Transport reactions","",0
MAR09657,"Transport reactions","",0
MAR09658,"Transport reactions","",0
MAR09659,"Transport reactions","",0
MAR09660,"Transport reactions","",0
MAR09661,"Transport reactions","",0
MAR09662,"Transport reactions","",0
MAR09663,"Transport reactions","",0
MAR09720,"Transport reactions","",0
MAR09728,"Transport reactions","",0
MAR09731,"Transport reactions","",0
MAR09737,"Transport reactions","",0
MAR08071,"Transport reactions","",0
MAR04312,"Transport reactions","",1
MAR08428,"Transport reactions","",0
MAR08430,"Transport reactions","",0
MAR08022,"Transport reactions","",1
MAR08070,"Transport reactions","",0
MAR09015,"Transport reactions","",1
MAR09019,"Transport reactions","",0
MAR09020,"Transport reactions","",1
MAR00157,"Transport reactions","",0
MAR00158,"Transport reactions","",1
MAR00166,"Transport reactions","",0
MAR00169,"Transport reactions","",1
MAR00172,"Transport reactions","",0
MAR00175,"Transport reactions","",0
MAR00178,"Transport reactions","",0
MAR00182,"Transport reactions","",0
MAR00185,"Transport reactions","",0
MAR00446,"Transport reactions","",0
MAR00578,"Transport reactions","",0
MAR00587,"Transport reactions","",0
MAR00962,"Transport reactions","",0
MAR01145,"Transport reactions","",0
MAR01173,"Transport reactions","",0
MAR01187,"Transport reactions","",0
MAR01215,"Transport reactions","",0
MAR01243,"Transport reactions","",0
MAR01267,"Transport reactions","",0
MAR01284,"Transport reactions","",0
MAR01572,"Transport reactions","",0
MAR01602,"Transport reactions","",0
MAR01915,"Transport reactions","",0
MAR01925,"Transport reactions","",0
MAR01930,"Transport reactions","",0
MAR01936,"Transport reactions","",0
MAR01994,"Transport reactions","",0
MAR01997,"Transport reactions","",0
MAR02008,"Transport reactions","",0
MAR02012,"Transport reactions","",0
MAR02065,"Transport reactions","",0
MAR02080,"Transport reactions","",0
MAR02094,"Transport reactions","",0
MAR02105,"Transport reactions","",0
MAR02116,"Transport reactions","",1
MAR02127,"Transport reactions","",0
MAR02141,"Transport reactions","",1
MAR02590,"Transport reactions","",1
MAR03746,"Transport reactions","",0
MAR03762,"Transport reactions","",0
MAR03789,"Transport reactions","",0
MAR03818,"Transport reactions","",0
MAR03825,"Transport reactions","",1
MAR03863,"Transport reactions","",1
MAR03864,"Transport reactions","",1
MAR03921,"Transport reactions","",0
MAR03946,"Transport reactions","",0
MAR03949,"Transport reactions","",0
MAR03950,"Transport reactions","",0
MAR03952,"Transport reactions","",0
MAR03954,"Transport reactions","",0
MAR03971,"Transport reactions","",1
MAR04184,"Transport reactions","",1
MAR04205,"Transport reactions","",0
MAR04237,"Transport reactions","",1
MAR04266,"Transport reactions","",0
MAR04367,"Transport reactions","",0
MAR04684,"Transport reactions","",0
MAR04692,"Transport reactions","",0
MAR04720,"Transport reactions","",0
MAR04729,"Transport reactions","",0
MAR04738,"Transport reactions","",0
MAR04743,"Transport reactions","",0
MAR04754,"Transport reactions","",1
MAR04756,"Transport reactions","",1
MAR04760,"Transport reactions","",1
MAR04843,"Transport reactions","",1
MAR04850,"Transport reactions","",0
MAR04851,"Transport reactions","",1
MAR04852,"Transport reactions","",1
MAR04854,"Transport reactions","",1
MAR04855,"Transport reactions","",1
MAR04862,"Transport reactions","",1
MAR04863,"Transport reactions","",1
MAR04864,"Transport reactions","",1
MAR04865,"Transport reactions","",1
MAR04867,"Transport reactions","",1
MAR04868,"Transport reactions","",1
MAR04870,"Transport reactions","",1
MAR04871,"Transport reactions","",1
MAR04872,"Transport reactions","",1
MAR04874,"Transport reactions","",0
MAR04888,"Transport reactions","",1
MAR04898,"Transport reactions","",0
MAR04905,"Transport reactions","",0
MAR04914,"Transport reactions","",1
MAR04922,"Transport reactions","",0
MAR04926,"Transport reactions","",1
MAR04940,"Transport reactions","",1
MAR04944,"Transport reactions","",1
MAR04951,"Transport reactions","",1
MAR04953,"Transport reactions","",0
MAR04959,"Transport reactions","",0
MAR04963,"Transport reactions","",0
MAR04964,"Transport reactions","",1
MAR04971,"Transport reactions","",1
MAR04972,"Transport reactions","",1
MAR04957,"Transport reactions","",0
MAR04977,"Transport reactions","",1
MAR04979,"Transport reactions","",0
MAR04997,"Transport reactions","",1
MAR04998,"Transport reactions","",0
MAR05006,"Transport reactions","",0
MAR05014,"Transport reactions","",0
MAR05015,"Transport reactions","",0
MAR05016,"Transport reactions","",1
MAR05022,"Transport reactions","",1
MAR05031,"Transport reactions","",1
MAR05033,"Transport reactions","",1
MAR05036,"Transport reactions","",1
MAR05043,"Transport reactions","",1
MAR05046,"Transport reactions","",1
MAR05096,"Transport reactions","",0
MAR05099,"Transport reactions","",0
MAR05101,"Transport reactions","",0
MAR05102,"Transport reactions","",0
MAR05105,"Transport reactions","",1
MAR05107,"Transport reactions","",0
MAR05109,"Transport reactions","",0
MAR05112,"Transport reactions","",0
MAR05113,"Transport reactions","",1
MAR05114,"Transport reactions","",1
MAR05115,"Transport reactions","",0
MAR05116,"Transport reactions","",0
MAR05117,"Transport reactions","",0
MAR05118,"Transport reactions","",0
MAR05121,"Transport reactions","",0
MAR05122,"Transport reactions","",1
MAR05124,"Transport reactions","",1
MAR05125,"Transport reactions","",0
MAR05126,"Transport reactions","",0
MAR05222,"Transport reactions","",0
MAR05223,"Transport reactions","",0
MAR05225,"Transport reactions","",0
MAR05227,"Transport reactions","",0
MAR05292,"Transport reactions","",1
MAR05304,"Transport reactions","",0
MAR05348,"Transport reactions","",1
MAR05349,"Transport reactions","",1
MAR05361,"Transport reactions","",0
MAR05411,"Transport reactions","",1
MAR05420,"Transport reactions","",1
MAR05426,"Transport reactions","",0
MAR06276,"Transport reactions","",1
MAR06277,"Transport reactions","",1
MAR06286,"Transport reactions","",1
MAR06287,"Transport reactions","",1
MAR06288,"Transport reactions","",1
MAR06289,"Transport reactions","",1
MAR06290,"Transport reactions","",1
MAR06291,"Transport reactions","",1
MAR06292,"Transport reactions","",1
MAR06293,"Transport reactions","",1
MAR06294,"Transport reactions","",1
MAR06295,"Transport reactions","",1
MAR06296,"Transport reactions","",1
MAR06297,"Transport reactions","",1
MAR06298,"Transport reactions","",1
MAR06299,"Transport reactions","",1
MAR06300,"Transport reactions","",1
MAR06301,"Transport reactions","",1
MAR06302,"Transport reactions","",1
MAR06303,"Transport reactions","",1
MAR06304,"Transport reactions","",1
MAR06305,"Transport reactions","",1
MAR06306,"Transport reactions","",1
MAR06307,"Transport reactions","",1
MAR06308,"Transport reactions","",1
MAR06309,"Transport reactions","",1
MAR06310,"Transport reactions","",1
MAR06311,"Transport reactions","",1
MAR06312,"Transport reactions","",1
MAR06313,"Transport reactions","",1
MAR06314,"Transport reactions","",1
MAR06315,"Transport reactions","",1
MAR06316,"Transport reactions","",1
MAR06317,"Transport reactions","",1
MAR06318,"Transport reactions","",1
MAR06321,"Transport reactions","",1
MAR06323,"Transport reactions","",1
MAR06324,"Transport reactions","",1
MAR06325,"Transport reactions","",1
MAR06326,"Transport reactions","",1
MAR06327,"Transport reactions","",1
MAR06328,"Transport reactions","",1
MAR06330,"Transport reactions","",1
MAR06331,"Transport reactions","",1
MAR06332,"Transport reactions","",1
MAR06333,"Transport reactions","",1
MAR06334,"Transport reactions","",1
MAR06335,"Transport reactions","",1
MAR06336,"Transport reactions","",1
MAR06337,"Transport reactions","",1
MAR06338,"Transport reactions","",1
MAR06339,"Transport reactions","",1
MAR06340,"Transport reactions","",1
MAR06341,"Transport reactions","",1
MAR06342,"Transport reactions","",1
MAR06343,"Transport reactions","",1
MAR06389,"Transport reactions","",1
MAR06391,"Transport reactions","",1
MAR06408,"Transport reactions","",0
MAR06431,"Transport reactions","",0
MAR06438,"Transport reactions","",0
MAR06446,"Transport reactions","",0
MAR06454,"Transport reactions","",0
MAR06455,"Transport reactions","",0
MAR06469,"Transport reactions","",0
MAR06481,"Transport reactions","",0
MAR06513,"Transport reactions","",0
MAR06517,"Transport reactions","",0
MAR06521,"Transport reactions","",1
MAR06522,"Transport reactions","",1
MAR06618,"Transport reactions","",0
MAR06620,"Transport reactions","",0
MAR06781,"Transport reactions","",0
MAR06890,"Transport reactions","",0
MAR06902,"Transport reactions","",0
MAR07638,"Transport reactions","",1
MAR07708,"Transport reactions","",0
MAR07719,"Transport reactions","",1
MAR07723,"Transport reactions","",1
MAR07757,"Transport reactions","",1
MAR07758,"Transport reactions","",1
MAR07760,"Transport reactions","",1
MAR07769,"Transport reactions","",1
MAR07804,"Transport reactions","",1
MAR07806,"Transport reactions","",1
MAR07808,"Transport reactions","",1
MAR07810,"Transport reactions","",1
MAR07812,"Transport reactions","",1
MAR07814,"Transport reactions","",1
MAR07815,"Transport reactions","",1
MAR07816,"Transport reactions","",1
MAR07818,"Transport reactions","",1
MAR07820,"Transport reactions","",1
MAR07822,"Transport reactions","",1
MAR07824,"Transport reactions","",1
MAR07825,"Transport reactions","",1
MAR07826,"Transport reactions","",1
MAR07827,"Transport reactions","",1
MAR07828,"Transport reactions","",1
MAR07829,"Transport reactions","",1
MAR07830,"Transport reactions","",1
MAR07831,"Transport reactions","",1
MAR07832,"Transport reactions","",1
MAR07833,"Transport reactions","",1
MAR07834,"Transport reactions","",1
MAR07835,"Transport reactions","",1
MAR07836,"Transport reactions","",1
MAR07837,"Transport reactions","",1
MAR07838,"Transport reactions","",1
MAR07839,"Transport reactions","",1
MAR07840,"Transport reactions","",1
MAR07841,"Transport reactions","",1
MAR07842,"Transport reactions","",1
MAR07843,"Transport reactions","",1
MAR07844,"Transport reactions","",1
MAR07845,"Transport reactions","",1
MAR07846,"Transport reactions","",1
MAR07847,"Transport reactions","",1
MAR07848,"Transport reactions","",1
MAR07849,"Transport reactions","",1
MAR07850,"Transport reactions","",1
MAR07851,"Transport reactions","",1
MAR07852,"Transport reactions","",1
MAR07853,"Transport reactions","",1
MAR07854,"Transport reactions","",1
MAR07897,"Transport reactions","",0
MAR07899,"Transport reactions","",0
MAR07914,"Transport reactions","",0
MAR07917,"Transport reactions","",0
MAR07923,"Transport reactions","",0
MAR07995,"Transport reactions","",0
MAR07998,"Transport reactions","",0
MAR08000,"Transport reactions","",0
MAR08001,"Transport reactions","",0
MAR08009,"Transport reactions","",0
MAR08089,"Transport reactions","",1
MAR08093,"Transport reactions","",0
MAR08099,"Transport reactions","",0
MAR08120,"Transport reactions","",0
MAR08122,"Transport reactions","",0
MAR08124,"Transport reactions","",0
MAR08126,"Transport reactions","",0
MAR08128,"Transport reactions","",0
MAR08356,"Transport reactions","",0
MAR08365,"Transport reactions","",1
MAR08411,"Transport reactions","",0
MAR08438,"Transport reactions","",0
MAR08475,"Transport reactions","",1
MAR08505,"Transport reactions","",0
MAR08510,"Transport reactions","",0
MAR08513,"Transport reactions","",1
MAR08528,"Transport reactions","",0
MAR08532,"Transport reactions","",0
MAR08562,"Transport reactions","",0
MAR08614,"Transport reactions","",1
MAR08627,"Transport reactions","",0
MAR08655,"Transport reactions","",0
MAR08657,"Transport reactions","",0
MAR08680,"Transport reactions","",0
MAR08731,"Transport reactions","",0
MAR08741,"Transport reactions","",1
MAR08742,"Transport reactions","",1
MAR08745,"Transport reactions","",0
MAR08747,"Transport reactions","",0
MAR08776,"Transport reactions","",0
MAR08785,"Transport reactions","",0
MAR08848,"Transport reactions","",0
MAR08890,"Transport reactions","",0
MAR08891,"Transport reactions","",0
MAR08910,"Transport reactions","",1
MAR09174,"Transport reactions","",0
MAR09194,"Transport reactions","",0
MAR09675,"Transport reactions","",0
MAR09676,"Transport reactions","",0
MAR09677,"Transport reactions","",0
MAR09014,"Transport reactions","",0
MAR00707,"Transport reactions","",0
MAR00713,"Transport reactions","",1
MAR01104,"Transport reactions","",0
MAR01135,"Transport reactions","",0
MAR01144,"Transport reactions","",0
MAR01172,"Transport reactions","",0
MAR01188,"Transport reactions","",0
MAR01214,"Transport reactions","",0
MAR01242,"Transport reactions","",0
MAR01268,"Transport reactions","",0
MAR01283,"Transport reactions","",0
MAR01286,"Transport reactions","",0
MAR01443,"Transport reactions","",1
MAR02067,"Transport reactions","",0
MAR02082,"Transport reactions","",0
MAR02093,"Transport reactions","",0
MAR02104,"Transport reactions","",0
MAR02407,"Transport reactions","",1
MAR02509,"Transport reactions","",1
MAR02547,"Transport reactions","",0
MAR02575,"Transport reactions","",0
MAR03007,"Transport reactions","",1
MAR03008,"Transport reactions","",1
MAR03011,"Transport reactions","",1
MAR03013,"Transport reactions","",1
MAR03014,"Transport reactions","",1
MAR03017,"Transport reactions","",1
MAR03018,"Transport reactions","",1
MAR03019,"Transport reactions","",1
MAR03020,"Transport reactions","",1
MAR03021,"Transport reactions","",1
MAR03022,"Transport reactions","",1
MAR03023,"Transport reactions","",1
MAR03024,"Transport reactions","",1
MAR03025,"Transport reactions","",1
MAR03026,"Transport reactions","",1
MAR03473,"Transport reactions","",1
MAR03848,"Transport reactions","",0
MAR03850,"Transport reactions","",0
MAR03867,"Transport reactions","",0
MAR03947,"Transport reactions","",0
MAR03948,"Transport reactions","",0
MAR04393,"Transport reactions","",0
MAR04468,"Transport reactions","",0
MAR04469,"Transport reactions","",0
MAR04647,"Transport reactions","",0
MAR04790,"Transport reactions","",0
MAR04890,"Transport reactions","",0
MAR04900,"Transport reactions","",0
MAR04908,"Transport reactions","",1
MAR04915,"Transport reactions","",0
MAR04924,"Transport reactions","",0
MAR04930,"Transport reactions","",1
MAR04945,"Transport reactions","",0
MAR04986,"Transport reactions","",1
MAR05344,"Transport reactions","",0
MAR05346,"Transport reactions","",0
MAR05362,"Transport reactions","",0
MAR05414,"Transport reactions","",0
MAR05452,"Transport reactions","",1
MAR05453,"Transport reactions","",0
MAR06928,"Transport reactions","",0
MAR06937,"Transport reactions","",0
MAR06986,"Transport reactions","",0
MAR06987,"Transport reactions","",0
MAR07590,"Transport reactions","",0
MAR07596,"Transport reactions","",0
MAR07640,"Transport reactions","",0
MAR07646,"Transport reactions","",1
MAR07705,"Transport reactions","",0
MAR07707,"Transport reactions","",0
MAR07771,"Transport reactions","",0
MAR07775,"Transport reactions","",0
MAR07777,"Transport reactions","",0
MAR07779,"Transport reactions","",0
MAR07782,"Transport reactions","",0
MAR07783,"Transport reactions","",0
MAR07785,"Transport reactions","",0
MAR07788,"Transport reactions","",0
MAR07790,"Transport reactions","",0
MAR07797,"Transport reactions","",0
MAR08016,"Transport reactions","",0
MAR08020,"Transport reactions","",0
MAR08359,"Transport reactions","",0
MAR08414,"Transport reactions","",0
MAR08754,"Transport reactions","",0
MAR08756,"Transport reactions","",0
MAR08860,"Transport reactions","",0
MAR08926,"Transport reactions","",0
MAR09179,"Transport reactions","",0
MAR09181,"Transport reactions","",0
MAR09678,"Transport reactions","",0
MAR09679,"Transport reactions","",0
MAR09680,"Transport reactions","",0
MAR09017,"Transport reactions","",0
MAR00984,"Transport reactions","",0
MAR01089,"Transport reactions","",0
MAR01090,"Transport reactions","",0
MAR01094,"Transport reactions","",0
MAR01095,"Transport reactions","",0
MAR02564,"Transport reactions","",0
MAR02585,"Transport reactions","",1
MAR04274,"Transport reactions","",0
MAR04275,"Transport reactions","",0
MAR04277,"Transport reactions","",0
MAR04535,"Transport reactions","",1
MAR04538,"Transport reactions","",0
MAR04893,"Transport reactions","",0
MAR04904,"Transport reactions","",0
MAR04916,"Transport reactions","",0
MAR05422,"Transport reactions","",0
MAR05423,"Transport reactions","",0
MAR05424,"Transport reactions","",0
MAR06617,"Transport reactions","",0
MAR06619,"Transport reactions","",0
MAR07653,"Transport reactions","",0
MAR07664,"Transport reactions","",0
MAR07665,"Transport reactions","",0
MAR07712,"Transport reactions","",0
MAR07763,"Transport reactions","",0
MAR07764,"Transport reactions","",0
MAR07765,"Transport reactions","",0
MAR07767,"Transport reactions","",0
MAR07773,"Transport reactions","",0
MAR07786,"Transport reactions","",0
MAR07792,"Transport reactions","",0
MAR07795,"Transport reactions","",0
MAR07796,"Transport reactions","",1
MAR07855,"Transport reactions","",0
MAR07856,"Transport reactions","",0
MAR07857,"Transport reactions","",0
MAR07858,"Transport reactions","",0
MAR07859,"Transport reactions","",0
MAR07860,"Transport reactions","",0
MAR07861,"Transport reactions","",0
MAR07862,"Transport reactions","",0
MAR07877,"Transport reactions","",0
MAR08024,"Transport reactions","",0
MAR08028,"Transport reactions","",0
MAR08082,"Transport reactions","",0
MAR08361,"Transport reactions","",0
MAR08363,"Transport reactions","",0
MAR08412,"Transport reactions","",0
MAR08447,"Transport reactions","",0
MAR08476,"Transport reactions","",1
MAR08639,"Transport reactions","",1
MAR08789,"Transport reactions","",0
MAR08828,"Transport reactions","",0
MAR08837,"Transport reactions","",0
MAR08838,"Transport reactions","",0
MAR08839,"Transport reactions","",0
MAR08840,"Transport reactions","",0
MAR08841,"Transport reactions","",0
MAR08842,"Transport reactions","",0
MAR08843,"Transport reactions","",0
MAR08844,"Transport reactions","",0
MAR08845,"Transport reactions","",0
MAR08862,"Transport reactions","",0
MAR08868,"Transport reactions","",0
MAR08871,"Transport reactions","",0
MAR08894,"Transport reactions","",0
MAR08909,"Transport reactions","",0
MAR08918,"Transport reactions","",0
MAR09673,"Transport reactions","",0
MAR09674,"Transport reactions","",0
MAR08638,"Transport reactions","",0
MAR08642,"Transport reactions","",0
MAR04314,"Transport reactions","",1
MAR09016,"Transport reactions","",0
MAR09018,"Transport reactions","",0
MAR00769,"Transport reactions","",0
MAR00791,"Transport reactions","",0
MAR00796,"Transport reactions","",0
MAR00798,"Transport reactions","",0
MAR00802,"Transport reactions","",0
MAR00831,"Transport reactions","",0
MAR00913,"Transport reactions","",0
MAR00929,"Transport reactions","",0
MAR01917,"Transport reactions","",1
MAR02040,"Transport reactions","",0
MAR02087,"Transport reactions","",0
MAR02090,"Transport reactions","",0
MAR02101,"Transport reactions","",0
MAR03987,"Transport reactions","",0
MAR04887,"Transport reactions","",0
MAR04903,"Transport reactions","",0
MAR04907,"Transport reactions","",1
MAR04962,"Transport reactions","",0
MAR05047,"Transport reactions","",1
MAR05048,"Transport reactions","",1
MAR05049,"Transport reactions","",1
MAR05050,"Transport reactions","",1
MAR05051,"Transport reactions","",1
MAR05052,"Transport reactions","",1
MAR05053,"Transport reactions","",1
MAR05054,"Transport reactions","",1
MAR05055,"Transport reactions","",1
MAR05056,"Transport reactions","",1
MAR05057,"Transport reactions","",1
MAR05058,"Transport reactions","",1
MAR05059,"Transport reactions","",1
MAR05060,"Transport reactions","",1
MAR05061,"Transport reactions","",1
MAR05062,"Transport reactions","",1
MAR05063,"Transport reactions","",1
MAR05064,"Transport reactions","",1
MAR05065,"Transport reactions","",1
MAR05066,"Transport reactions","",1
MAR05067,"Transport reactions","",1
MAR05197,"Transport reactions","",0
MAR05199,"Transport reactions","",0
MAR05201,"Transport reactions","",0
MAR05204,"Transport reactions","",0
MAR05212,"Transport reactions","",0
MAR05214,"Transport reactions","",0
MAR05217,"Transport reactions","",0
MAR05218,"Transport reactions","",0
MAR05220,"Transport reactions","",0
MAR05224,"Transport reactions","",0
MAR05226,"Transport reactions","",0
MAR05228,"Transport reactions","",0
MAR05230,"Transport reactions","",0
MAR07196,"Transport reactions","",1
MAR07199,"Transport reactions","",0
MAR07224,"Transport reactions","",0
MAR07252,"Transport reactions","",0
MAR07283,"Transport reactions","",0
MAR07374,"Transport reactions","",0
MAR07430,"Transport reactions","",0
MAR07454,"Transport reactions","",0
MAR07470,"Transport reactions","",0
MAR07483,"Transport reactions","",0
MAR07500,"Transport reactions","",0
MAR07512,"Transport reactions","",0
MAR07524,"Transport reactions","",0
MAR07540,"Transport reactions","",0
MAR07556,"Transport reactions","",0
MAR07570,"Transport reactions","",0
MAR07581,"Transport reactions","",0
MAR07584,"Transport reactions","",0
MAR07710,"Transport reactions","",1
MAR07711,"Transport reactions","",0
MAR07714,"Transport reactions","",1
MAR07715,"Transport reactions","",0
MAR07718,"Transport reactions","",1
MAR07720,"Transport reactions","",0
MAR07722,"Transport reactions","",1
MAR07724,"Transport reactions","",0
MAR07726,"Transport reactions","",1
MAR07727,"Transport reactions","",0
MAR07729,"Transport reactions","",1
MAR07730,"Transport reactions","",0
MAR07732,"Transport reactions","",0
MAR07762,"Transport reactions","",0
MAR07770,"Transport reactions","",0
MAR07799,"Transport reactions","",1
MAR07907,"Transport reactions","",0
MAR07915,"Transport reactions","",0
MAR07918,"Transport reactions","",0
MAR07924,"Transport reactions","",0
MAR07927,"Transport reactions","",0
MAR08118,"Transport reactions","",0
MAR08119,"Transport reactions","",0
MAR08121,"Transport reactions","",0
MAR08123,"Transport reactions","",0
MAR08125,"Transport reactions","",0
MAR08127,"Transport reactions","",0
MAR08131,"Transport reactions","",0
MAR08134,"Transport reactions","",0
MAR08196,"Transport reactions","",0
MAR08200,"Transport reactions","",0
MAR08202,"Transport reactions","",0
MAR08203,"Transport reactions","",0
MAR08208,"Transport reactions","",0
MAR08216,"Transport reactions","",0
MAR08244,"Transport reactions","",0
MAR08355,"Transport reactions","",1
MAR08370,"Transport reactions","",0
MAR08490,"Transport reactions","",0
MAR08491,"Transport reactions","",0
MAR08492,"Transport reactions","",0
MAR08531,"Transport reactions","",0
MAR08588,"Transport reactions","",0
MAR08590,"Transport reactions","",0
MAR08688,"Transport reactions","",1
MAR08753,"Transport reactions","",0
MAR08763,"Transport reactions","",0
MAR08765,"Transport reactions","",0
MAR08858,"Transport reactions","",0
MAR08875,"Transport reactions","",0
MAR08885,"Transport reactions","",0
MAR08887,"Transport reactions","",1
MAR08908,"Transport reactions","",1
MAR08928,"Transport reactions","",1
MAR09672,"Transport reactions","",0
MAR00612,"Transport reactions","",0
MAR03597,"Transport reactions","",0
MAR04961,"Transport reactions","",0
MAR05045,"Transport reactions","",0
MAR05248,"Transport reactions","",0
MAR05249,"Transport reactions","",0
MAR05250,"Transport reactions","",0
MAR05251,"Transport reactions","",0
MAR05252,"Transport reactions","",0
MAR05253,"Transport reactions","",0
MAR05255,"Transport reactions","",0
MAR07198,"Transport reactions","",0
MAR07284,"Transport reactions","",0
MAR09738,"Transport reactions","",0
MAR09739,"Transport reactions","",0
MAR09740,"Transport reactions","",0
MAR09741,"Transport reactions","",0
MAR09742,"Transport reactions","",0
MAR09743,"Transport reactions","",0
MAR09744,"Transport reactions","",0
MAR09745,"Transport reactions","",0
MAR09746,"Transport reactions","",0
MAR09747,"Transport reactions","",0
MAR09748,"Transport reactions","",0
MAR09749,"Transport reactions","",0
MAR09750,"Transport reactions","",0
MAR09751,"Transport reactions","",0
MAR09752,"Transport reactions","",0
MAR09753,"Transport reactions","",0
MAR09754,"Transport reactions","",0
MAR09755,"Transport reactions","",0
MAR09756,"Transport reactions","",0
MAR09757,"Transport reactions","",0
MAR09758,"Transport reactions","",0
MAR09759,"Transport reactions","",0
MAR09760,"Transport reactions","",0
MAR09761,"Transport reactions","",0
MAR09762,"Transport reactions","",0
MAR09763,"Transport reactions","",0
MAR09764,"Transport reactions","",0
MAR09765,"Transport reactions","",0
MAR09766,"Transport reactions","",0
MAR09767,"Transport reactions","",0
MAR09768,"Transport reactions","",0
MAR09769,"Transport reactions","",0
MAR09770,"Transport reactions","",0
MAR09771,"Transport reactions","",0
MAR09772,"Transport reactions","",0
MAR09773,"Transport reactions","",0
MAR09774,"Transport reactions","",0
MAR09775,"Transport reactions","",0
MAR09776,"Transport reactions","",0
MAR09777,"Transport reactions","",0
MAR09778,"Transport reactions","",0
MAR09779,"Transport reactions","",0
MAR09780,"Transport reactions","",0
MAR09781,"Transport reactions","",0
MAR09782,"Transport reactions","",0
MAR09783,"Transport reactions","",0
MAR09784,"Transport reactions","",0
MAR09785,"Transport reactions","",0
MAR09786,"Transport reactions","",0
MAR09787,"Transport reactions","",0
MAR09788,"Transport reactions","",0
MAR09789,"Transport reactions","",0
MAR09790,"Transport reactions","",0
MAR09791,"Transport reactions","",0
MAR09792,"Transport reactions","",0
MAR09793,"Transport reactions","",1
MAR09794,"Transport reactions","",0
MAR09795,"Transport reactions","",0
MAR09796,"Transport reactions","",0
MAR00652,"Transport reactions","",0
MAR00717,"Transport reactions","",0
MAR00731,"Transport reactions","",1
MAR00732,"Transport reactions","",0
MAR00734,"Transport reactions","",0
MAR00917,"Transport reactions","",0
MAR00918,"Transport reactions","",1
MAR01916,"Transport reactions","",1
MAR04125,"Transport reactions","",1
MAR04892,"Transport reactions","",0
MAR04902,"Transport reactions","",0
MAR04955,"Transport reactions","",0
MAR06577,"Transport reactions","",0
MAR06578,"Transport reactions","",1
MAR07201,"Transport reactions","",0
MAR07204,"Transport reactions","",0
MAR07331,"Transport reactions","",0
MAR07431,"Transport reactions","",0
MAR07433,"Transport reactions","",1
MAR07434,"Transport reactions","",1
MAR07435,"Transport reactions","",0
MAR07437,"Transport reactions","",0
MAR07675,"Transport reactions","",1
MAR07693,"Transport reactions","",1
MAR07694,"Transport reactions","",1
MAR07695,"Transport reactions","",1
MAR07733,"Transport reactions","",1
MAR07740,"Transport reactions","",1
MAR07743,"Transport reactions","",1
MAR07759,"Transport reactions","",1
MAR07761,"Transport reactions","",1
MAR07793,"Transport reactions","",0
MAR08084,"Transport reactions","",0
MAR08086,"Transport reactions","",0
MAR08145,"Transport reactions","",0
MAR08146,"Transport reactions","",1
MAR08153,"Transport reactions","",0
MAR08157,"Transport reactions","",0
MAR08160,"Transport reactions","",0
MAR08163,"Transport reactions","",0
MAR08193,"Transport reactions","",0
MAR08195,"Transport reactions","",0
MAR08199,"Transport reactions","",0
MAR08205,"Transport reactions","",0
MAR08207,"Transport reactions","",0
MAR08213,"Transport reactions","",0
MAR08215,"Transport reactions","",0
MAR08222,"Transport reactions","",0
MAR08230,"Transport reactions","",0
MAR08232,"Transport reactions","",0
MAR08241,"Transport reactions","",0
MAR08243,"Transport reactions","",0
MAR08252,"Transport reactions","",0
MAR08259,"Transport reactions","",0
MAR08265,"Transport reactions","",0
MAR08269,"Transport reactions","",0
MAR08272,"Transport reactions","",0
MAR08282,"Transport reactions","",0
MAR08289,"Transport reactions","",0
MAR08296,"Transport reactions","",0
MAR08299,"Transport reactions","",0
MAR08303,"Transport reactions","",0
MAR08310,"Transport reactions","",0
MAR08312,"Transport reactions","",0
MAR08314,"Transport reactions","",0
MAR08320,"Transport reactions","",0
MAR08323,"Transport reactions","",0
MAR08328,"Transport reactions","",0
MAR08335,"Transport reactions","",0
MAR08338,"Transport reactions","",0
MAR08496,"Transport reactions","",1
MAR08524,"Transport reactions","",0
MAR08527,"Transport reactions","",0
MAR08661,"Transport reactions","",1
MAR08673,"Transport reactions","",0
MAR08793,"Transport reactions","",0
MAR08834,"Transport reactions","",0
MAR08856,"Transport reactions","",0
MAR08857,"Transport reactions","",1
MAR08874,"Transport reactions","",0
MAR08880,"Transport reactions","",0
MAR08882,"Transport reactions","",0
MAR08895,"Transport reactions","",0
MAR08897,"Transport reactions","",0
MAR08900,"Transport reactions","",0
MAR08902,"Transport reactions","",0
MAR08904,"Transport reactions","",0
MAR08920,"Transport reactions","",0
MAR09199,"Transport reactions","",1
MAR09664,"Transport reactions","",0
MAR09665,"Transport reactions","",0
MAR09666,"Transport reactions","",0
MAR09667,"Transport reactions","",0
MAR09668,"Transport reactions","",0
MAR09669,"Transport reactions","",0
MAR09670,"Transport reactions","",0
MAR09671,"Transport reactions","",0
MAR07182,"Transport reactions","",0
MAR07330,"Transport reactions","",0
MAR07432,"Transport reactions","",0
MAR04313,"Transport reactions","",1
MAR07307,"Transport reactions","",0
MAR01809,"Transport reactions","",0
MAR00020,"Transport reactions","",0
MAR00461,"Transport reactions","",1
MAR00462,"Transport reactions","",0
MAR00464,"Transport reactions","",0
MAR00466,"Transport reactions","",0
MAR00467,"Transport reactions","",0
MAR00664,"Transport reactions","",1
MAR00730,"Transport reactions","",1
MAR00768,"Transport reactions","",1
MAR00771,"Transport reactions","",0
MAR00966,"Transport reactions","",0
MAR01035,"Transport reactions","",0
MAR01143,"Transport reactions","",0
MAR01189,"Transport reactions","",0
MAR01240,"Transport reactions","",0
MAR01252,"Transport reactions","",0
MAR01269,"Transport reactions","",0
MAR01306,"Transport reactions","",0
MAR01309,"Transport reactions","",0
MAR01311,"Transport reactions","",0
MAR01316,"Transport reactions","Transport of Thromboxane B2",0
MAR01331,"Transport reactions","",0
MAR01392,"Transport reactions","",1
MAR01530,"Transport reactions","",0
MAR01672,"Transport reactions","",0
MAR01937,"Transport reactions","",0
MAR01998,"Transport reactions","",0
MAR02039,"Transport reactions","",0
MAR02066,"Transport reactions","",0
MAR02081,"Transport reactions","",0
MAR02092,"Transport reactions","",0
MAR02103,"Transport reactions","",0
MAR02554,"Transport reactions","",0
MAR02569,"Transport reactions","",0
MAR02777,"Transport reactions","",1
MAR03953,"Transport reactions","",0
MAR04123,"Transport reactions","",0
MAR04126,"Transport reactions","",0
MAR04765,"Transport reactions","",0
MAR04846,"Transport reactions","",0
MAR04856,"Transport reactions","",1
MAR04860,"Transport reactions","",0
MAR04876,"Transport reactions","",0
MAR04877,"Transport reactions","",0
MAR04878,"Transport reactions","",0
MAR04879,"Transport reactions","",0
MAR04880,"Transport reactions","",1
MAR04881,"Transport reactions","",1
MAR04883,"Transport reactions","",0
MAR04894,"Transport reactions","",0
MAR04906,"Transport reactions","",1
MAR04913,"Transport reactions","",0
MAR04917,"Transport reactions","",0
MAR04941,"Transport reactions","",0
MAR04942,"Transport reactions","",1
MAR04960,"Transport reactions","",0
MAR05004,"Transport reactions","",1
MAR05012,"Transport reactions","",0
MAR05027,"Transport reactions","",1
MAR05203,"Transport reactions","",0
MAR05205,"Transport reactions","",0
MAR05207,"Transport reactions","",0
MAR05209,"Transport reactions","",0
MAR05210,"Transport reactions","",0
MAR05211,"Transport reactions","",0
MAR05245,"Transport reactions","",0
MAR05342,"Transport reactions","",1
MAR05347,"Transport reactions","",0
MAR05354,"Transport reactions","",0
MAR06385,"Transport reactions","",1
MAR06386,"Transport reactions","",1
MAR06387,"Transport reactions","",0
MAR06388,"Transport reactions","",0
MAR06425,"Transport reactions","",0
MAR06430,"Transport reactions","",0
MAR06440,"Transport reactions","",0
MAR06445,"Transport reactions","",0
MAR06463,"Transport reactions","",0
MAR06468,"Transport reactions","",0
MAR06475,"Transport reactions","",0
MAR06480,"Transport reactions","",0
MAR06629,"Transport reactions","",0
MAR06797,"Transport reactions","",0
MAR06990,"Transport reactions","",0
MAR07257,"Transport reactions","",0
MAR07272,"Transport reactions","",0
MAR07273,"Transport reactions","",0
MAR07649,"Transport reactions","",1
MAR07766,"Transport reactions","",0
MAR07768,"Transport reactions","",0
MAR07772,"Transport reactions","",0
MAR07776,"Transport reactions","",0
MAR07778,"Transport reactions","",0
MAR07780,"Transport reactions","",0
MAR07784,"Transport reactions","",0
MAR07789,"Transport reactions","",0
MAR07791,"Transport reactions","",0
MAR07929,"Transport reactions","",0
MAR07933,"Transport reactions","",0
MAR07944,"Transport reactions","",0
MAR07947,"Transport reactions","",0
MAR07949,"Transport reactions","",0
MAR07953,"Transport reactions","",0
MAR07956,"Transport reactions","",0
MAR07960,"Transport reactions","",0
MAR07963,"Transport reactions","",0
MAR07966,"Transport reactions","",0
MAR07969,"Transport reactions","",0
MAR07981,"Transport reactions","",0
MAR07983,"Transport reactions","",0
MAR07985,"Transport reactions","",0
MAR07988,"Transport reactions","",0
MAR07989,"Transport reactions","",0
MAR08030,"Transport reactions","",0
MAR08058,"Transport reactions","",0
MAR08060,"Transport reactions","",0
MAR08234,"Transport reactions","",0
MAR08236,"Transport reactions","",0
MAR08239,"Transport reactions","",0
MAR08347,"Transport reactions","",0
MAR08350,"Transport reactions","",0
MAR08351,"Transport reactions","",0
MAR08358,"Transport reactions","",0
MAR08369,"Transport reactions","",1
MAR08382,"Transport reactions","",0
MAR08526,"Transport reactions","",0
MAR08553,"Transport reactions","",0
MAR08594,"Transport reactions","",0
MAR08651,"Transport reactions","",0
MAR08681,"Transport reactions","",0
MAR08715,"Transport reactions","",0
MAR08716,"Transport reactions","",0
MAR08719,"Transport reactions","",0
MAR08722,"Transport reactions","",0
MAR08737,"Transport reactions","",0
MAR08851,"Transport reactions","",0
MAR08855,"Transport reactions","",0
MAR08859,"Transport reactions","",0
MAR08886,"Transport reactions","",0
MAR08888,"Transport reactions","",0
MAR08906,"Transport reactions","",0
MAR08914,"Transport reactions","",0
MAR08915,"Transport reactions","",0
MAR08919,"Transport reactions","",0
MAR08921,"Transport reactions","",0
MAR09177,"Transport reactions","",0
MAR09200,"Transport reactions","",1
MAR09625,"Transport reactions","",0
MAR09626,"Transport reactions","",0
MAR09627,"Transport reactions","",0
MAR09628,"Transport reactions","",0
MAR09629,"Transport reactions","",0
MAR09630,"Transport reactions","",0
MAR09631,"Transport reactions","",0
MAR09632,"Transport reactions","",0
MAR09633,"Transport reactions","",0
MAR09634,"Transport reactions","",0
MAR09716,"Transport reactions","",0
MAR09724,"Transport reactions","",0
MAR09732,"Transport reactions","",0
MAR07108,"Exchange/demand reactions","",0
MAR07110,"Exchange/demand reactions","",0
MAR07112,"Exchange/demand reactions","",0
MAR07114,"Exchange/demand reactions","",0
MAR07116,"Exchange/demand reactions","",0
MAR07118,"Exchange/demand reactions","",0
MAR07120,"Exchange/demand reactions","",0
MAR07122,"Exchange/demand reactions","",0
MAR07124,"Exchange/demand reactions","",0
MAR07126,"Exchange/demand reactions","",0
MAR09023,"Exchange/demand reactions","",0
MAR09024,"Exchange/demand reactions","",0
MAR09032,"Exchange/demand reactions","",0
MAR09808,"Exchange/demand reactions","",0
MAR09809,"Exchange/demand reactions","",0
MAR09810,"Exchange/demand reactions","",0
MAR09811,"Exchange/demand reactions","",0
MAR09812,"Exchange/demand reactions","",0
MAR09813,"Exchange/demand reactions","",0
MAR09814,"Exchange/demand reactions","",0
MAR09815,"Exchange/demand reactions","",0
MAR09816,"Exchange/demand reactions","",0
MAR09033,"Exchange/demand reactions","",0
MAR09034,"Exchange/demand reactions","",0
MAR09035,"Exchange/demand reactions","",0
MAR09036,"Exchange/demand reactions","",0
MAR09037,"Exchange/demand reactions","",0
MAR09038,"Exchange/demand reactions","",0
MAR09039,"Exchange/demand reactions","",0
MAR09040,"Exchange/demand reactions","",0
MAR09041,"Exchange/demand reactions","",0
MAR09042,"Exchange/demand reactions","",0
MAR09043,"Exchange/demand reactions","",0
MAR09044,"Exchange/demand reactions","",0
MAR09045,"Exchange/demand reactions","",0
MAR09046,"Exchange/demand reactions","",0
MAR09047,"Exchange/demand reactions","",0
MAR09048,"Exchange/demand reactions","",0
MAR09049,"Exchange/demand reactions","",0
MAR09050,"Exchange/demand reactions","",0
MAR09051,"Exchange/demand reactions","",0
MAR09052,"Exchange/demand reactions","",0
MAR09053,"Exchange/demand reactions","",0
MAR09054,"Exchange/demand reactions","",0
MAR09055,"Exchange/demand reactions","",0
MAR09056,"Exchange/demand reactions","",0
MAR09058,"Exchange/demand reactions","",0
MAR09061,"Exchange/demand reactions","",0
MAR09062,"Exchange/demand reactions","",0
MAR09063,"Exchange/demand reactions","",0
MAR09064,"Exchange/demand reactions","",0
MAR09065,"Exchange/demand reactions","",0
MAR09066,"Exchange/demand reactions","",0
MAR09067,"Exchange/demand reactions","",0
MAR09068,"Exchange/demand reactions","",0
MAR09069,"Exchange/demand reactions","",0
MAR09070,"Exchange/demand reactions","",0
MAR09071,"Exchange/demand reactions","",0
MAR09072,"Exchange/demand reactions","",0
MAR09073,"Exchange/demand reactions","",0
MAR09074,"Exchange/demand reactions","",0
MAR09075,"Exchange/demand reactions","",0
MAR09076,"Exchange/demand reactions","",0
MAR09077,"Exchange/demand reactions","",0
MAR09078,"Exchange/demand reactions","",0
MAR09079,"Exchange/demand reactions","",0
MAR09080,"Exchange/demand reactions","",0
MAR09081,"Exchange/demand reactions","",0
MAR09082,"Exchange/demand reactions","",0
MAR09083,"Exchange/demand reactions","",0
MAR09084,"Exchange/demand reactions","",0
MAR09085,"Exchange/demand reactions","",0
MAR09086,"Exchange/demand reactions","",0
MAR09087,"Exchange/demand reactions","",0
MAR09088,"Exchange/demand reactions","",0
MAR09089,"Exchange/demand reactions","",0
MAR09090,"Exchange/demand reactions","",0
MAR09091,"Exchange/demand reactions","",0
MAR09092,"Exchange/demand reactions","",0
MAR09093,"Exchange/demand reactions","",0
MAR09094,"Exchange/demand reactions","",0
MAR09095,"Exchange/demand reactions","",0
MAR09096,"Exchange/demand reactions","",0
MAR09097,"Exchange/demand reactions","",0
MAR09098,"Exchange/demand reactions","",0
MAR09099,"Exchange/demand reactions","",0
MAR09100,"Exchange/demand reactions","",0
MAR09101,"Exchange/demand reactions","",0
MAR09102,"Exchange/demand reactions","",0
MAR09103,"Exchange/demand reactions","",0
MAR09104,"Exchange/demand reactions","",0
MAR09105,"Exchange/demand reactions","",0
MAR09106,"Exchange/demand reactions","",0
MAR09107,"Exchange/demand reactions","",0
MAR09108,"Exchange/demand reactions","",0
MAR09109,"Exchange/demand reactions","",0
MAR09110,"Exchange/demand reactions","",0
MAR09111,"Exchange/demand reactions","",0
MAR09113,"Exchange/demand reactions","",0
MAR09114,"Exchange/demand reactions","",0
MAR09115,"Exchange/demand reactions","",0
MAR09116,"Exchange/demand reactions","",0
MAR09117,"Exchange/demand reactions","",0
MAR09118,"Exchange/demand reactions","",0
MAR09119,"Exchange/demand reactions","",0
MAR09120,"Exchange/demand reactions","",0
MAR09121,"Exchange/demand reactions","",0
MAR09122,"Exchange/demand reactions","",0
MAR09123,"Exchange/demand reactions","",0
MAR09124,"Exchange/demand reactions","",0
MAR09125,"Exchange/demand reactions","",0
MAR09126,"Exchange/demand reactions","",0
MAR09127,"Exchange/demand reactions","",0
MAR09128,"Exchange/demand reactions","",0
MAR09129,"Exchange/demand reactions","",0
MAR09130,"Exchange/demand reactions","",0
MAR09131,"Exchange/demand reactions","",0
MAR09132,"Exchange/demand reactions","",0
MAR09133,"Exchange/demand reactions","",0
MAR09134,"Exchange/demand reactions","",0
MAR09135,"Exchange/demand reactions","",0
MAR09136,"Exchange/demand reactions","",0
MAR09137,"Exchange/demand reactions","",0
MAR09138,"Exchange/demand reactions","",0
MAR09139,"Exchange/demand reactions","",0
MAR09140,"Exchange/demand reactions","",0
MAR09141,"Exchange/demand reactions","",0
MAR09142,"Exchange/demand reactions","",0
MAR09143,"Exchange/demand reactions","",0
MAR09144,"Exchange/demand reactions","",0
MAR09145,"Exchange/demand reactions","",0
MAR09146,"Exchange/demand reactions","",0
MAR09147,"Exchange/demand reactions","",0
MAR09148,"Exchange/demand reactions","",0
MAR09149,"Exchange/demand reactions","",0
MAR09150,"Exchange/demand reactions","",0
MAR09151,"Exchange/demand reactions","",0
MAR09152,"Exchange/demand reactions","",0
MAR09153,"Exchange/demand reactions","",0
MAR09154,"Exchange/demand reactions","",0
MAR09155,"Exchange/demand reactions","",0
MAR09156,"Exchange/demand reactions","",0
MAR09157,"Exchange/demand reactions","",0
MAR09158,"Exchange/demand reactions","",0
MAR09159,"Exchange/demand reactions","",0
MAR09160,"Exchange/demand reactions","",0
MAR09161,"Exchange/demand reactions","",0
MAR09162,"Exchange/demand reactions","",0
MAR09163,"Exchange/demand reactions","",0
MAR09164,"Exchange/demand reactions","",0
MAR09165,"Exchange/demand reactions","",0
MAR09166,"Exchange/demand reactions","",0
MAR09167,"Exchange/demand reactions","",0
MAR09168,"Exchange/demand reactions","",0
MAR09169,"Exchange/demand reactions","",0
MAR09171,"Exchange/demand reactions","",0
MAR09172,"Exchange/demand reactions","",0
MAR09201,"Exchange/demand reactions","",0
MAR09202,"Exchange/demand reactions","",0
MAR09203,"Exchange/demand reactions","",0
MAR09204,"Exchange/demand reactions","",0
MAR09205,"Exchange/demand reactions","",0
MAR09206,"Exchange/demand reactions","",0
MAR09207,"Exchange/demand reactions","",0
MAR09208,"Exchange/demand reactions","",0
MAR09209,"Exchange/demand reactions","",0
MAR09210,"Exchange/demand reactions","",0
MAR09211,"Exchange/demand reactions","",0
MAR09212,"Exchange/demand reactions","",0
MAR09213,"Exchange/demand reactions","",0
MAR09214,"Exchange/demand reactions","",0
MAR09215,"Exchange/demand reactions","",0
MAR09216,"Exchange/demand reactions","",0
MAR09217,"Exchange/demand reactions","",0
MAR09218,"Exchange/demand reactions","",0
MAR09219,"Exchange/demand reactions","",0
MAR09220,"Exchange/demand reactions","",0
MAR09221,"Exchange/demand reactions","",0
MAR09222,"Exchange/demand reactions","",0
MAR09223,"Exchange/demand reactions","",0
MAR09224,"Exchange/demand reactions","",0
MAR09225,"Exchange/demand reactions","",0
MAR09226,"Exchange/demand reactions","",0
MAR09227,"Exchange/demand reactions","",0
MAR09228,"Exchange/demand reactions","",0
MAR09229,"Exchange/demand reactions","",0
MAR09230,"Exchange/demand reactions","",0
MAR09231,"Exchange/demand reactions","",0
MAR09232,"Exchange/demand reactions","",0
MAR09233,"Exchange/demand reactions","",0
MAR09234,"Exchange/demand reactions","",0
MAR09235,"Exchange/demand reactions","",0
MAR09236,"Exchange/demand reactions","",0
MAR09237,"Exchange/demand reactions","",0
MAR09238,"Exchange/demand reactions","",0
MAR09239,"Exchange/demand reactions","",0
MAR09240,"Exchange/demand reactions","",0
MAR09241,"Exchange/demand reactions","",0
MAR09242,"Exchange/demand reactions","",0
MAR09243,"Exchange/demand reactions","",0
MAR09244,"Exchange/demand reactions","",0
MAR09245,"Exchange/demand reactions","",0
MAR09246,"Exchange/demand reactions","",0
MAR09247,"Exchange/demand reactions","",0
MAR09248,"Exchange/demand reactions","",0
MAR09249,"Exchange/demand reactions","",0
MAR09250,"Exchange/demand reactions","",0
MAR09251,"Exchange/demand reactions","",0
MAR09252,"Exchange/demand reactions","",0
MAR09253,"Exchange/demand reactions","",0
MAR09254,"Exchange/demand reactions","",0
MAR09255,"Exchange/demand reactions","",0
MAR09256,"Exchange/demand reactions","",0
MAR09257,"Exchange/demand reactions","",0
MAR09258,"Exchange/demand reactions","",0
MAR09259,"Exchange/demand reactions","",0
MAR09260,"Exchange/demand reactions","",0
MAR09261,"Exchange/demand reactions","",0
MAR09262,"Exchange/demand reactions","",0
MAR09263,"Exchange/demand reactions","",0
MAR09264,"Exchange/demand reactions","",0
MAR09265,"Exchange/demand reactions","",0
MAR09266,"Exchange/demand reactions","",0
MAR09267,"Exchange/demand reactions","",0
MAR09268,"Exchange/demand reactions","",0
MAR09269,"Exchange/demand reactions","",0
MAR09270,"Exchange/demand reactions","",0
MAR09271,"Exchange/demand reactions","",0
MAR09272,"Exchange/demand reactions","",0
MAR09273,"Exchange/demand reactions","",0
MAR09275,"Exchange/demand reactions","",0
MAR09276,"Exchange/demand reactions","",0
MAR09277,"Exchange/demand reactions","",0
MAR09278,"Exchange/demand reactions","",0
MAR09279,"Exchange/demand reactions","",0
MAR09280,"Exchange/demand reactions","",0
MAR09281,"Exchange/demand reactions","",0
MAR09282,"Exchange/demand reactions","",0
MAR09283,"Exchange/demand reactions","",0
MAR09284,"Exchange/demand reactions","",0
MAR09285,"Exchange/demand reactions","",0
MAR09286,"Exchange/demand reactions","",0
MAR09287,"Exchange/demand reactions","",0
MAR09288,"Exchange/demand reactions","",0
MAR09289,"Exchange/demand reactions","",0
MAR09290,"Exchange/demand reactions","",0
MAR09291,"Exchange/demand reactions","",0
MAR09292,"Exchange/demand reactions","",0
MAR09293,"Exchange/demand reactions","",0
MAR09294,"Exchange/demand reactions","",0
MAR09295,"Exchange/demand reactions","",0
MAR09296,"Exchange/demand reactions","",0
MAR09297,"Exchange/demand reactions","",0
MAR09298,"Exchange/demand reactions","",0
MAR09299,"Exchange/demand reactions","",0
MAR09300,"Exchange/demand reactions","",0
MAR09301,"Exchange/demand reactions","",0
MAR09302,"Exchange/demand reactions","",0
MAR09303,"Exchange/demand reactions","",0
MAR09304,"Exchange/demand reactions","",0
MAR09305,"Exchange/demand reactions","",0
MAR09306,"Exchange/demand reactions","",0
MAR09307,"Exchange/demand reactions","",0
MAR09308,"Exchange/demand reactions","",0
MAR09309,"Exchange/demand reactions","",0
MAR09310,"Exchange/demand reactions","",0
MAR09311,"Exchange/demand reactions","",0
MAR09312,"Exchange/demand reactions","",0
MAR09313,"Exchange/demand reactions","",0
MAR09314,"Exchange/demand reactions","",0
MAR09315,"Exchange/demand reactions","",0
MAR09316,"Exchange/demand reactions","",0
MAR09317,"Exchange/demand reactions","",0
MAR09318,"Exchange/demand reactions","",0
MAR09319,"Exchange/demand reactions","",0
MAR09320,"Exchange/demand reactions","",0
MAR09321,"Exchange/demand reactions","",0
MAR09322,"Exchange/demand reactions","",0
MAR09323,"Exchange/demand reactions","",0
MAR09324,"Exchange/demand reactions","",0
MAR09325,"Exchange/demand reactions","",0
MAR09326,"Exchange/demand reactions","",0
MAR09327,"Exchange/demand reactions","",0
MAR09328,"Exchange/demand reactions","",0
MAR09329,"Exchange/demand reactions","",0
MAR09330,"Exchange/demand reactions","",0
MAR09331,"Exchange/demand reactions","",0
MAR09332,"Exchange/demand reactions","",0
MAR09333,"Exchange/demand reactions","",0
MAR09334,"Exchange/demand reactions","",0
MAR09335,"Exchange/demand reactions","",0
MAR09336,"Exchange/demand reactions","",0
MAR09337,"Exchange/demand reactions","",0
MAR09338,"Exchange/demand reactions","",0
MAR09339,"Exchange/demand reactions","",0
MAR09340,"Exchange/demand reactions","",0
MAR09341,"Exchange/demand reactions","",0
MAR09342,"Exchange/demand reactions","",0
MAR09343,"Exchange/demand reactions","",0
MAR09344,"Exchange/demand reactions","",0
MAR09345,"Exchange/demand reactions","",0
MAR09346,"Exchange/demand reactions","",0
MAR09347,"Exchange/demand reactions","",0
MAR09348,"Exchange/demand reactions","",0
MAR09349,"Exchange/demand reactions","",0
MAR09350,"Exchange/demand reactions","",0
MAR09351,"Exchange/demand reactions","",0
MAR09352,"Exchange/demand reactions","",0
MAR09353,"Exchange/demand reactions","",0
MAR09354,"Exchange/demand reactions","",0
MAR09355,"Exchange/demand reactions","",0
MAR09356,"Exchange/demand reactions","",0
MAR09357,"Exchange/demand reactions","",0
MAR09358,"Exchange/demand reactions","",0
MAR09359,"Exchange/demand reactions","",0
MAR09360,"Exchange/demand reactions","",0
MAR09361,"Exchange/demand reactions","",0
MAR09362,"Exchange/demand reactions","",0
MAR09363,"Exchange/demand reactions","",0
MAR09364,"Exchange/demand reactions","",0
MAR09365,"Exchange/demand reactions","",0
MAR09366,"Exchange/demand reactions","",0
MAR09367,"Exchange/demand reactions","",0
MAR09368,"Exchange/demand reactions","",0
MAR09369,"Exchange/demand reactions","",0
MAR09370,"Exchange/demand reactions","",0
MAR09371,"Exchange/demand reactions","",0
MAR09372,"Exchange/demand reactions","",0
MAR09373,"Exchange/demand reactions","",0
MAR09374,"Exchange/demand reactions","",0
MAR09375,"Exchange/demand reactions","",0
MAR09376,"Exchange/demand reactions","",0
MAR09377,"Exchange/demand reactions","",0
MAR09378,"Exchange/demand reactions","",0
MAR09379,"Exchange/demand reactions","",0
MAR09380,"Exchange/demand reactions","",0
MAR09381,"Exchange/demand reactions","",0
MAR09382,"Exchange/demand reactions","",0
MAR09383,"Exchange/demand reactions","",0
MAR09384,"Exchange/demand reactions","",0
MAR09385,"Exchange/demand reactions","",0
MAR09386,"Exchange/demand reactions","",0
MAR09387,"Exchange/demand reactions","",0
MAR09388,"Exchange/demand reactions","",0
MAR09389,"Exchange/demand reactions","",0
MAR09390,"Exchange/demand reactions","",0
MAR09391,"Exchange/demand reactions","",0
MAR09392,"Exchange/demand reactions","",0
MAR09393,"Exchange/demand reactions","",0
MAR09394,"Exchange/demand reactions","",0
MAR09395,"Exchange/demand reactions","",0
MAR09396,"Exchange/demand reactions","",0
MAR09397,"Exchange/demand reactions","",0
MAR09398,"Exchange/demand reactions","",0
MAR09399,"Exchange/demand reactions","",0
MAR09400,"Exchange/demand reactions","",0
MAR09401,"Exchange/demand reactions","",0
MAR09404,"Exchange/demand reactions","",0
MAR09405,"Exchange/demand reactions","",0
MAR09406,"Exchange/demand reactions","",0
MAR09407,"Exchange/demand reactions","",0
MAR09408,"Exchange/demand reactions","",0
MAR09409,"Exchange/demand reactions","",0
MAR09410,"Exchange/demand reactions","",0
MAR09411,"Exchange/demand reactions","",0
MAR09412,"Exchange/demand reactions","",0
MAR09413,"Exchange/demand reactions","",0
MAR09414,"Exchange/demand reactions","",0
MAR09415,"Exchange/demand reactions","",0
MAR09416,"Exchange/demand reactions","",0
MAR09417,"Exchange/demand reactions","",0
MAR09418,"Exchange/demand reactions","",0
MAR09419,"Exchange/demand reactions","",0
MAR09420,"Exchange/demand reactions","",0
MAR09421,"Exchange/demand reactions","",0
MAR09422,"Exchange/demand reactions","",0
MAR09423,"Exchange/demand reactions","",0
MAR09424,"Exchange/demand reactions","",0
MAR09425,"Exchange/demand reactions","",0
MAR09426,"Exchange/demand reactions","",0
MAR09427,"Exchange/demand reactions","",0
MAR09428,"Exchange/demand reactions","",0
MAR09429,"Exchange/demand reactions","",0
MAR09430,"Exchange/demand reactions","",0
MAR09431,"Exchange/demand reactions","",0
MAR09432,"Exchange/demand reactions","",0
MAR09433,"Exchange/demand reactions","",0
MAR09434,"Exchange/demand reactions","",0
MAR09435,"Exchange/demand reactions","",0
MAR09436,"Exchange/demand reactions","",0
MAR09437,"Exchange/demand reactions","",0
MAR09438,"Exchange/demand reactions","",0
MAR09439,"Exchange/demand reactions","",0
MAR09440,"Exchange/demand reactions","",0
MAR09441,"Exchange/demand reactions","",0
MAR09442,"Exchange/demand reactions","",0
MAR09443,"Exchange/demand reactions","",0
MAR09444,"Exchange/demand reactions","",0
MAR09445,"Exchange/demand reactions","",0
MAR09446,"Exchange/demand reactions","",0
MAR09447,"Exchange/demand reactions","",0
MAR09448,"Exchange/demand reactions","",0
MAR09449,"Exchange/demand reactions","Exchange of phenylacetylglycine",0
MAR09450,"Exchange/demand reactions","",0
MAR09451,"Exchange/demand reactions","",0
MAR09452,"Exchange/demand reactions","",0
MAR09453,"Exchange/demand reactions","",0
MAR09454,"Exchange/demand reactions","",0
MAR09455,"Exchange/demand reactions","",0
MAR09456,"Exchange/demand reactions","",0
MAR09457,"Exchange/demand reactions","",0
MAR09458,"Exchange/demand reactions","",0
MAR09460,"Exchange/demand reactions","",0
MAR09461,"Exchange/demand reactions","",0
MAR09462,"Exchange/demand reactions","",0
MAR09463,"Exchange/demand reactions","",0
MAR09681,"Exchange/demand reactions","",0
MAR09682,"Exchange/demand reactions","",0
MAR09683,"Exchange/demand reactions","",0
MAR09684,"Exchange/demand reactions","",0
MAR09685,"Exchange/demand reactions","",0
MAR09686,"Exchange/demand reactions","",0
MAR09687,"Exchange/demand reactions","",0
MAR09688,"Exchange/demand reactions","",0
MAR09689,"Exchange/demand reactions","",0
MAR09690,"Exchange/demand reactions","",0
MAR09691,"Exchange/demand reactions","",0
MAR09692,"Exchange/demand reactions","",0
MAR09693,"Exchange/demand reactions","",0
MAR09694,"Exchange/demand reactions","",0
MAR09695,"Exchange/demand reactions","",0
MAR09696,"Exchange/demand reactions","",0
MAR09697,"Exchange/demand reactions","",0
MAR09698,"Exchange/demand reactions","",0
MAR09699,"Exchange/demand reactions","",0
MAR09700,"Exchange/demand reactions","",0
MAR09701,"Exchange/demand reactions","",0
MAR09702,"Exchange/demand reactions","",0
MAR09703,"Exchange/demand reactions","",0
MAR09704,"Exchange/demand reactions","",0
MAR09705,"Exchange/demand reactions","",0
MAR09706,"Exchange/demand reactions","",0
MAR09707,"Exchange/demand reactions","",0
MAR09708,"Exchange/demand reactions","",0
MAR09709,"Exchange/demand reactions","",0
MAR09710,"Exchange/demand reactions","",0
MAR09711,"Exchange/demand reactions","",0
MAR09712,"Exchange/demand reactions","",0
MAR09713,"Exchange/demand reactions","",0
MAR09714,"Exchange/demand reactions","",0
MAR09715,"Exchange/demand reactions","",0
MAR09721,"Exchange/demand reactions","",0
MAR09729,"Exchange/demand reactions","",0
MAR09730,"Exchange/demand reactions","",0
MAR09725,"Artificial reactions","",0
MAR00031,"Pool reactions","",1
MAR00032,"Pool reactions","",1
MAR00021,"Artificial reactions","",0
MAR00022,"Artificial reactions","",0
MAR00023,"Artificial reactions","",0
MAR00033,"Artificial reactions","",0
MAR00034,"Artificial reactions","",0
MAR00035,"Artificial reactions","",0
MAR00036,"Artificial reactions","",0
MAR00037,"Artificial reactions","",0
MAR00038,"Transport reactions","10-Formyltetrahydrofolate Mitochondrial Transport via Diffusion",0
MAR00039,"Beta-alanine metabolism","1, 3-Diaminopropane:Oxygen Oxidoreductase (Deaminating)",1
MAR00040,"Ubiquinone synthesis","3- (4-Hydroxyphenyl-)Lactate Formation",0
MAR00041,"Ubiquinone synthesis","Hydroxylation of 3-Decaprenyl-4-Hydroxybenzoate (NADH)",0
MAR00042,"Valine, leucine, and isoleucine metabolism","3-Hydroxyisobutyryl Coenzyme A Hydrolase, Mitochondrial",0
MAR00043,"Beta-alanine metabolism","3-Hydroxyisobutyryl-Coenzyme A Hydrolase",1
MAR00044,"Propanoate metabolism","3-Hydroxypropionate Dehydrogenase",0
MAR00045,"Transport reactions","3-Methyl-2-Oxobutanoate Mitochondrial Transport via Proton Symport",0
MAR00046,"Purine metabolism","3'-Nucleotidase (AMP), Lysosomal",1
MAR00047,"Ubiquinone synthesis","4-Hydroxybenzoyl Coenzyme A Formation",0
MAR00048,"Ubiquinone synthesis","4-Hydroxybenzoate Formation",0
MAR00049,"Transport reactions","4-Methylpentanal Transport, Endoplasmatic Reticulum",0
MAR00050,"Transport reactions","5-Formyltetrahydrofolate Transport via Anion Exchange",1
MAR00051,"Tryptophan metabolism","5-Hydroxyindoleacetaldehyde:NAD+ Oxidoreductase, Mitochondrial",1
MAR00052,"Transport reactions","5-Hydroxy-L-Tryptophan Secretion via Secretory Vesicle (ATP Driven)",1
MAR00053,"Transport reactions","5-Methyltetrahydrofolate Transport via Anion Exchange",1
MAR00054,"Transport reactions","Cholesterol Precursor Intracellular Transport",0
MAR00055,"N-glycan metabolism","Alpha-Mannosidase",1
MAR00056,"Transport reactions","Acetoacetate Intracellular Transport Unknown Mechanism",0
MAR00057,"Transport reactions","Acetyl Coenzyme A Transport",1
MAR00058,"Transport reactions","Acetylcholine Secretion via Secretory Vesicle (ATP Driven)",1
MAR00060,"Transport reactions","O-Acetylcarnintine Transport into Mitochondria via Diffusion",1
MAR00061,"Transport reactions","Acetate Mitochondrial Transport via Proton Symport",0
MAR00062,"Nucleotide metabolism","ADPribose Diphosphatase, Mitochondrial",1
MAR00063,"Transport reactions","Fatty Acid Intracellular Transport",0
MAR00064,"Fatty acid oxidation","Transport into the Mitochondria (Carnitine)",1
MAR00065,"Transport reactions","Adrenaline Secretion via Secretory Vesicle (ATP Driven)",1
MAR00066,"Transport reactions","L-Alanine Reversible Transport via Proton Symport, Lysosomal",1
MAR00067,"Fatty acid oxidation","Aldehyde Dehydrogenase (Pristanal, NAD)",1
MAR00068,"Glycerophospholipid metabolism","Alkaline Phosphatase",1
MAR00069,"Bile acid biosynthesis","Alpha-Methylacyl Coenzyme A Racemase (Reductase)",1
MAR00070,"Bile acid biosynthesis","Alpha-Methylacyl Coenzyme A Racemase (Reductase)",1
MAR00071,"Bile acid biosynthesis","Alpha-Methylacyl Coenzyme A Racemase",1
MAR00072,"Starch and sucrose metabolism","Alpha-Amylase, Extracellular (Glygn2 -> Glygn4)",1
MAR00073,"Biotin metabolism","Apocarboxylase Formation, Mitochondrial",0
MAR00074,"Biotin metabolism","Proteolysis of ApoC-Lys-Biotin, Mitochondrial",0
MAR00075,"Transport reactions","Fatty Acid Intracellular Transport",0
MAR00076,"Fatty acid oxidation","Transport into the Mitochondria (Carnitine)",1
MAR00077,"Transport reactions","Fatty Acid Intracellular Transport",0
MAR00078,"Transport reactions","Intracellular Transport",0
MAR00079,"Transport reactions","Arginine Mitochondrial Transport via Ornithine Carrier",1
MAR00080,"Transport reactions","V-Type ATPase, H+ Transporting, Lysosomal",1
MAR00081,"Blood group biosynthesis","UDP-GlcNac:Betagal Beta-1, 3-N-Acetylglucosaminyltransferase 3, Golgi Apparatus",1
MAR00082,"Blood group biosynthesis","UDP-GlcNac:Betagal Beta-1, 3-N-Acetylglucosaminyltransferase 3, Golgi Apparatus",1
MAR00083,"Bile acid biosynthesis","Bile Acid Coenzyme A: Amino Acid N-Acyltransferase",1
MAR00084,"Bile acid biosynthesis","Bile Acid Coenzyme A: Amino Acid N-Acyltransferase",1
MAR00085,"Bile acid biosynthesis","Bile Acid Coenzyme A: Amino Acid N-Acyltransferase",1
MAR00086,"Biotin metabolism","Biotin-[Acetyl Coenzyme A-Carboxylase] Ligase, Mitochondrial",1
MAR00087,"Transport reactions","B-Alanine Secretion via Secretory Vesicle (ATP Driven)",1
MAR00088,"Beta-alanine metabolism","Beta-Aminopropion Aldehyde:NAD+ Oxidoreductase, Mitochondrial",1
MAR00089,"Transport reactions","Glucuronidated Compound Transport",0
MAR00090,"Transport reactions","Glucuronidated Compound Transport",0
MAR00091,"Biotin metabolism","Biotinidase (Biotin), Mitochondrial",1
MAR00092,"Biotin metabolism","Holocarboxylase Synthestase (Biotin Protein Ligase), Mitochondrial",1
MAR00093,"Transport reactions","Biotin Reversible Transport via Proton Symport, Mitochondria",1
MAR00094,"Transport reactions","Biotin Transport via Sodium Symport",1
MAR00095,"Transport reactions","Biotin Uptake (Antiport)",1
MAR00096,"Pyrimidine metabolism","Beta-Ureidopropionase (D-3-Amino-Isobutanoate Forming)",1
MAR00097,"Transport reactions","Butyrate Mitochondrial Transport via Proton Symport, Reversible",1
MAR00098,"Transport reactions","Beta-Tocopherol (Vit. E) Transport",0
MAR00099,"Transport reactions","Benzoate Transport (Diffusion)",0
MAR00100,"Transport reactions","Benzene Transporter, Endoplasmic Reticulum",0
MAR00101,"Cholesterol metabolism","C-14 Sterol Reductase",1
MAR00102,"Fatty acid oxidation","C160 Transport into the Mitochondria",1
MAR00103,"Fatty acid oxidation","Carnitine O-Palmitoyltransferase",1
MAR00104,"Fatty acid oxidation","C161 Transport into the Mitochondria",1
MAR00105,"Fatty acid oxidation","C161 Transport into the Mitochondria",1
MAR00106,"Fatty acid oxidation","C161 Transport into the Mitochondria",1
MAR00107,"Fatty acid oxidation","C180 Transport into the Mitochondria",1
MAR00108,"Fatty acid oxidation","Transport of Octadecenoyl Coenzyme A into Mitochondrial Matrix",1
MAR00109,"Fatty acid oxidation","Transport of Octadecenoyl Coenzyme A into Mitochondrial Matrix",1
MAR00110,"Fatty acid oxidation","C181 Transport into the Mitochondria",1
MAR00111,"Fatty acid oxidation","Arachidonic Acid Transport into the Mitochondria",1
MAR00112,"Fatty acid oxidation","C226 Transport into the Mitochondria",0
MAR00113,"Cholesterol metabolism","C-3 Sterol Dehydrogenase (4-Methylzymosterol)",1
MAR00114,"Cholesterol metabolism","C-3 Sterol Dehydrogenase (4-Methylzymosterol)",1
MAR00115,"Cholesterol metabolism","C-3 Sterol Keto Reductase (Zymosterol)",1
MAR00116,"Cholesterol metabolism","C-4 Sterol Methyl Oxidase (4, 4-Dimethylzymosterol)",1
MAR00117,"Cholesterol metabolism","C-4 Methyl Sterol Oxidase",1
MAR00118,"Cholesterol metabolism","C-4 Methyl Sterol Oxidase",1
MAR00119,"Transport reactions","Ca ATPase",1
MAR00120,"Transport reactions","Intracellular Transport",0
MAR00121,"Glycerophospholipid metabolism","Phosphatidate Cytidylyltransferase",1
MAR00122,"Glycerophospholipid metabolism","Phosphatidate Cytidylyltransferase",1
MAR00123,"Transport reactions","Cholesterol Intracellular Transport",0
MAR00124,"Transport reactions","Citrulline Mitochondrial Transport via Proton Antiport",1
MAR00125,"Transport reactions","Citrate Transport, Mitochondrial",1
MAR00126,"Transport reactions","Chloride Transport via Hydroxide Antiport (2:1)",1
MAR00127,"Transport reactions","Fatty Acid Intracellular Transport",0
MAR00128,"Fatty acid oxidation","Transport into the Mitochondria (Carnitine)",1
MAR00129,"Glycerophospholipid metabolism","Cardiolipin Synthase (Homo Sapiens)",1
MAR00130,"Transport reactions","CO2 Nuclear Transport via Diffusion",0
MAR00131,"Ubiquinone synthesis","Methyltransferase Coq3",1
MAR00132,"Ubiquinone synthesis","Ubiquinone Biosynthesis Methyltransferase Coq5",0
MAR00133,"Ubiquinone synthesis","Ubiquinone Biosynthesis Monooxgenase Coq6",1
MAR00134,"Ubiquinone synthesis","Ubiquinone Biosynthesis Coq7",1
MAR00135,"Ubiquinone synthesis","P-Coumaroyl Coenzyme A Formation",0
MAR00136,"Transport reactions","Crmp Hs Transport",0
MAR00137,"Transport reactions","L-Carnitine Outward Transport (H+ Antiport)",1
MAR00138,"Transport reactions","Carnitine Transport Peroxisome to Mitochondria",0
MAR00139,"Fatty acid oxidation","Carnitine Dimethyl Nonanoyl Transferase, Revsible, Peroxisomal",1
MAR00140,"Transport reactions","Transport of Diacylglycerol, Endoplasmatic Reticulum",0
MAR00141,"Glycerophospholipid metabolism","Diacylglycerol Phosphate Kinase (Homo Sapiens)",1
MAR00142,"Transport reactions","Diacylglycerol Transport",0
MAR00143,"Fatty acid oxidation","Transport into the Mitochondria (Carnitine)",1
MAR00144,"Fatty acid biosynthesis","Palmitoyl Coenzyme A Desaturase (N-C16:0CoA -> N-C16:1CoA)",1
MAR00145,"Fatty acid biosynthesis","Fatty Acyl Coenzyme A Desaturase (N-C18:2CoA -> N-C18:3CoA)",1
MAR00146,"Fatty acid biosynthesis","Stearoyl Coenzyme A Desaturase (N-C18:0CoA -> N-C18:1CoA)",1
MAR00147,"Fatty acid biosynthesis","Stearoyl Coenzyme A Desaturase (N-C18:0CoA -> N-C18:1CoA)",1
MAR00148,"Fatty acid biosynthesis","Stearoyl Coenzyme A Desaturase (N-C18:0CoA -> N-C18:1CoA)",1
MAR00149,"Fatty acid biosynthesis","Fatty Acyl Coenzyme A Desaturase (N-C18:1CoA -> N-C18:2CoA)",1
MAR00150,"Fatty acid biosynthesis","Fatty Acyl Coenzyme A Desaturase (N-C18:1CoA -> N-C18:2CoA)",1
MAR00151,"Fatty acid biosynthesis","Fatty Acyl Coenzyme A Desaturase (N-C18:1CoA -> N-C18:2CoA)",1
MAR00152,"Fatty acid biosynthesis","Fatty Acyl Coenzyme A Desaturase (N-C18:2CoA -> N-C18:3CoA)",1
MAR00205,"Fatty acid biosynthesis","Fatty Acyl Coenzyme A Desaturase (N-C22:4CoA -> N-C22:5CoA)",0
MAR00218,"Fatty acid biosynthesis","Fatty Acyl Coenzyme A Desaturase (N-C22:5CoA -> N-C22:6CoA)",0
MAR00219,"Transport reactions","Bile Acid Intracellular Transport",0
MAR00220,"Transport reactions","Bile Acid Intracellular Transport",0
MAR00221,"Transport reactions","Lipid, Flip-Flop Intracellular Transport",0
MAR00222,"Cholesterol metabolism","24-Dehydrocholesterol Reductase [Precursor]",1
MAR00227,"Cholesterol metabolism","7-Dehydrocholesterol Reductase",1
MAR00228,"Cholesterol metabolism","7-Dehydrocholesterol Reductase",1
MAR00229,"Transport reactions","Dihydrofolate Reversible Mitochondrial Transport",0
MAR00251,"Arginine and proline metabolism"," 2, 3-Diketo-5-Methylthio-1-Phosphopentane Degradation Reaction",0
MAR00252,"Fatty acid oxidation","Transport into the Mitochondria (Carnitine)",1
MAR00285,"Cholesterol metabolism","Dimethylallyltranstransferase",1
MAR00286,"Fatty acid oxidation","Transport of 2, 6 Dimethylheptanoyl Carnitine, Mitochondrial",0
MAR00315,"Fatty acid oxidation","4, 8 Dimethylnonanoyl Carnitine Transport, Mitochondrial",0
MAR00316,"N-glycan metabolism","Dolichyl Beta-D-Glucosyl Phosphate Flippase (Liver)",0
MAR00333,"N-glycan metabolism","Dolichol Diffusion, Human (Uterus)",0
MAR00334,"Transport reactions","Secretion of Dopamine via Secretory Vesicle (ATP Driven)",1
MAR00441,"Cholesterol metabolism","Diphosphomevalonate Decarboxylase",1
MAR00442,"Arginine and proline metabolism","D-Proline Oxidase, Perixosomal",1
MAR00443,"Cholesterol metabolism","3-Beta-Hydroxysteroid-Delta (8), Delta (7)-Isomerase",1
MAR00445,"Cholesterol metabolism","3-Beta-Hydroxysteroid-Delta (8), Delta (7)-Isomerase",1
MAR00447,"Alkaloids biosynthesis","Ecgonine Isomerase, Endoplasmatic Reticulum",0
MAR00451,"Fatty acid oxidation","Transport of 8Z,11Z,14Z,17Z-Eicosatetraenoylcarnitine, Mitochondrial",1
MAR00452,"Fatty acid oxidation","Carnitine O-Palmitoyltransferase",1
MAR00455,"Fatty acid oxidation","Carnitine Transferase",1
MAR00465,"Fatty acid oxidation","Transport of (9E)-Octadecenoylcarnitine, Mitochondrial",1
MAR00471,"N-glycan metabolism","Endo-Beta-N-Acetylglucosaminidase",1
MAR00472,"N-glycan metabolism","Endo-Beta-N-Acetylglucosaminidase",1
MAR00473,"N-glycan metabolism","Endomannosidase (Glc1Man-Producing), Golgi Apparatus",0
MAR00474,"N-glycan metabolism","Endomannosidase (Glc2Man-Producing), Golgi Apparatus",0
MAR00475,"N-glycan metabolism","Endomannosidase (Glc3Man-Producing), Golgi Apparatus",0
MAR00480,"N-glycan metabolism","Endomannosidase (M6Masnc-Producing), Golgi Apparatus",0
MAR00485,"N-glycan metabolism","Endomannosidase (M6Masnb2-Producing), Golgi Apparatus",0
MAR00554,"N-glycan metabolism","Endomannosidase (M5Masnb1-Producing), Golgi Apparatus",0
MAR00562,"Fatty acid oxidation","Electron Transfer Flavoprotein",1
MAR00563,"Fatty acid oxidation","Electron Transfer Flavoprotein-Ubiquinone Oxidoreductase",1
MAR00564,"Exchange/demand reactions","Exchange of 1 Acyl Phosphoglycerol",0
MAR00565,"Exchange/demand reactions","Exchange of Fatty Acid 9-Cis-Retinol",0
MAR00566,"Exchange/demand reactions","Exchange of Adrenic Acid",0
MAR00567,"Exchange/demand reactions","Exchange of Arachidate",0
MAR00568,"Exchange/demand reactions","Exchange of Nc20:4",0
MAR00569,"Exchange/demand reactions","Exchange of ATP",0
MAR00570,"Exchange/demand reactions","Exchange of Beta-Tocopherol",0
MAR00571,"Exchange/demand reactions","Exchange of Clupanodonic Acid (Docosapentaenoic (N-3))",0
MAR00572,"Exchange/demand reactions","Exchange of Ceramide 1-Phosphate",0
MAR00573,"Exchange/demand reactions","Exchange of Nc22:6",0
MAR00574,"Exchange/demand reactions","Exchange of Diglyceride",0
MAR00575,"Exchange/demand reactions","Exchange of Docosa-4, 7, 10, 13, 16-Pentaenoic Acid (N-6)",0
MAR00576,"Exchange/demand reactions","Exchange of Dihomo-Gamma-Linolenic Acid (N-6)",0
MAR00577,"Exchange/demand reactions","Exchange of Eicosatetranoic Acid",0
MAR00583,"Exchange/demand reactions","Exchange of Elaidic Acid",0
MAR00585,"Exchange/demand reactions","Exchange of Ley Glycolipid",0
MAR00595,"Exchange/demand reactions","Exchange of Leb Glycolipid",0
MAR00603,"Exchange/demand reactions","Exchange of (S)-Glycerate",0
MAR00606,"Exchange/demand reactions","Exchange of Glycogen, Structure 2 (Glycogenin-1, 6-{7[1, 4-Glc], 4[1, 4-Glc]})",0
MAR00608,"Exchange/demand reactions","Exchange of Glycogen, Structure 4 (Glycogenin-1, 6-{2[1, 4-Glc], [1, 4-Glc]})",0
MAR00609,"Exchange/demand reactions","Exchange of Glycogen, Structure 5 (Glycogenin-2[1, 4-Glc])",0
MAR00611,"Exchange/demand reactions","Exchange of Hexadecanoate (N-C16:0)",0
MAR00617,"Exchange/demand reactions","Exchange of Hexadecenoate (N-C16:1)",0
MAR00618,"Exchange/demand reactions","Exchange of Hexacosanoate (N-C26:0)",0
MAR00619,"Exchange/demand reactions","Exchange of Histamine",0
MAR00620,"Exchange/demand reactions","Exchange of Heptadecanoate",0
MAR00621,"Exchange/demand reactions","Exchange of Lignoceric Acid",0
MAR00624,"Exchange/demand reactions","Exchange of Linoelaidic Acid",0
MAR00626,"Exchange/demand reactions","Exchange of Gamma-Linolenic Acid",0
MAR00628,"Exchange/demand reactions","Exchange of Lysophosphatidylcholine",0
MAR00631,"Exchange/demand reactions","Exchange of Monoacylglycerol 2 (Homo Sapiens)",0
MAR00637,"Exchange/demand reactions","Exchange of Nervonic Acid",0
MAR00639,"Exchange/demand reactions","Exchange of Octadecanoate (N-C18:0)",0
MAR00650,"Exchange/demand reactions","Exchange of Octadecenoate (N-C18:1)",0
MAR00655,"Exchange/demand reactions","Exchange of Phosphatidylcholine (Homo Sapiens)",0
MAR00656,"Exchange/demand reactions","Exchange of Phosphatidylethanolamine",0
MAR00658,"Exchange/demand reactions","Exchange of Phosphatidylglycerol (Homo Sapiens)",0
MAR00659,"Exchange/demand reactions","Exchange of Phytanic Acid",0
MAR00661,"Exchange/demand reactions","Exchange of Phosphatidylserine (Homo Sapiens)",0
MAR00662,"Exchange/demand reactions","Exchange of Pentadecanoate",0
MAR00666,"Exchange/demand reactions","Exchange of Fatty Acid Retinol",0
MAR00693,"Exchange/demand reactions","Exchange of 9-Cis-Retinol",0
MAR00694,"Exchange/demand reactions","Exchange of Cis-11-Retinol",0
MAR00695,"Exchange/demand reactions","Exchange of Stearidonic Acid",0
MAR00696,"Exchange/demand reactions","Exchange of Triacylglycerol (Homo Sapiens)",0
MAR00697,"Exchange/demand reactions","Exchange of Tetracosahexaenoic Acid, N-3",0
MAR00698,"Exchange/demand reactions","Exchange of Tetracosapentaenoic Acid, N-3",0
MAR00699,"Exchange/demand reactions","Exchange of Tetracosapentaenoic Acid, N-6",0
MAR00700,"Exchange/demand reactions","Exchange of Tetracosatetraenoic Acid N-6",0
MAR00701,"Exchange/demand reactions","Exchange of Timnodonic Acid",0
MAR00702,"Exchange/demand reactions","Exchange of Tetradecanoate (N-C14:0)",0
MAR00704,"Exchange/demand reactions","Exchange of Vaccenic Acid",0
MAR00711,"Exchange/demand reactions","Exchange of Cholesterol Ester",0
MAR00714,"Exchange/demand reactions","Exchange of Cholesterol Ester (from FullR2)",0
MAR00720,"Exchange/demand reactions","Exchange of 7-Alpha, 24(S)-Dihydroxycholesterol",0
MAR00721,"Exchange/demand reactions","Exchange of 7-Alpha, 25-Dihydroxycholesterol",0
MAR00722,"Exchange/demand reactions","Exchange of 7-Alpha, 27-Dihydroxycholesterol",0
MAR00723,"Fatty acid oxidation","Fatty-Acyl-Acp Hydrolase",1
MAR00724,"Fatty acid oxidation","Fatty-Acyl-Acp Hydrolase",1
MAR00725,"Fatty acid oxidation","Fatty-Acyl-Acp Hydrolase",1
MAR00726,"Fatty acid oxidation","Fatty-Acyl-Acp Hydrolase",1
MAR00727,"Fatty acid oxidation","Fatty-Acyl-Acp Hydrolase",0
MAR00728,"Fatty acid oxidation","Fatty-Acyl-Acp Hydrolase",0
MAR00729,"Fatty acid oxidation","Fatty-Acyl-Acp Hydrolase",1
MAR00737,"Fatty acid oxidation","Fatty-Acid- Coenzyme A Ligase",1
MAR00739,"Fatty acid oxidation","Fatty-Acid- Coenzyme A Ligase",1
MAR00740,"Fatty acid oxidation","Fatty-Acid- Coenzyme A Ligase",1
MAR00742,"Fatty acid oxidation","Fatty-Acid- Coenzyme A Ligase (Butanoate), Mitochondrial",1
MAR00743,"Fatty acid biosynthesis","Fatty-Acyl Coenzyme A Elongation (N-C18:3CoA)",1
MAR00745,"Fatty acid biosynthesis","Fatty-Acyl Coenzyme A Elongation (N-C20:4CoA)",1
MAR00747,"Fatty acid biosynthesis","Fatty-Acyl Coenzyme A Elongation (N-C20:4CoA)",1
MAR00749,"Fatty acid biosynthesis","Fatty-Acyl Coenzyme A Elongation (N-C20:5CoA)",1
MAR00751,"Fatty acid oxidation","Beta Oxidation of Long Chain Fatty Acid",1
MAR00752,"Fatty acid oxidation","Beta Oxidation of Long Chain Fatty Acid",1
MAR00755,"Fatty acid oxidation","Beta Oxidation of Long Chain Fatty Acid (Odd Chain)",1
MAR00756,"Fatty acid oxidation","Beta Oxidation of Long Chain Fatty Acid",1
MAR00757,"Fatty acid oxidation","Beta Oxidation of Long Chain Fatty Acid",1
MAR00759,"Fatty acid oxidation","Beta Oxidation of Long Chain Fatty Acid",1
MAR00764,"Fatty acid oxidation","Beta Oxidation Fatty Acid",1
MAR00772,"Fatty acid oxidation","Beta Oxidation Fatty Acid",1
MAR00774,"Fatty acid oxidation","Beta Oxidation of Long Chain Fatty Acid (Odd Chain)",1
MAR00776,"Fatty acid oxidation","Beta Oxidation of Long Chain Fatty Acid",1
MAR00777,"Fatty acid oxidation","Beta Oxidation of Long Chain Fatty Acid",1
MAR00778,"Fatty acid oxidation","Beta Oxidation Fatty Acid",1
MAR00780,"Fatty acid oxidation","Beta Oxidation Fatty Acid",1
MAR00784,"Fatty acid oxidation","Beta Oxidation Fatty Acid",1
MAR00785,"Fatty acid oxidation","Beta Oxidation of Fatty Acid",1
MAR00788,"Fatty acid oxidation","Beta Oxidation of Fatty Acid",1
MAR00789,"Fatty acid oxidation","Beta Oxidation of Fatty Acid",1
MAR00799,"Fatty acid oxidation","Beta Oxidation of Fatty Acid",1
MAR00800,"Fatty acid oxidation","Beta Oxidation of Long Chain Fatty Acid",1
MAR00818,"Fatty acid oxidation","Beta Oxidation of Fatty Acid",1
MAR00833,"Fatty acid oxidation","Beta Oxidation of Long Chain Fatty Acid",1
MAR00869,"Fatty acid oxidation","Beta Oxidation of Long Chain Fatty Acid",1
MAR00872,"Fatty acid oxidation","Beta Oxidation of Long Chain Fatty Acid",1
MAR00874,"Fatty acid oxidation","Beta Oxidation of Fatty Acid",1
MAR00916,"Fatty acid oxidation","Beta Oxidation of Long Chain Fatty Acid",1
MAR00922,"Fatty acid oxidation","Beta Oxidation Fatty Acid",1
MAR00923,"Fatty acid oxidation","Beta Oxidation of Fatty Acid",1
MAR00927,"Fatty acid oxidation","Beta Oxidation of Long Chain Fatty Acid",1
MAR00930,"Fatty acid oxidation","Beta Oxidation of Long Chain Fatty Acid",1
MAR00952,"Fatty acid oxidation","Beta Oxidation of Long Chain Fatty Acid",1
MAR00965,"Fatty acid oxidation","Beta Oxidation of Long Chain Fatty Acid",1
MAR00968,"Fatty acid oxidation","Beta Oxidation of Long Chain Fatty Acid",1
MAR00970,"Fatty acid oxidation","Beta Oxidation of Long Chain Fatty Acid",1
MAR00972,"Fatty acid oxidation","Beta Oxidation of Long Chain Fatty Acid",1
MAR00974,"Fatty acid oxidation","Beta Oxidation of Long Chain Fatty Acid",1
MAR00975,"Fatty acid oxidation","Beta Oxidation of Long Chain Fatty Acid",1
MAR00977,"Fatty acid oxidation","Beta Oxidation of Long Chain Fatty Acid",1
MAR00978,"Fatty acid oxidation","Beta Oxidation of Long Chain Fatty Acid",1
MAR00982,"Fatty acid oxidation","Beta Oxidation of Long Chain Fatty Acid",1
MAR01001,"Fatty acid oxidation","Beta Oxidation of Long Chain Fatty Acid",1
MAR01005,"Fatty acid oxidation","Beta Oxidation of Long Chain Fatty Acid",1
MAR01009,"Fatty acid oxidation","Beta Oxidation of Med/Long Chain Fatty Acid",1
MAR01012,"Fatty acid biosynthesis","Fatty Acyl Coenzyme A Synthase (N-C10:0CoA)",0
MAR01019,"Fatty acid biosynthesis","Fatty-Acyl Coenzyme A Synthase (N-C12:0CoA)",0
MAR01024,"Fatty acid biosynthesis","Fatty-Acyl Coenzyme A Synthase (N-C14:0CoA)",0
MAR01031,"Fatty acid biosynthesis","Fatty-Acyl Coenzyme A Synthase (N-C16:0CoA)",0
MAR01032,"Fatty acid biosynthesis","Fatty-Acyl Coenzyme A Synthase (N-C18:0CoA)",0
MAR01036,"Fatty acid biosynthesis","Fatty Acyl Coenzyme A Synthase (N-C8:0CoA), Lumped Reaction",1
MAR01038,"Galactose metabolism","D-Tagatose 1-Phosphate D-Glyceraldehyde-3-Phosphate-Lyase",1
MAR01044,"Heme synthesis","Ferrochelatase, Mitochondrial",1
MAR01046,"Transport reactions","Transport of Iron (Fe2+), Mitochondrial",0
MAR01047,"Transport reactions","Folate Transport via Anion Antiport",1
MAR01051,"Transport reactions","Lipid, Flip-Flop Intracellular Transport",0
MAR01052,"Transport reactions","Lipid, Flip-Flop Intracellular Transport",0
MAR01056,"Transport reactions","Blood Group Intracellular Transport",0
MAR01060,"Transport reactions","Blood Group Intracellular Transport",0
MAR01076,"Transport reactions","Blood Group Intracellular Transport",0
MAR01078,"Transport reactions","Blood Group Intracellular Transport",0
MAR01118,"Blood group biosynthesis","Fucosyltransferase 3 (Galactoside 3 (4)-L-Fucosyltransferase, Lewis Blood Group Included) 1",1
MAR01141,"Blood group biosynthesis","Alpha- (1, 3)-Fucosyltransferase",1
MAR01169,"Glycolysis / Gluconeogenesis","Glycerol-3-Phosphate Dehydrogenase (FAD), Mitochondrial",1
MAR01314,"Transport reactions","GABA Secretion via Secretory Vesicle (ATP Driven)",1
MAR01340,"Transport reactions","Blood Group Intracellular Transport",0
MAR01348,"Transport reactions","Transport of Galactosyl Glucosyl Ceramide",0
MAR01349,"Transport reactions","Transport of Galactosyl Glucosyl Ceramide",0
MAR01351,"Sphingolipid metabolism","Beta-1, 4 N-Acetylgalactosaminyltransferase",1
MAR01353,"O-glycan metabolism","Galnac Transferase, Golgi Apparatus",1
MAR01354,"Transport reactions","Bile Acid Intracellular Transport",0
MAR01368,"Transport reactions","Bile Acid Intracellular Transport",0
MAR01369,"Transport reactions","Transport of Guanosine-5'-Diphosphate",0
MAR01371,"Lysine metabolism","Glycine Hydroxymethyltransferase, Mitochondrial",1
MAR01372,"Vitamin C metabolism","D-Glucuronolactone:NAD+ Oxidoreductase, Mitochondrial",1
MAR01377,"Transport reactions","Glucose Transport via Membrane Vesicle",0
MAR01378,"Transport reactions","Transport of D-Glucose  via Proton Symport",1
MAR01380,"Starch and sucrose metabolism","Glycogen Debranching Enzyme",1
MAR01381,"Transport reactions","L-Glutamine Transport via Electroneutral Transporter",0
MAR01385,"Transport reactions","Secretion of L-Glycerate",0
MAR01386,"Transport reactions","Transport of Glycine   via Proton Symport, Reversible, Lysosomal",1
MAR01396,"Transport reactions","Secretion of Glycine  via Secretory Vesicle (ATP Driven)",1
MAR01397,"Cholesterol metabolism","Geranyltranstransferase",1
MAR01435,"Transport reactions","Palmitate Er Export",0
MAR01438,"Transport reactions","Transport of Trans-Hexadec-2-Enoyl Coenzyme A",0
MAR01439,"Fatty acid oxidation","Carnitine Transferase",1
MAR01441,"Fatty acid oxidation","Transport into the Mitochondria (Carnitine)",1
MAR01442,"Transport reactions","Histamine Secretion via Secretory Vesicle (ATP Driven)",1
MAR01446,"Cholesterol metabolism","Hydroxymethylglutaryl Coenzyme A Reductase (Ir)",1
MAR01447,"Transport reactions","Hydroxymethylglutaryl Coenzyme A Reversible Peroxisomal Transport",0
MAR01449,"Cholesterol metabolism","Hydroxymethylglutaryl Coenzyme A Lyase",1
MAR01450,"Heme degradation","Heme Oxygenase 1",1
MAR01452,"Fatty acid oxidation","Heptadecanoate Transport into the Mitochondria",1
MAR01453,"Tricarboxylic acid cycle and glyoxylate/dicarboxylate metabolism","Hydroxypyruvate Reductase (NADH)",1
MAR01455,"Transport reactions","4-Hydroxyretinoic Acid Transport, Nuclear",0
MAR01456,"Bile acid biosynthesis","Hydroxysteroid (17-Beta) Dehydrogenase 4",1
MAR01458,"Bile acid biosynthesis","Hydroxysteroid (17-Beta) Dehydrogenase 4",1
MAR01461,"Transport reactions","H Transporter, Endoplasmic Reticulum",0
MAR01462,"Transport reactions","H Transporter, Peroxisome",0
MAR01463,"Transport reactions","Hypoxanthine Faciliated Transport from Lysosome",1
MAR01464,"Transport reactions","Transport of Isoleucine, Mitochondrial",0
MAR01466,"Transport reactions","Transport of Inosine, Faciliated, Lysosomal",1
MAR01468,"Cholesterol metabolism","Isopentenyl-Diphosphate D-Isomerase",1
MAR01469,"Transport reactions","Isopentenyl Diphosphate Transport, Endoplasmatic Reticulum",0
MAR01471,"Fatty acid biosynthesis","B-Ketoacyl Synthetase (Palmitate, N-C16:0)",0
MAR01472,"Galactose metabolism","Ketohexokinase (D-Tagatose)",1
MAR01474,"Pyruvate metabolism","Lactaldehyde Dehydrogenase, Mitochondrial",1
MAR01475,"Fatty acid oxidation","Lecithin-Cholesterol Acyltransferase",1
MAR01476,"Transport reactions","Lactose Transport from Golgi to Extracellular (Via Vesicle)",0
MAR01480,"Transport reactions","Transport of L-Leucine, Mitochondrial",0
MAR01481,"Fatty acid oxidation","Transport into the Mitochondria (Carnitine)",1
MAR01482,"Fatty acid oxidation","Transport into the Mitochondria (Carnitine)",1
MAR01483,"Transport reactions","Transport of Lipoate  via Sodium Symport",1
MAR01485,"Transport reactions","Transport of L-Lactate via Diffusion, Mitochondrial",1
MAR01486,"Fatty acid oxidation","Transport into the Mitochondria (Carnitine)",1
MAR01487,"Fatty acid oxidation","Transport into the Mitochondria (Carnitine)",1
MAR01488,"Fatty acid oxidation","Carnitine O-Palmitoyltransferase",1
MAR01489,"Fatty acid oxidation","Carnitine Transferase",1
MAR01491,"Fatty acid oxidation","Transport into the Mitochondria (Carnitine)",1
MAR01492,"Fatty acid oxidation","Transport into the Mitochondria (Carnitine)",1
MAR01498,"Cholesterol metabolism","Lanosterol Synthase",1
MAR01499,"Transport reactions","Lysophosphatidylcholine Transport",0
MAR01501,"Vitamin A metabolism","Lecithin Retinol Acyltransferase",1
MAR01506,"Vitamin A metabolism","Lecithin Retinol Acyltransferase (11-Cis)",0
MAR01507,"Vitamin A metabolism","Lecithin Retinol Acyltransferase (9-Cis)",0
MAR01508,"Cholesterol metabolism","Lathosterol Oxidase",1
MAR01510,"Cholesterol metabolism","Lathosterol Oxidase",1
MAR01511,"Phosphatidylinositol phosphate metabolism","M4A Transamidase, Endoplasmic Reticulum",1
MAR01513,"Phosphatidylinositol phosphate metabolism","M4B Phosphoethanolaminyl Transferase, Endoplasmic Reticulum",1
MAR01514,"Transport reactions","Monoacylglycerol 2 Transport",0
MAR01515,"Tyrosine metabolism","Methylamine Oxidase",1
MAR01517,"Fatty acid oxidation","Malonyl Coenzyme A-Acp Transacylase, Mitochondrial",1
MAR01518,"Transport reactions","Metanephrine Secretion via Secretory Vesicle (ATP Driven)",0
MAR01520,"Cholesterol metabolism","Mevalonate Kinase (ATP)",1
MAR01521,"Valine, leucine, and isoleucine metabolism","Methylmalonyl Coenzyme A Decarboxylase",1
MAR01522,"Valine, leucine, and isoleucine metabolism","Methylmalonyl Coenzyme A Decarboxylase, Peroxisomal",1
MAR01523,"Arginine and proline metabolism","N4-Acetylaminobutanal:NAD+ Oxidoreductase, Mitochondrial",1
MAR01524,"Keratan sulfate degradation","N-Acetylgalactosaminidase, Alpha-",1
MAR01525,"Transport reactions","Bicarbonate Transport (HCl/ (Hcl/NaHCO3 Exchange)",1
MAR01527,"Transport reactions","Sodium Transport (Uniport)",1
MAR01528,"Transport reactions","Sodium/Ammonium Proton Antiporter",1
MAR01529,"Transport reactions","Na+/Ca2+-NH4+ Antiport",1
MAR01534,"Transport reactions","Transport of Ammonium ion via Proton Antiport",1
MAR01537,"Transport reactions","Transport of Ammonium ion, Nuclear",0
MAR01541,"Transport reactions","Transport of Ammonium ion, Peroxisomal",0
MAR01542,"Nicotinate and nicotinamide metabolism","Nicotinamide-Nucleotide Adenylyltransferase",1
MAR01554,"Nicotinate and nicotinamide metabolism","Nicotinate-Nucleotide Adenylyltransferase, Mitochondrial",1
MAR01555,"Transport reactions","Secretion of Noradrenaline  via Secretory Vesicle (ATP Driven)",1
MAR01556,"Fatty acid oxidation","Carnitine Transferase",1
MAR01559,"Fatty acid oxidation","Transport into the Mitochondria (Carnitine)",1
MAR01560,"Starch and sucrose metabolism","Oligo-1, 6-Glucosidase (Glygn4 -> Glygn5), Extracellular",1
MAR01561,"Transport reactions","Fatty Acid Intracellular Transport",0
MAR01562,"Transport reactions","Fatty Acid Intracellular Transport",0
MAR01563,"Transport reactions","4-Oxo-Retinoic Acid Transport, Nuclear",0
MAR01564,"Transport reactions","13-Cis-4-Oxo-Retinoic Acid Transport, Nuclear",0
MAR01566,"Transport reactions","Oxalate Transport Out of Peroxisome",0
MAR01567,"Bile acid biosynthesis","5-Beta-Cytochrome P450, Family 27, Subfamily A, Polypeptide 1",1
MAR01569,"Bile acid biosynthesis","Oxysterol 7-Alpha-Hydroxylase",1
MAR01571,"Bile acid biosynthesis","Cytochrome P450, Family 46, Subfamily A, Polypeptide 1",1
MAR01574,"Bile acid biosynthesis","Oxysterol 7Alpha-Hydroxylase",1
MAR01575,"Eicosanoid metabolism","Cytochrome P450 Leukotriene B4",0
MAR01578,"Cholesterol metabolism","Cholesterol Monooxygenase",0
MAR01579,"Transport reactions","Phosphatidate Scramblase",0
MAR01580,"Transport reactions","Phosphatidate Scramblase",0
MAR01582,"Transport reactions","Phosphatidate Transport, Nuclear",0
MAR01583,"Transport reactions","Phosphatidylcholine Flippase",1
MAR01586,"Glycerophospholipid metabolism","Choline Phosphatase",1
MAR01587,"Fatty acid oxidation","Transport into the Cytosol from Peroxisome (Carnitine)",0
MAR01588,"Fatty acid oxidation","Transport into the Mitochondria from Cytosol (Carnitine)",1
MAR01591,"Alkaloids biosynthesis","Pseudoecgonine Coenzyme A Transferase, Endoplasmatic Reticulum",0
MAR01594,"Transport reactions","Phosphatidylethanolamine Flippase",1
MAR01596,"Transport reactions","Phosphatidylethanolamine Flippase",1
MAR01597,"Transport reactions","Peptide (Lysine) Nuclear Transport via Diffusion",0
MAR01600,"Fatty acid oxidation","Peroxisomal Lumped Long Chain Fatty Acid Oxidation",1
MAR01601,"Transport reactions","Phosphatidylethanolamine Transport",0
MAR01603,"Glycerophospholipid metabolism","Phosphatidylethanolamine N-Methyltransferase",1
MAR01606,"Glycerophospholipid metabolism","Phosphatidylethanolamine N-Methyltransferase",1
MAR01607,"Transport reactions","Phosphatidylglycerol Transport",0
MAR01612,"Glycerophospholipid metabolism","Phosphatidylglycerol Phosphate Phosphatase (Homo Sapiens)",1
MAR01616,"Phenylalanine metabolism","Phenylalanine Transaminase, Mitochondrial",1
MAR01617,"Transport reactions","Fatty Acid Transport via Diffusion",0
MAR01618,"Inositol phosphate metabolism","Phosphatidylinositol 4-Phosphate 3-Kinase, Endoplasmic Reticulum",1
MAR01621,"Transport reactions","Phosphate Transport, Endoplasmic Reticulum",1
MAR01626,"Transport reactions","Phosphate Transporter, Peroxisome",0
MAR01628,"Cholesterol metabolism","Phosphomevalonate Kinase",1
MAR01633,"Transport reactions","Fatty Acid Intracellular Transport",0
MAR01634,"CoA synthesis","Pantothenate Kinase, Mitochondrial",1
MAR01636,"Transport reactions","Pantothenate Sodium Symporter Ii",1
MAR01640,"Transport reactions","Propionate Transport, Diffusion",0
MAR01641,"Transport reactions","Propionate Transport, Diffusion",0
MAR01643,"Heme synthesis","Protoporphyrinogen Oxidase, Mitochondrial",1
MAR01645,"Transport reactions","Transport of Pristanal, Peroxisomal",0
MAR01647,"Transport reactions","Transport of Pristanoyl Coenzyme A, Peroxisomal",0
MAR01648,"Transport reactions","Transport of Pristanic Acid, Peroxisomal",0
MAR01649,"Arginine and proline metabolism","L-Proline, 2-Oxoglutarate:Oxygen Oxidoreductase (4-Hydroxylating), Endoplasmatic Reticulum",1
MAR01650,"Transport reactions","Transport of L-Proline   via Proton Symport, Reversible, Lysosomal",1
MAR01654,"Transport reactions","Transport of L-Proline, Mitochondrial",0
MAR01655,"Beta-alanine metabolism","Propenoyl Coenzyme A Hydrolase, Peroxisomal",1
MAR01657,"Transport reactions","Phosphatidylserine Scramblase",0
MAR01658,"Glycerophospholipid metabolism","Phosphatidylserine Decarboxylase",1
MAR01661,"Transport reactions","Phosphatidylserine Flippase",1
MAR01664,"Transport reactions","Phosphatidylserine Flippase",1
MAR01669,"Transport reactions","Transport of Phosphatidylserine",0
MAR01671,"Fatty acid oxidation","Pentadecanoate Transport into the Mitochondria",1
MAR01674,"Fatty acid oxidation","Peroxisomal Acyl Coenzyme A Thioesterase",1
MAR01675,"Fatty acid oxidation","Peroxisomal Acyl Coenzyme A Thioesterase",1
MAR01677,"Fatty acid oxidation","Peroxisomal Acyl Coenzyme A Thioesterase",1
MAR01680,"Transport reactions","Pyridoxamine 5'-Phosphate Transport via Diffusion, Mitochondrial",0
MAR01683,"Transport reactions","Pyridoxal 5'-Phosphate Transport via Diffusion, Mitochondrial",0
MAR01686,"Transport reactions","Retinoate Transport, Nuclear",0
MAR01688,"Transport reactions","13-Cis-Retinoic Acid Transport, Nuclear",0
MAR01690,"Vitamin A metabolism","Retinol Dehydrogenase (9-Cis, NADPH)",1
MAR01698,"Transport reactions","Fatty Acid Retinol Efflux",0
MAR01705,"Transport reactions","Fatty Acid Retinol Efflux (9-Cis)",0
MAR01707,"Transport reactions","Ribose Transport in via Proton Symporter",0
MAR01709,"Transport reactions","Sterol Carrier Protein 2",1
MAR01711,"Bile acid biosynthesis","Peroxisomal Thiolase 2",1
MAR01712,"Transport reactions","Ser/Thr Transport (from Golgi to Lysosome)",0
MAR01713,"N-glycan metabolism","Sialidase",1
MAR01714,"Cholesterol metabolism","Squalene Epoxidase, Endoplasmic Reticular (NADP)",1
MAR01715,"Cholesterol metabolism","Squalene Synthase",1
MAR01719,"Transport reactions","Fatty Acid Intracellular Transport",0
MAR01721,"Fatty acid oxidation","Transport into the Mitochondria (Carnitine)",1
MAR01724,"Ubiquinone synthesis","4-Hydroxycinnamate Formation",0
MAR01728,"Transport reactions","Triacylglycerol Transport",0
MAR01731,"Transport reactions","Bile Acid Intracellular Transport",0
MAR01732,"Transport reactions","Bile Acid Intracellular Transport",0
MAR01733,"Transport reactions","Bile Acid Intracellular Transport",0
MAR01734,"Transport reactions","Bile Acid Intracellular Transport",0
MAR01736,"Fatty acid oxidation","Carnitine Transferase",1
MAR01755,"Fatty acid oxidation","Transport into the Mitochondria (Carnitine)",1
MAR01757,"Fatty acid oxidation","Carnitine Transferase",1
MAR01763,"Fatty acid oxidation","Transport into the Mitochondria (Carnitine)",1
MAR01773,"Fatty acid oxidation","Carnitine Transferase",1
MAR01775,"Fatty acid oxidation","Transport into the Mitochondria (Carnitine)",1
MAR01779,"Transport reactions","Lipid, Flip-Flop Intracellular Transport",0
MAR01780,"Transport reactions","Tetrahydrofolate Transport via Anion Antiport",1
MAR01782,"Transport reactions","Thiamine Monophosphate Transport in via Anion Antiport",1
MAR01788,"Transport reactions","Thiamine Monophosphate Transport, Mitochondrial",0
MAR01789,"Transport reactions","Thiamine Diphosphate Transport in via Anion Antiport, Mitochondria",0
MAR01791,"Transport reactions","Thiamine Transport in via Proton Symport, Mitochondrial",0
MAR01793,"Transport reactions","Thiamine Triphosphate Transport in via Anion Antiport",1
MAR01795,"Transport reactions","Fatty Acid Intracellular Transport",0
MAR01799,"Fatty acid oxidation","Transport into the Mitochondria (Carnitine)",1
MAR01812,"Starch and sucrose metabolism","Alpha, Alpha-Trehalase",1
MAR01814,"Fatty acid oxidation","Transport into the Mitochondria (Carnitine)",1
MAR01816,"Tyrosine metabolism","Tyrosinase",1
MAR01818,"N-glycan metabolism","UDPglucose:Dolichyl-Phosphate Beta-D-Glucosyltransferase (Liver)",1
MAR01820,"Steroid metabolism","UDP-Glucuronosyltransferase 1-10 Precursor, Microsomal",1
MAR01821,"Transport reactions","Valine Reversible Mitochondrial Transport",0
MAR01822,"Transport reactions","Vitamin D3 Transport from Mitochondria",0
MAR01823,"Transport reactions","Vitamin D3 Transport in Mitochondria",0
MAR01824,"Transport reactions","27 Hydroxy Cholesterol Transport",0
MAR01825,"Transport reactions","Lipid, Flip-Flop Intracellular Transport",0
MAR01826,"Transport reactions","Lipid, Flip-Flop Intracellular Transport",0
MAR01827,"Transport reactions","Cholesterol Ester Transporter",0
MAR01828,"Transport reactions","Cholesterol Ester Transporter",0
MAR01829,"Transport reactions","24 Trihydroxy Cholesterol Transport",0
MAR01849,"Transport reactions","24 Trihydroxy Cholesterol Transport",0
MAR01851,"Transport reactions","25 Trihydroxy Cholesterol Transport",0
MAR01856,"Transport reactions","25 Trihydroxy Cholesterol Transport",0
MAR01858,"Transport reactions","27 Trihydroxy Cholesterol Transport",0
MAR01860,"Transport reactions","27 Trihydroxy Cholesterol Transport",0
MAR01869,"Exchange/demand reactions","Exchange of 4-Ammoniobutanal",0
MAR01871,"Exchange/demand reactions","Exchange of 7, 8-Dihydroneopterin 3-Triphosphate",0
MAR01873,"Exchange/demand reactions","Exchange of CTP",0
MAR01912,"Exchange/demand reactions","Exchange of dGMP",0
MAR01918,"Exchange/demand reactions","Exchange of dGTP",0
MAR01921,"Exchange/demand reactions","Exchange of Glycerone",0
MAR01922,"Exchange/demand reactions","Exchange of Glycerone Phosphate",0
MAR01923,"Exchange/demand reactions","Exchange of dTMP",0
MAR01938,"Exchange/demand reactions","Exchange of dTTP",0
MAR01939,"Exchange/demand reactions","Exchange of Flavin Adenine Dinucleotide Oxidized",0
MAR01946,"Exchange/demand reactions","Exchange of Formaldehyde",0
MAR01947,"Exchange/demand reactions","Exchange of Alpha-D-Glucose 1-Phosphate",0
MAR01954,"Exchange/demand reactions","Exchange of Isomaltose",0
MAR01955,"Exchange/demand reactions","Exchange of 3-Keto-Beta-D-Galactose",0
MAR01956,"Exchange/demand reactions","Exchange of Lactose-6P",0
MAR01957,"Exchange/demand reactions","Exchange of 3-Ketolactose",0
MAR01961,"Exchange/demand reactions","Exchange of Gamma-Glutamyl-Beta-Cyanoalanine",0
MAR01964,"Exchange/demand reactions","Exchange of Uroporphyrinogeni",0
MAR01965,"Exchange/demand reactions","Exchange of Coproporphyrinogeni",0
MAR01966,"Exchange/demand reactions","Exchange of Gamma-Glutamyl-3-Aminopropiononitrile",0
MAR01972,"Exchange/demand reactions","Exchange of Gm2-Pool",0
MAR01975,"Exchange/demand reactions","Exchange of Gm1-Pool",0
MAR01984,"Exchange/demand reactions","Exchange of 5-O-Phosphonato-Alpha-D-Ribofuranosyl Diphosphate",0
MAR01986,"Exchange/demand reactions","Exchange of [ (2R, 3S, 4R, 5R)-5- (2, 4-Dioxo-1, 2, 3, 4-Tetrahydropyrimidin-1-Yl)-3, 4-Dihydroxyoxolan-2-Yl]Methyl {[ (3R, 4S, 5S, 6R)-3, 4, 5-Trihydroxy-6- (Hydroxymethyl)Oxan-2-Yl Phosphonato]Oxy}Phosphonate",0
MAR02006,"Urea cycle","Carbon-Dioxide:Ammonia Ligase (ADP-Forming, Carbamate-Phosphorylating)",1
MAR02021,"Starch and sucrose metabolism","UDPglucose Pyrophosphohydrolase",1
MAR02023,"Arginine and proline metabolism","L-Arginine, NADPH:Oxygen Oxidoreductase (Nitric-Oxide-Forming)",1
MAR02026,"Cholesterol metabolism","Farnesyl-Diphosphate:Farnesyl-Diphosphate Farnesyltransferase",1
MAR02027,"Cysteine and methionine metabolism","L-Cysteine L-Homocysteine-Lyase (Deaminating)",1
MAR02028,"Fatty acid oxidation","Trans-Hexadec-2-Enoyl Coenzyme A Reductase",1
MAR02035,"Fatty acid oxidation","Palmitoyl Coenzyme A:Oxygen 2-Oxidoreductase",1
MAR02119,"Biopterin metabolism","L-Tryptophan, Tetrahydrobiopterin:Oxygen Oxidoreductase (5-Hydroxylating)",1
MAR02120,"Pyrimidine metabolism","2-Deoxyguanosine 5-Triphosphate Pyrophosphohydrolase",1
MAR02121,"Fatty acid oxidation","Palmitoyl Coenzyme A:L-Carnitine O-Palmitoyltransferase",1
MAR02122,"Fatty acid oxidation","Palmitoyl Coenzyme A:L-Carnitine O-Palmitoyltransferase",1
MAR02123,"Fatty acid oxidation","Palmitoyl Coenzyme A:L-Carnitine O-Palmitoyltransferase",1
MAR02124,"Pyrimidine metabolism","DTDP Diphosphohydrolase",1
MAR02125,"Pyrimidine metabolism","DTTP Nucleotidohydrolase",1
MAR02126,"Miscellaneous","Steroyl Coenzyme A, Hydrogen-Donor:Oxygen Oxidoreductase Polyunsaturated Fatty Acid Biosynthesis",1
MAR02128,"Miscellaneous","Steroyl Coenzyme A, Hydrogen-Donor:Oxygen Oxidoreductase Polyunsaturated Fatty Acid Biosynthesis",1
MAR02146,"Valine, leucine, and isoleucine metabolism","(S)-Methylmalonyl Coenzyme A Hydrolase",0
MAR02147,"Cholesterol metabolism","Presqualene Diphosphate:Farnesyl-Diphosphate Farnesyltransferase",1
MAR02148,"Fatty acid oxidation","Trans-Oct-2-Enoyl Coenzyme A Reductase",1
MAR02149,"Fatty acid oxidation","Trans-Dodec-2-Enoyl Coenzyme A Reductase",1
MAR02183,"Fatty acid oxidation","Trans-Tetradec-2-Enoyl Coenzyme A Reductase",1
MAR02184,"Bile acid biosynthesis","Cholest-5-Ene-3Beta, 7Alpha-Diol:NAD+ 3-Oxidoreductase Bile Acid Biosynthesis",1
MAR02185,"Fatty acid biosynthesis"," (3R)-3-Hydroxytetradecanoyl-[Acyl-Carrier-Protein]:NADP+ Oxidoreductase Fatty Acid Biosynthesis",1
MAR02186,"Miscellaneous","2-Amino-4-Hydroxy-6- (Erythro-1, 2, 3-Trihydroxypropyl) Dihydropteridine Triphosphate Phosphohydrolase (Alkaline Optimum)",1
MAR02187,"Fatty acid oxidation","Trans-Dec-2-Enoyl Coenzyme A Reductase",1
MAR02188,"Miscellaneous","3, 4-Dihydroxymandelaldehyde:NAD+ Oxidoreductase Tyrosine Metabolism",1
MAR02189,"Miscellaneous","3, 4-Dihydroxymandelaldehyde:NADP+ Oxidoreductase Tyrosine Metabolism",1
MAR02192,"Miscellaneous","3-Methoxy-4-Hydroxyphenylacetaldehyde:NAD+ Oxidoreductase Tyrosine Metabolism",1
MAR02195,"Miscellaneous","3-Methoxy-4-Hydroxyphenylacetaldehyde:NADP+ Oxidoreductase Tyrosine Metabolism",1
MAR02196,"Miscellaneous","3-Methoxy-4-Hydroxyphenylglycolaldehyde:NAD+ Oxidoreductase Tyrosine Metabolism",1
MAR02197,"Miscellaneous","3-Methoxy-4-Hydroxyphenylglycolaldehyde:NADP+ Oxidoreductase Tyrosine Metabolism",1
MAR02198,"Miscellaneous","Uroporphyrinogen I Carboxy-Lyase",1
MAR02199,"Cholesterol metabolism","4, 4-Dimethyl-5A-Cholesta-8, 24-Dien-3B-Ol:NADP+ D14-Oxidoreductase",1
MAR02200,"Cholesterol metabolism","Lanosterol, NADPH:Oxygen Oxidoreductase (14-Methyl Cleaving)",1
MAR02206,"Cholesterol metabolism","Lanosterol D24-Reductase",1
MAR02207,"Fatty acid oxidation","Trans-Hex-2-Enoyl Coenzyme A Reductase",1
MAR02216,"Transport reactions","Mitochondrial Carrier (Mc) Tcdb:2.A.29.7.2",1
MAR02220,"Transport reactions","Mitochondrial Carrier (Mc) Tcdb:2.A.29.7.2",1
MAR02221,"Transport reactions","ATP-Binding Cassette (ABC) Tcdb:3.A.1.204.5",1
MAR02222,"Transport reactions","Free Diffusion",0
MAR02223,"Transport reactions","Transport Reaction",0
MAR02224,"Transport reactions","Transport Reaction",0
MAR02225,"Transport reactions","Free Diffusion",0
MAR02226,"Transport reactions","Amino Acid-Polyamine-Organocation (Apc) Tcdb:2.A.3.8.15",1
MAR02271,"Transport reactions","Mitochondrial Carrier (Mc) Tcdb:2.A.29.19.1",1
MAR02272,"Transport reactions","Solute Carrier Family 27 (Fatty Acid Transporter), Member 5 Tcdb:4.C.1.1.5 Tcdb:4.C.1.1.8",1
MAR02273,"Transport reactions","Vesicular Transport",0
MAR02274,"Transport reactions","Postulated Transport Reaction",0
MAR02275,"Transport reactions","Postulated Transport Reaction",0
MAR02276,"Transport reactions","ATP-Binding Cassette (ABC) Tcdb:3.A.1.208.2",1
MAR02277,"Transport reactions","Facilitated Diffusion",0
MAR02278,"Transport reactions","Facilitated Diffusion",0
MAR02279,"Transport reactions","Facilitated Diffusion",0
MAR02280,"Transport reactions","Facilitated Diffusion",0
MAR02283,"Transport reactions","Postulated Transport Reaction",0
MAR02285,"Transport reactions","Postulated Transport Reaction",0
MAR02290,"Transport reactions","Vesicular Transport",0
MAR02291,"Transport reactions","Postulated Transport Reaction",0
MAR02297,"Transport reactions","Active Transport",0
MAR02298,"Transport reactions","Vesicular Transport",0
MAR02299,"Transport reactions","Vesicular Transport",0
MAR02300,"Cholesterol metabolism","Methylsterol Monooxygenase",0
MAR02301,"Cholesterol metabolism","Hydroxysteroid (17-Beta) Dehydrogenase 7",1
MAR02302,"Cholesterol metabolism","Biosynthesis of Steroids Enzyme Catalyzed",0
MAR02303,"Transport reactions","Mitochondrial Carrier (Mc) Tcdb:2.A.29.7.2",1
MAR02304,"Transport reactions","Active Transport",0
MAR02306,"Miscellaneous","Sterol O-Acyltransferase",1
MAR02308,"Miscellaneous","Glycerol-3-Phosphate 1-O-Acyltransferase",1
MAR02310,"Fatty acid oxidation","Long-Chain-Fatty-Acid---Coa Ligase",1
MAR02312,"Fatty acid oxidation","Long-Chain-Fatty-Acid---Coa Ligase",1
MAR02313,"Fatty acid oxidation","Long-Chain-Fatty-Acid---Coa Ligase",1
MAR02314,"Fatty acid oxidation","Long-Chain-Fatty-Acid---Coa Ligase",1
MAR02316,"Transport reactions","Vesicular Transport",0
MAR02318,"Transport reactions","Vesicular Transport",0
MAR02320,"Transport reactions","Vesicular Transport",0
MAR02322,"Fatty acid biosynthesis","3-Oxoacyl-Acp Synthase, Mitochondrial Polyunsaturated Fatty Acid Biosynthesis",1
MAR02323,"Fatty acid biosynthesis","Fatty Acid Synthase Polyunsaturated Fatty Acid Biosynthesis",1
MAR02325,"Fatty acid biosynthesis","Fatty Acid Synthase Polyunsaturated Fatty Acid Biosynthesis",1
MAR02327,"Fatty acid biosynthesis","Fatty Acid Synthase Polyunsaturated Fatty Acid Biosynthesis",1
MAR02329,"Fatty acid biosynthesis","Oleoyl-Acp Hydrolase",1
MAR02331,"Transport reactions","Transport Reaction",0
MAR02333,"Transport reactions","Vesicular Transport",0
MAR02335,"Transport reactions","Vesicular Transport",0
MAR02337,"Cholesterol metabolism","Delta24-Sterol Reductase",1
MAR02339,"Cholesterol metabolism","5Alpha-Cholest-7-En-3Beta-Ol Delta7-Delta8-Isomerase",1
MAR02340,"Fatty acid oxidation","Active Transport",0
MAR02341,"Miscellaneous","D-Galactosyl-N-Acetyl-D-Galactosaminyl- (N-Acetylneuraminyl)-D- Galactosyl-D-Glucosylceramide Galactohydrolase",1
MAR02346,"Transport reactions","Free Diffusion",0
MAR02351,"Transport reactions","Facilitated Diffusion",0
MAR02352,"Miscellaneous","2-Deoxyuridine 5-Diphosphate:Oxidized-Thioredoxin 2-Oxidoreductase",1
MAR02357,"Miscellaneous","2-Deoxyuridine 5-Diphosphate:Oxidized-Thioredoxin 2-Oxidoreductase",1
MAR02358,"Miscellaneous","NADPH:Oxidized-Thioredoxin Oxidoreductase",1
MAR02360,"Transport reactions","Active Transport",0
MAR02366,"Miscellaneous","Acyl-CoA Oxidase",1
MAR02367,"Fatty acid oxidation","Acyl-CoA Oxidase",1
MAR02369,"Fatty acid oxidation","Acyl-CoA Oxidase",1
MAR02370,"Fatty acid oxidation","Acyl-CoA Oxidase",1
MAR02372,"Fatty acid oxidation","Acyl-CoA Oxidase",1
MAR02373,"Fatty acid oxidation","Acyl-CoA Oxidase",1
MAR02375,"Miscellaneous","Long-Chain-Acyl Coenzyme A Dehydrogenase",0
MAR02377,"Transport reactions","Postulated Transport Reaction",0
MAR02379,"Transport reactions","Postulated Transport Reaction",0
MAR02381,"Fatty acid oxidation","Long-Chain-Acyl Coenzyme A Dehydrogenase",1
MAR02382,"Transport reactions","Utilized Transport",0
MAR02384,"Transport reactions","Glycoside-Pentoside-Hexuronide (Gph):Cation Symporter Tcdb:2.A.28.1.1",1
MAR02385,"Transport reactions","ATP-Binding Cassette (ABC) Tcdb:3.A.1.211.1",1
MAR02386,"Transport reactions","ATP-Binding Cassette (ABC) Tcdb:3.A.1.211.1",1
MAR02388,"Transport reactions","Neurotransmitter:Sodium Symporter (Nss) Tcdb:2.A.22.3.3",1
MAR02390,"Transport reactions","Resistance-Nodulation-Cell Division (Rnd) Tcdb:2.A.60.1.14",1
MAR02392,"Transport reactions","Resistance-Nodulation-Cell Division (Rnd) Tcdb:2.A.60.1.14",1
MAR02394,"Transport reactions","Resistance-Nodulation-Cell Division (Rnd) Tcdb:2.A.60.1.14",1
MAR02396,"Transport reactions","Resistance-Nodulation-Cell Division (Rnd) Tcdb:2.A.60.1.5",1
MAR02398,"Transport reactions","Resistance-Nodulation-Cell Division (Rnd) Tcdb:2.A.60.1.5",1
MAR02400,"Transport reactions","Resistance-Nodulation-Cell Division (Rnd) Tcdb:2.A.60.1.5",1
MAR02402,"Transport reactions","Resistance-Nodulation-Cell Division (Rnd) Tcdb:2.A.60.1.2",1
MAR02405,"Transport reactions","Mitochondrial Carrier (Mc) Tcdb:2.A.29.7.2",1
MAR02406,"Transport reactions","Mitochondrial Carrier (Mc) Tcdb:2.A.29.7.2",1
MAR02413,"Transport reactions","Mitochondrial Carrier (Mc) Tcdb:2.A.29.7.2",1
MAR02414,"Transport reactions","Mitochondrial Carrier (Mc) Tcdb:2.A.29.7.2",1
MAR02416,"Transport reactions","Mitochondrial Carrier (Mc) Tcdb:2.A.29.7.2",1
MAR02418,"Transport reactions","Mitochondrial Carrier (Mc) Tcdb:2.A.29.7.2",1
MAR02420,"Transport reactions","Mitochondrial Carrier (Mc) Tcdb:2.A.29.7.2",1
MAR02422,"Transport reactions","Mitochondrial Carrier (Mc) Tcdb:2.A.29.7.2",1
MAR02424,"Transport reactions","ATP-Binding Cassette (ABC) Tcdb:3.A.1.203.3",1
MAR02425,"Transport reactions","ATP-Binding Cassette (ABC) Tcdb:3.A.1.203.3",1
MAR02427,"Transport reactions","Utilized Transport",0
MAR02429,"Transport reactions","Utilized Transport",0
MAR02431,"Transport reactions","Utilized Transport",0
MAR02432,"Transport reactions","Utilized Transport",0
MAR02471,"Transport reactions","Utilized Transport",0
MAR02473,"Transport reactions","Utilized Transport",0
MAR02474,"Transport reactions","Utilized Transport",0
MAR02476,"Transport reactions","Utilized Transport",0
MAR02477,"Transport reactions","Utilized Transport",0
MAR02479,"Transport reactions","Utilized Transport",0
MAR02481,"Transport reactions","Utilized Transport",0
MAR02483,"Glycerophospholipid metabolism","Phosphatidylethanolamine N-Methyltransferase",1
MAR02485,"Glycerophospholipid metabolism","Phosphatidylethanolamine N-Methyltransferase",1
MAR02487,"Fatty acid biosynthesis","Palmitoyl Coenzyme A Hydrolase",1
MAR02488,"Fatty acid biosynthesis","Palmitoyl Coenzyme A Hydrolase",1
MAR02490,"Pyrimidine metabolism","Ribonucleoside-Diphosphate Reductase",0
MAR02492,"Fatty acid oxidation","3-Hydroxyacyl Coenzyme A Dehydrogenase",0
MAR02494,"Fatty acid biosynthesis","",1
MAR02496,"Fatty acid biosynthesis","",1
MAR02498,"Fatty acid biosynthesis","",1
MAR02500,"Fatty acid biosynthesis","Palmitoyl Coenzyme A Hydrolase",1
MAR02502,"Fatty acid biosynthesis","Palmitoyl Coenzyme A Hydrolase",1
MAR02504,"Fatty acid biosynthesis","Palmitoyl Coenzyme A Hydrolase",1
MAR02506,"Fatty acid biosynthesis","Palmitoyl Coenzyme A Hydrolase",1
MAR02507,"Fatty acid biosynthesis","Palmitoyl Coenzyme A Hydrolase",1
MAR02508,"Fatty acid biosynthesis","Palmitoyl Coenzyme A Hydrolase",1
MAR02517,"Fatty acid biosynthesis","",1
MAR02519,"Fatty acid biosynthesis","",1
MAR02521,"Fatty acid biosynthesis","",1
MAR02523,"Fatty acid biosynthesis","",1
MAR02525,"Fatty acid biosynthesis","",1
MAR02527,"Urea cycle","",0
MAR02531,"Miscellaneous","Dihydrolipoyl Dehydrogenase",1
MAR02532,"Miscellaneous","Dihydrolipoyl Dehydrogenase",1
MAR02536,"Tyrosine metabolism","Steryl-Sulfatase",1
MAR02538,"Tyrosine metabolism","Steryl-Sulfatase",1
MAR02539,"Tyrosine metabolism","Steryl-Sulfatase",1
MAR02589,"Tyrosine metabolism","Steryl-Sulfatase",1
MAR02595,"Tyrosine metabolism","Steryl-Sulfatase",1
MAR02597,"Tyrosine metabolism","Steryl-Sulfatase",1
MAR02615,"Tyrosine metabolism","Glucuronosyltransferase",1
MAR02617,"Tyrosine metabolism","Glucuronosyltransferase",1
MAR02619,"Tyrosine metabolism","Glucuronosyltransferase",1
MAR02627,"Tyrosine metabolism","Glucuronosyltransferase",1
MAR02628,"Tyrosine metabolism","Glucuronosyltransferase",1
MAR02631,"Tyrosine metabolism","Glucuronosyltransferase",1
MAR02632,"Tyrosine metabolism","Glucuronosyltransferase",1
MAR02637,"Tyrosine metabolism","Glucuronosyltransferase",1
MAR02639,"Miscellaneous","",1
MAR02641,"Miscellaneous","",1
MAR02643,"Miscellaneous","",1
MAR02645,"Miscellaneous","Peroxidase",1
MAR02694,"Miscellaneous","Peroxidase",1
MAR02698,"Miscellaneous","Neurolysin",1
MAR02721,"Miscellaneous","Thimet Oligopeptidase",0
MAR02723,"Steroid metabolism","",1
MAR02725,"Steroid metabolism","Steryl-Sulfatase",1
MAR02728,"Steroid metabolism","Steryl-Sulfatase",1
MAR02743,"Steroid metabolism","Steryl-Sulfatase",1
MAR02747,"Steroid metabolism","Steryl-Sulfatase",1
MAR02749,"Steroid metabolism","Steryl-Sulfatase",1
MAR02751,"Steroid metabolism","",1
MAR02756,"Steroid metabolism","Steryl-Sulfatase",1
MAR02763,"Steroid metabolism","Steryl-Sulfatase",1
MAR02765,"Tryptophan metabolism","Kynurenine-Oxoglutarate Transaminase",1
MAR02767,"Vitamin D metabolism","",1
MAR02779,"Fructose and mannose metabolism","Aldehyde Reductase",0
MAR02781,"Phosphatidylinositol phosphate metabolism","Phosphatidylinositol-3,4-Bisphosphate 4-Phosphatase",1
MAR02782,"Phosphatidylinositol phosphate metabolism","Phosphatidylinositol-3,4-Bisphosphate 4-Phosphatase",0
MAR02784,"Phosphatidylinositol phosphate metabolism","Phosphatidylinositol-3,4,5-Trisphosphate 3-Phosphatase",0
MAR02786,"Fatty acid oxidation","Long-Chain-Fatty-Acid- Coenzyme A Ligase",1
MAR02802,"Fatty acid oxidation","Long-Chain-Fatty-Acid- Coenzyme A Ligase",1
MAR02804,"Fatty acid oxidation","",1
MAR02808,"Fatty acid oxidation","",1
MAR02810,"Fatty acid oxidation","",1
MAR02818,"Fatty acid oxidation","",1
MAR02820,"Fatty acid oxidation","3-Hydroxyacyl Coenzyme A Dehydrogenase",0
MAR02826,"Fatty acid oxidation","3-Hydroxyacyl Coenzyme A Dehydrogenase",0
MAR02828,"Fatty acid oxidation","3-Hydroxyacyl Coenzyme A Dehydrogenase",0
MAR02858,"Tryptophan metabolism","Alcohol Dehydrogenase",1
MAR02860,"Bile acid biosynthesis","Steroid Delta-Isomerase",0
MAR02881,"Bile acid biosynthesis","Steroid Delta-Isomerase",1
MAR02883,"Bile acid biosynthesis","",0
MAR02885,"Bile acid biosynthesis","",1
MAR02887,"Bile acid biosynthesis","Quinine 3-Monooxygenase",0
MAR02889,"Bile acid biosynthesis","",0
MAR02891,"Bile acid biosynthesis","",1
MAR02893,"Bile acid biosynthesis","Quinine 3-Monooxygenase",0
MAR02895,"Bile acid biosynthesis","3Alpha-Hydroxysteroid 3-Dehydrogenase (Si-Specific)",0
MAR02933,"Bile acid biosynthesis","Quinine 3-Monooxygenase",0
MAR02934,"Bile acid biosynthesis","Quinine 3-Monooxygenase",0
MAR02935,"Bile acid biosynthesis","",0
MAR02936,"Bile acid biosynthesis","",0
MAR02937,"Bile acid biosynthesis","",0
MAR02938,"Bile acid biosynthesis","",0
MAR02939,"Bile acid biosynthesis","",0
MAR02940,"Bile acid biosynthesis","Palmitoyl Coenzyme A Hydrolase",1
MAR02941,"Bile acid biosynthesis","Propionyl Coenzyme A C2-Trimethyltridecanoyltransferase",0
MAR02950,"Bile acid biosynthesis","Propionyl Coenzyme A C2-Trimethyltridecanoyltransferase",1
MAR02953,"Bile acid biosynthesis","Propionyl Coenzyme A C2-Trimethyltridecanoyltransferase",1
MAR02958,"Miscellaneous","2',3'-Cyclic-Nucleotide 3'-Phosphodiesterase",1
MAR02960,"Vitamin A metabolism","",0
MAR02993,"Vitamin A metabolism","",0
MAR02995,"Tyrosine metabolism","Glutathione Transferase",1
MAR02997,"Phosphatidylinositol phosphate metabolism","1-Phosphatidylinositol-4-Phosphate 5-Kinase",1
MAR03004,"Phosphatidylinositol phosphate metabolism","1-Phosphatidylinositol-4-Phosphate 5-Kinase",1
MAR03005,"Arachidonic acid metabolism","Arachidonate 5-Lipoxygenase",1
MAR03006,"Eicosanoid metabolism","Prostaglandin-Endoperoxide Synthase",1
MAR03010,"Eicosanoid metabolism","Phosphatidate Phosphatase",1
MAR03012,"Eicosanoid metabolism","Phosphatidate Phosphatase",1
MAR03016,"Eicosanoid metabolism","",0
MAR03031,"Vitamin A metabolism","Glucuronosyltransferase",1
MAR03036,"Vitamin A metabolism","",0
MAR03038,"Miscellaneous","Steroid 21-Monooxygenase",1
MAR03039,"Miscellaneous","",0
MAR03040,"Miscellaneous","",1
MAR03041,"Vitamin A metabolism","",0
MAR03042,"Miscellaneous","Chymase",1
MAR03043,"Miscellaneous","Carboxypeptidase A",1
MAR03044,"Miscellaneous","Tripeptidyl-Peptidase I",1
MAR03045,"Miscellaneous","Carboxypeptidase A",1
MAR03046,"Tyrosine metabolism","Glutathione Transferase",1
MAR03047,"Vitamin E metabolism","",0
MAR03048,"Tryptophan metabolism","Kynurenine-Oxoglutarate Transaminase",1
MAR03049,"Vitamin E metabolism","",0
MAR03050,"Vitamin E metabolism","",0
MAR03051,"Miscellaneous","Glucuronosyltransferase",1
MAR03052,"Miscellaneous","Glucuronosyltransferase",1
MAR03061,"Cholesterol metabolism","7-Dehydrocholesterol Reductase",1
MAR03119,"Tryptophan metabolism","",0
MAR03120,"Tryptophan metabolism","",0
MAR03124,"Tryptophan metabolism","Glutathione Transferase",1
MAR03126,"Miscellaneous","",0
MAR03127,"Miscellaneous","Peptidyl-Dipeptidase A",1
MAR03131,"Vitamin A metabolism","",0
MAR03133,"Miscellaneous","Quinine 3-Monooxygenase",0
MAR03134,"Miscellaneous","Quinine 3-Monooxygenase",1
MAR03138,"Vitamin B12 metabolism","Methionine Synthase",0
MAR03141,"Miscellaneous","Peroxidase",1
MAR03148,"Miscellaneous","Peroxidase",1
MAR03154,"Tyrosine metabolism","Glutathione Transferase",1
MAR03155,"Tyrosine metabolism","Glutathione Transferase",1
MAR03159,"Tyrosine metabolism","Glutathione Transferase",1
MAR03161,"Tyrosine metabolism","Glutathione Transferase",1
MAR03162,"Miscellaneous","Beta-Glucuronidase",1
MAR03165,"Miscellaneous","Beta-Glucuronidase",1
MAR03167,"Purine metabolism","",0
MAR03168,"Tryptophan metabolism","",0
MAR03169,"Miscellaneous","Glucuronosyltransferase",1
MAR03207,"Miscellaneous","Glucuronosyltransferase",1
MAR03209,"Bile acid biosynthesis","",1
MAR03210,"Bile acid biosynthesis","",0
MAR03214,"Bile acid biosynthesis","",1
MAR03216,"Bile acid biosynthesis","",0
MAR03217,"Bile acid biosynthesis","",0
MAR03238,"Sphingolipid metabolism","",0
MAR03248,"Glycosphingolipid metabolism","N-Acylsphingosine Galactosyltransferase",0
MAR03249,"Glycosphingolipid metabolism","N-Acylsphingosine Galactosyltransferase",0
MAR03251,"Glycosphingolipid metabolism","Galactosylceramide Sulfotransferase",1
MAR03253,"Glycosphingolipid metabolism","Galactosylceramide Sulfotransferase",1
MAR03255,"Tryptophan metabolism","",0
MAR03257,"Steroid metabolism","",1
MAR03259,"Bile acid biosynthesis","",0
MAR03261,"Miscellaneous","",0
MAR03265,"Vitamin C metabolism","",0
MAR03266,"Fatty acid oxidation","3-Hydroxyacyl Coenzyme A Dehydrogenase",0
MAR03267,"Fatty acid oxidation","3-Hydroxyacyl Coenzyme A Dehydrogenase",0
MAR03268,"Fatty acid oxidation","3-Hydroxyacyl Coenzyme A Dehydrogenase",0
MAR03269,"Fatty acid oxidation","3-Hydroxyacyl Coenzyme A Dehydrogenase",1
MAR03270,"Fatty acid oxidation","3-Hydroxyacyl Coenzyme A Dehydrogenase",1
MAR03271,"Glycerophospholipid metabolism","Alcohol Dehydrogenase (NADP+)",1
MAR03273,"Fatty acid oxidation","Long-Chain-Fatty-Acid- Coenzyme A Ligase",1
MAR03274,"Fatty acid oxidation","Long-Chain-Fatty-Acid- Coenzyme A Ligase",1
MAR03276,"Fatty acid oxidation","",1
MAR03289,"Fatty acid oxidation","",1
MAR03291,"Fatty acid oxidation","",1
MAR03295,"Fatty acid oxidation","",1
MAR03297,"Fatty acid oxidation","Enoyl Coenzyme A Hydratase",1
MAR03299,"Fatty acid oxidation","Enoyl Coenzyme A Hydratase",1
MAR03300,"Phosphatidylinositol phosphate metabolism","1-Phosphatidylinositol 4-Kinase",1
MAR03303,"Phosphatidylinositol phosphate metabolism","1-Phosphatidylinositol 4-Kinase",1
MAR03308,"Phosphatidylinositol phosphate metabolism","Phosphatidylinositol 3-Kinase",1
MAR03313,"Phosphatidylinositol phosphate metabolism","Phosphatidylinositol 3-Kinase",1
MAR03318,"Phosphatidylinositol phosphate metabolism","1-Phosphatidylinositol-4-Phosphate 5-Kinase",1
MAR03324,"Phosphatidylinositol phosphate metabolism","1-Phosphatidylinositol-4-Phosphate 5-Kinase",0
MAR03325,"Phosphatidylinositol phosphate metabolism","1-Phosphatidylinositol-4-Phosphate 5-Kinase",1
MAR03354,"Glycerophospholipid metabolism","Alcohol Dehydrogenase (NADP+)",1
MAR03366,"Fatty acid oxidation","Acyl Coenzyme A Oxidase",1
MAR03371,"Fatty acid oxidation","Acyl Coenzyme A Oxidase",1
MAR03374,"Fatty acid oxidation","Dodecenoyl Coenzyme A Isomerase",1
MAR03377,"Fatty acid oxidation","2,4-Dienoyl Coenzyme A Reductase (NADPH)",1
MAR03378,"Fatty acid oxidation","Dodecenoyl Coenzyme A Isomerase",1
MAR03379,"Fatty acid oxidation","Enoyl Coenzyme A Hydratase",1
MAR03380,"Fatty acid oxidation","3-Hydroxyacyl Coenzyme A Dehydrogenase",1
MAR03381,"Fatty acid oxidation","Acetyl Coenzyme A C-Acyltransferase",1
MAR03382,"Glycerophospholipid metabolism","",0
MAR03383,"Glycerophospholipid metabolism","Alkylacetylglycerophosphatase",0
MAR03384,"Fatty acid oxidation","Phytanoyl Coenzyme A Dioxygenase",1
MAR03385,"Fatty acid oxidation","",1
MAR03386,"Fatty acid oxidation","Long-Chain-Aldehyde Dehydrogenase",0
MAR03387,"Fatty acid oxidation","Long-Chain-Fatty-Acid- Coenzyme A Ligase",1
MAR03388,"Fatty acid oxidation","Phytanate- Coenzyme A Ligase",0
MAR03389,"Fatty acid oxidation","Phytanate- Coenzyme A Ligase",1
MAR03390,"Fatty acid oxidation","",0
MAR03391,"Tyrosine metabolism","Peroxidase",1
MAR03392,"Tyrosine metabolism","Peroxidase",0
MAR03393,"Fatty acid oxidation","",1
MAR03394,"Fatty acid oxidation","",1
MAR03395,"Fatty acid oxidation","",1
MAR03399,"Fatty acid oxidation","",1
MAR03400,"Androgen metabolism","3Beta-Hydroxy-Delta5-Steroid Dehydrogenase",1
MAR03401,"Fatty acid oxidation","",1
MAR03402,"Fatty acid oxidation","",1
MAR03403,"Fatty acid oxidation","",1
MAR03404,"Fatty acid oxidation","",1
MAR03405,"Fatty acid oxidation","",1
MAR03410,"Fatty acid oxidation","",1
MAR03412,"Fatty acid oxidation","",1
MAR03415,"Fatty acid oxidation","",1
MAR03417,"Fatty acid oxidation","",1
MAR03418,"Fatty acid oxidation","",1
MAR03419,"Cholesterol metabolism","",0
MAR03420,"Cholesterol metabolism","Delta14-Sterol Reductase",1
MAR03434,"Cholesterol metabolism","Delta14-Sterol Reductase",1
MAR03435,"Vitamin D metabolism","",0
MAR03436,"Vitamin D metabolism","",1
MAR03437,"Fatty acid oxidation","",0
MAR03438,"Fatty acid oxidation","",1
MAR03439,"Fatty acid oxidation","",1
MAR03440,"Fatty acid oxidation","",1
MAR03441,"Fatty acid oxidation","",0
MAR03442,"Fatty acid oxidation","",1
MAR03443,"Fatty acid oxidation","",1
MAR03451,"Fatty acid oxidation","",1
MAR03465,"Fatty acid oxidation","",1
MAR03474,"Fatty acid oxidation","",1
MAR03479,"Fatty acid oxidation","",1
MAR03483,"Fatty acid oxidation","Acetyl Coenzyme A C-Acyltransferase",1
MAR03485,"Fatty acid oxidation","",1
MAR03487,"Fatty acid oxidation","",1
MAR03490,"Fatty acid oxidation","",1
MAR03492,"Fatty acid oxidation","",1
MAR03494,"Fatty acid oxidation","",1
MAR03495,"Fatty acid oxidation","",1
MAR03496,"Fatty acid oxidation","",1
MAR03497,"Fatty acid oxidation","",1
MAR03499,"Fatty acid oxidation","",1
MAR03500,"Fatty acid oxidation","",1
MAR03502,"Fatty acid oxidation","",1
MAR03504,"Fatty acid oxidation","",1
MAR03507,"Fatty acid oxidation","",1
MAR03516,"Fatty acid oxidation","",1
MAR03518,"Fatty acid oxidation","",1
MAR03535,"Fatty acid oxidation","",1
MAR03536,"Cholesterol metabolism","",0
MAR03598,"Cholesterol metabolism","",0
MAR03599,"Tyrosine metabolism","",0
MAR03600,"Androgen metabolism","Steryl-Sulfatase",1
MAR03601,"Androgen metabolism","Steryl-Sulfatase",1
MAR03602,"Androgen metabolism","Steryl-Sulfatase",1
MAR03603,"Androgen metabolism","Steryl-Sulfatase",1
MAR03604,"Fatty acid biosynthesis","",1
MAR03605,"Fatty acid biosynthesis","",1
MAR03606,"Fatty acid biosynthesis","",1
MAR03607,"Fatty acid biosynthesis","",1
MAR03608,"Fatty acid biosynthesis","",1
MAR03609,"Fatty acid biosynthesis","",1
MAR03610,"Fatty acid biosynthesis","",1
MAR03611,"Fatty acid biosynthesis","",1
MAR03612,"Fatty acid biosynthesis","",1
MAR03613,"Tyrosine metabolism","Tyrosinase",1
MAR03614,"Tyrosine metabolism","Tyrosinase",1
MAR03615,"Fatty acid biosynthesis","",1
MAR03616,"Fatty acid biosynthesis","",1
MAR03617,"Fatty acid biosynthesis","",1
MAR03618,"Fatty acid biosynthesis","",1
MAR03619,"Fatty acid biosynthesis","",1
MAR03620,"Fatty acid biosynthesis","",0
MAR03621,"Fatty acid biosynthesis","",1
MAR03623,"Fatty acid biosynthesis","",0
MAR03624,"Fatty acid biosynthesis","",1
MAR03745,"Fatty acid biosynthesis","",0
MAR03749,"Fatty acid biosynthesis","",1
MAR03754,"Fatty acid oxidation","Enoyl Coenzyme A Hydratase",1
MAR03756,"Fatty acid oxidation","Enoyl Coenzyme A Hydratase",1
MAR03758,"Fatty acid oxidation","3-Hydroxyacyl Coenzyme A Dehydrogenase",0
MAR03760,"Fatty acid oxidation","3-Hydroxyacyl Coenzyme A Dehydrogenase",1
MAR03764,"Fatty acid oxidation","3-Hydroxyacyl Coenzyme A Dehydrogenase",1
MAR03766,"Bile acid biosynthesis","",0
MAR03768,"Bile acid biosynthesis","",1
MAR03774,"Bile acid biosynthesis","",0
MAR03776,"Phosphatidylinositol phosphate metabolism","Phosphatidylinositol-3,4,5-Trisphosphate 3-Phosphatase",1
MAR03779,"Phosphatidylinositol phosphate metabolism","Phospholipase D",1
MAR03781,"Phosphatidylinositol phosphate metabolism","Phospholipase D",1
MAR03786,"Phosphatidylinositol phosphate metabolism","Phospholipase D",1
MAR03788,"Arachidonic acid metabolism","Unspecific Monooxygenase",1
MAR03791,"Glycerophospholipid metabolism","Phospholipase D",1
MAR03798,"Glycerophospholipid metabolism","Phospholipase D",1
MAR03801,"Eicosanoid metabolism","Long-Chain-Fatty-Acid- Coenzyme A Ligase",1
MAR03803,"Eicosanoid metabolism","Long-Chain-Fatty-Acid- Coenzyme A Ligase",1
MAR03805,"Eicosanoid metabolism","Long-Chain-Fatty-Acid- Coenzyme A Ligase",1
MAR03808,"Eicosanoid metabolism","3-Hydroxyacyl Coenzyme A Dehydrogenase",1
MAR03810,"Eicosanoid metabolism","Palmitoyl Coenzyme A Hydrolase",1
MAR03812,"Eicosanoid metabolism","3-Hydroxyacyl Coenzyme A Dehydrogenase",1
MAR03814,"Eicosanoid metabolism","Palmitoyl Coenzyme A Hydrolase",1
MAR03815,"Bile acid biosynthesis","Aldehyde Dehydrogenase (NAD+)",1
MAR03817,"Bile acid biosynthesis","Aldehyde Dehydrogenase (NAD+)",1
MAR03821,"Bile acid biosynthesis","Aldehyde Dehydrogenase (NAD+)",1
MAR03824,"Glycerophospholipid metabolism","",0
MAR03826,"Miscellaneous","Beta-Glucuronidase",1
MAR03828,"Miscellaneous","Beta-Glucuronidase",1
MAR03830,"Linoleate metabolism","",0
MAR03834,"Eicosanoid metabolism","",0
MAR03836,"Eicosanoid metabolism","",0
MAR03840,"Eicosanoid metabolism","Leukotriene-B4 20-Monooxygenase",0
MAR03842,"Eicosanoid metabolism","Leukotriene-B4 20-Monooxygenase",1
MAR03844,"Eicosanoid metabolism","Palmitoyl Coenzyme A Hydrolase",1
MAR03846,"Eicosanoid metabolism","Long-Chain-Fatty-Acid- Coenzyme A Ligase",1
MAR03872,"Eicosanoid metabolism","Long-Chain-Fatty-Acid- Coenzyme A Ligase",1
MAR03874,"Eicosanoid metabolism","Long-Chain-Fatty-Acid- Coenzyme A Ligase",1
MAR03876,"Eicosanoid metabolism","3-Hydroxyacyl Coenzyme A Dehydrogenase",1
MAR03878,"Eicosanoid metabolism","",0
MAR03880,"Eicosanoid metabolism","",0
MAR03882,"Eicosanoid metabolism","",0
MAR03884,"Eicosanoid metabolism","",0
MAR03886,"Arachidonic acid metabolism","Carbonyl Reductase (NADPH)",1
MAR03887,"Arachidonic acid metabolism","Carbonyl Reductase (NADPH)",1
MAR03888,"Arachidonic acid metabolism","Carbonyl Reductase (NADPH)",1
MAR03891,"Arachidonic acid metabolism","Leukotriene-B4 20-Monooxygenase",1
MAR03893,"Arachidonic acid metabolism","Arachidonate 5-Lipoxygenase",1
MAR03894,"Arachidonic acid metabolism","Carbonyl Reductase (NADPH)",1
MAR03896,"Arachidonic acid metabolism","Carbonyl Reductase (NADPH)",1
MAR03898,"Eicosanoid metabolism","",0
MAR03900,"Eicosanoid metabolism","Arachidonate 5-Lipoxygenase",1
MAR03902,"Glycerophospholipid metabolism","Phosphatidylethanolamine N-Methyltransferase",1
MAR03904,"Glycerophospholipid metabolism","Phosphatidylethanolamine N-Methyltransferase",1
MAR03906,"Arachidonic acid metabolism","Arachidonate 5-Lipoxygenase",1
MAR03909,"Arachidonic acid metabolism","Leukotriene-B4 20-Monooxygenase",0
MAR03913,"Arachidonic acid metabolism","Leukotriene-B4 20-Monooxygenase",1
MAR03914,"Miscellaneous","",0
MAR03918,"Arachidonic acid metabolism","Glutathione Peroxidase",1
MAR03924,"Arachidonic acid metabolism","Glutathione Peroxidase",1
MAR03926,"Arachidonic acid metabolism","Glutathione Transferase",1
MAR03927,"Arachidonic acid metabolism","Arachidonate 12-Lipoxygenase",0
MAR03930,"Arachidonic acid metabolism","Arachidonate 12-Lipoxygenase",0
MAR03932,"Arachidonic acid metabolism","Arachidonate 12-Lipoxygenase",1
MAR03934,"Arachidonic acid metabolism","Arachidonate 12-Lipoxygenase",0
MAR03936,"Arachidonic acid metabolism","Arachidonate 12-Lipoxygenase",0
MAR03938,"Eicosanoid metabolism","Glutathione Transferase",1
MAR03941,"Eicosanoid metabolism","Glutathione Transferase",1
MAR03942,"Eicosanoid metabolism","Glutathione Transferase",1
MAR03943,"Eicosanoid metabolism","Glutathione Transferase",1
MAR03945,"Eicosanoid metabolism","Glutathione Transferase",1
MAR03961,"Eicosanoid metabolism","Glutathione Transferase",1
MAR03962,"Eicosanoid metabolism","",0
MAR03963,"Eicosanoid metabolism","Glutathione Transferase",1
MAR03973,"Eicosanoid metabolism","Glutathione Transferase",1
MAR03976,"Eicosanoid metabolism","Glutathione Transferase",1
MAR03978,"Eicosanoid metabolism","Glutathione Transferase",1
MAR03981,"Eicosanoid metabolism","Palmitoyl Coenzyme A Hydrolase",1
MAR03983,"Eicosanoid metabolism","3-Hydroxyacyl Coenzyme A Dehydrogenase",1
MAR03985,"Eicosanoid metabolism","Prostaglandin-E Synthase",1
MAR03990,"Eicosanoid metabolism","Carbonyl Reductase (NADPH)",1
MAR03994,"Eicosanoid metabolism","Carbonyl Reductase (NADPH)",1
MAR03997,"Fatty acid oxidation","Acyl Coenzyme A Oxidase",1
MAR04001,"Fatty acid oxidation","Acyl Coenzyme A Oxidase",1
MAR04003,"Fatty acid oxidation","Acyl Coenzyme A Oxidase",1
MAR04005,"Fatty acid oxidation","3-Hydroxyacyl Coenzyme A Dehydrogenase",1
MAR04007,"Vitamin E metabolism","",0
MAR04009,"Metabolism of other amino acids","Flavin-Containing Monooxygenase",1
MAR04011,"Metabolism of other amino acids","Methionine Synthase",0
MAR04013,"Metabolism of other amino acids","Methionine Synthase",0
MAR04015,"Tyrosine metabolism","Methionine Synthase",0
MAR04017,"Xenobiotics metabolism","Unspecific Monooxygenase",0
MAR04019,"Xenobiotics metabolism","Unspecific Monooxygenase",1
MAR04021,"Xenobiotics metabolism","Microsomal Epoxide Hydrolase",1
MAR04023,"Xenobiotics metabolism","Microsomal Epoxide Hydrolase",1
MAR04025,"Xenobiotics metabolism","Microsomal Epoxide Hydrolase",1
MAR04027,"Xenobiotics metabolism","Microsomal Epoxide Hydrolase",1
MAR04029,"Xenobiotics metabolism","Microsomal Epoxide Hydrolase",1
MAR04031,"Xenobiotics metabolism","Microsomal Epoxide Hydrolase",1
MAR04033,"Xenobiotics metabolism","Microsomal Epoxide Hydrolase",1
MAR04035,"Xenobiotics metabolism","Microsomal Epoxide Hydrolase",1
MAR04037,"Xenobiotics metabolism","Microsomal Epoxide Hydrolase",1
MAR04039,"Xenobiotics metabolism","Unspecific Monooxygenase",0
MAR04041,"Xenobiotics metabolism","Unspecific Monooxygenase",1
MAR04043,"Xenobiotics metabolism","Microsomal Epoxide Hydrolase",1
MAR04045,"Xenobiotics metabolism","Microsomal Epoxide Hydrolase",1
MAR04047,"Xenobiotics metabolism","Microsomal Epoxide Hydrolase",1
MAR04049,"Xenobiotics metabolism","Unspecific Monooxygenase",0
MAR04051,"Xenobiotics metabolism","Unspecific Monooxygenase",1
MAR04053,"Xenobiotics metabolism","Unspecific Monooxygenase",0
MAR04055,"Xenobiotics metabolism","Unspecific Monooxygenase",1
MAR04057,"Xenobiotics metabolism","Microsomal Epoxide Hydrolase",1
MAR04074,"Xenobiotics metabolism","Microsomal Epoxide Hydrolase",1
MAR04076,"Xenobiotics metabolism","Microsomal Epoxide Hydrolase",1
MAR04088,"Xenobiotics metabolism","Unspecific Monooxygenase",0
MAR04090,"Xenobiotics metabolism","Unspecific Monooxygenase",1
MAR04092,"Exchange/demand reactions","Exchange of Prostaglandin H2",0
MAR04094,"Exchange/demand reactions","Exchange of Prostaglandin I2",0
MAR04096,"Exchange/demand reactions","Exchange of CDP",0
MAR04098,"Exchange/demand reactions","Exchange of ({[ (2R, 3S, 5R)-3-Hydroxy-5- (5-Methyl-2, 4-Dioxo-1, 2, 3, 4-Tetrahydropyrimidin-1-Yl)Oxolan-2-Yl]Methyl Phosphonato}Oxy)Phosphonate",0
MAR04100,"Exchange/demand reactions","Exchange of L-3-Cyanoalanine",0
MAR04102,"Exchange/demand reactions","Exchange of Antichymotrypsin",0
MAR04104,"Exchange/demand reactions","Exchange of Antitrypsin",0
MAR04110,"Exchange/demand reactions","Exchange of Apoa1",0
MAR04117,"Exchange/demand reactions","Exchange of Fibrinogen",0
MAR04119,"Exchange/demand reactions","Exchange of Haptoglobin",0
MAR04129,"Exchange/demand reactions","Exchange of Plasminogen",0
MAR04138,"Exchange/demand reactions","Exchange of Prothrombin",0
MAR04140,"Exchange/demand reactions","Exchange of Apotransferin",0
MAR04142,"Exchange/demand reactions","Exchange of Chitobiose",0
MAR04144,"Exchange/demand reactions","Exchange of Chenodeoxycholate",0
MAR04146,"Exchange/demand reactions","Exchange of Taurolithocholate",0
MAR04148,"Exchange/demand reactions","Exchange of Glycolithocholate",0
MAR04150,"Exchange/demand reactions","Exchange of Tauroursodeoxycholate",0
MAR04151,"Exchange/demand reactions","Exchange of Glycoursodeoxycholate",0
MAR04153,"Exchange/demand reactions","Chenodeoxycholic acid 3-sulfate exchange",0
MAR04154,"Exchange/demand reactions","Exchange",0
MAR04155,"Exchange/demand reactions","Exchange of Glutathionyl-Leuc4",0
MAR04157,"Exchange/demand reactions","Exchange of S-Glutathionyl-2-4-Dinitrobenzene",0
MAR04161,"Exchange/demand reactions","Exchange of S-Glutathionyl-Ethacrynic-Acid",0
MAR04164,"Exchange/demand reactions","Exchange of Lithocholate",0
MAR04173,"Exchange/demand reactions","Ursodeoxycholic acid exchange",0
MAR04178,"Exchange/demand reactions","Exchange of Sulfoglycolithocholate",0
MAR04181,"Exchange/demand reactions","Exchange of 2-[ (4R)-4-[ (1S, 2S, 5R, 7R, 10R, 11S, 14R, 15R)-2, 15-Dimethyl-5- (Sulfonatooxy)Tetracyclo[8.7.0.0^{2, 7}.0^{11, 15}]Heptadecan-14-Yl]Pentanamido]Ethane-1-Sulfonate",0
MAR04195,"Exchange/demand reactions","Exchange of Reverse-Triiodthyronine",0
MAR04203,"Exchange/demand reactions","Exchange of Prostaglandin A1",0
MAR04213,"Exchange/demand reactions","Exchange of Prostaglandin-A2",0
MAR04215,"Exchange/demand reactions","Exchange of Prostaglandin-B1",0
MAR04217,"Exchange/demand reactions","Exchange of Prostaglandin-B2",0
MAR04221,"Exchange/demand reactions","Exchange of Prostaglandin C1",0
MAR04223,"Exchange/demand reactions","Exchange of Prostaglandin-C2",0
MAR04226,"Exchange/demand reactions","Exchange of Prostaglandin-D1",0
MAR04229,"Exchange/demand reactions","Exchange of Prostaglandin-D3",0
MAR04230,"Exchange/demand reactions","Exchange of Prostaglandin-E3",0
MAR04234,"Exchange/demand reactions","Exchange of Prostaglandin-F1Alpha",0
MAR04236,"Exchange/demand reactions","Exchange of Prostaglandin-F2Beta",0
MAR04238,"Exchange/demand reactions","Exchange of Prostaglandin-G2",0
MAR04240,"Exchange/demand reactions","Exchange of Malonyl Coenzyme A",0
MAR04247,"Exchange/demand reactions","Exchange of Arachidyl Coenzyme A",0
MAR04256,"Exchange/demand reactions","Exchange of Coenzyme A",0
MAR04258,"Exchange/demand reactions","Exchange of 3-Oxodocosanoyl Coenzyme A",0
MAR04272,"Exchange/demand reactions","Exchange of Spermine Monoaldehyde",0
MAR04273,"Exchange/demand reactions","Exchange of Spermidine Monoaldehyde 2",0
MAR04286,"Exchange/demand reactions","Exchange of Spermidine Dialdehyde",0
MAR04289,"Exchange/demand reactions","Exchange of Hypothiocyanite",0
MAR04292,"Exchange/demand reactions","Exchange of Spermidine Monoaldehyde 1",0
MAR04293,"Exchange/demand reactions","Exchange of Maltopentaose",0
MAR04294,"Exchange/demand reactions","Exchange of Beta-Casomorphin",0
MAR04298,"Exchange/demand reactions","Exchange of Beta-Casomorphin (1-6)",0
MAR04305,"Exchange/demand reactions","Exchange of Neocasomorphin",0
MAR04307,"Exchange/demand reactions","Exchange of Neocasomorphin (1-5)",0
MAR04309,"Exchange/demand reactions","Exchange of Apelin-13",0
MAR04311,"Exchange/demand reactions","Exchange of Apelin (1-12)",0
MAR04322,"Exchange/demand reactions","Exchange of Maltoheptaose",0
MAR04325,"Exchange/demand reactions","Exchange of Maltononaose",0
MAR04327,"Exchange/demand reactions","Exchange of Cyanosulfurous Acid Anion",0
MAR04334,"Exchange/demand reactions","Exchange of Cyanate",0
MAR04337,"Exchange/demand reactions","Exchange of 2',3'-Cyclic UMP",0
MAR04339,"Exchange/demand reactions","Exchange of 3'-UMP",0
MAR04341,"Exchange/demand reactions","Exchange of Kinetensin",0
MAR04349,"Exchange/demand reactions","Exchange of Kinetensin 1-7",0
MAR04353,"Exchange/demand reactions","Exchange of Kinetensin 1-8",0
MAR04357,"Exchange/demand reactions","Exchange of Neuromedin N",0
MAR04359,"Exchange/demand reactions","Exchange of Neuromedin N (1-4)",0
MAR04361,"Exchange/demand reactions","Exchange of Kinetensin 1-3",0
MAR04362,"Exchange/demand reactions","Exchange of Kinetensin 4-8",0
MAR04364,"Exchange/demand reactions","Exchange of N-Acetyl-Seryl-Aspartyl-Lysyl-Proline",0
MAR04366,"Exchange/demand reactions","Exchange of N-Acetyl-Seryl-Aspartate",0
MAR04369,"Exchange/demand reactions","Exchange of Lysyl-Proline",0
MAR04374,"Exchange/demand reactions","Exchange of Hypochlorous Acid",0
MAR04376,"Exchange/demand reactions","Exchange of Nitryl Chloride",0
MAR04378,"Exchange/demand reactions","Exchange of Gama-Cehc-Glucuronide",0
MAR04380,"Exchange/demand reactions","Exchange of Gama-Carboxyethyl-Hydroxychroman",0
MAR04382,"Exchange/demand reactions","Exchange of UDP-D-Galactose",0
MAR04384,"Exchange/demand reactions","Exchange of N-Acylsphingosine",0
MAR04389,"Exchange/demand reactions","Exchange of D-Galactosyl-N-Acylsphingosine",0
MAR04392,"Exchange/demand reactions","Exchange of Alloxan",0
MAR04395,"Exchange/demand reactions","Exchange of CDP-Ethanolamine",0
MAR04397,"Exchange/demand reactions","Exchange of 1, 2-Diacyl-Sn-Glycerol (Didodecanoyl, N-C12:0)",0
MAR04405,"Exchange/demand reactions","Exchange of Alpha-Cehc-Glucuronide",0
MAR04407,"Exchange/demand reactions","Exchange of 3'-Carboxy-Alpha-Chromanol",0
MAR04409,"Exchange/demand reactions","Exchange of (5Z, 9E, 14Z)- (8Xi, 11R, 12S)-11, 12-Epoxy-8-Hydroxyicosa-5, 9, 14-Trienoate",0
MAR04411,"Transport reactions","Phosphate Transport In/Out via Na+ Symporter",1
MAR04413,"Artificial reactions","Generic Human Biomass Reaction",0
MAR04438,"Fatty acid oxidation","Transport of 2-Methylcrotonoyl Coenzyme A into Cytosol",1
MAR04439,"Fatty acid oxidation","Transport of (R)-3-Hydroxybutanoyl Coenzyme A into Cytosol",1
MAR04441,"Fatty acid oxidation","Activation of Adipic Acid for Formation of Adipoyl Carnitine",0
MAR04443,"Fatty acid oxidation","Transport into Cytosol (Diffusion)",0
MAR04445,"Fatty acid oxidation","Production of Adipoyl Carnitine",1
MAR04447,"Fatty acid oxidation","Thioesterification of Adipoyl Coenzyme A for Release into Cytosol",1
MAR04455,"Fatty acid oxidation","Transport of 3-Hydroxy Butyryl Carnitine into Extra Cellular Space",0
MAR04457,"Fatty acid oxidation","Production of Decanoylcarnitine",1
MAR04462,"Fatty acid oxidation","Production of Decenoylcarnitine",1
MAR04463,"Fatty acid oxidation","Transport of Decenoyl Carnitine into Extra Cellular Space",0
MAR04475,"Fatty acid oxidation","Production of Decadienoylcarnitine",1
MAR04478,"Fatty acid oxidation","Transport of Decanoyl Carnitine into Extra Cellular Space",0
MAR04479,"Fatty acid oxidation","Transport of Sebacoyl Carnitine into Cytosol",1
MAR04491,"Fatty acid oxidation","Production of Sebacoylcarnitine",1
MAR04502,"Fatty acid oxidation","Transport of Sebacoyl Carnitine into Extra Cellular Space",0
MAR04504,"Fatty acid oxidation","Production of 3-Ohdecanoylcarnitinec",1
MAR04506,"Fatty acid oxidation","Production of Dodecanoylcarnitine",1
MAR04508,"Fatty acid oxidation","Production of Dodecenoylcarnitine",1
MAR04509,"Fatty acid oxidation","Thioesterification of Dodecanedioyl Coenzyme A for Release into Cytosol",1
MAR04511,"Fatty acid oxidation","Activation of Dodecanedioic Acid",0
MAR04515,"Fatty acid oxidation","Transport of Dodecanedioic Acid by Diffusion",0
MAR04517,"Fatty acid oxidation","Excretion of Dodecanedioyl Carnitine",0
MAR04522,"Fatty acid oxidation","Production of 3-Ohdodecanoylcarnitinec",1
MAR04562,"Fatty acid oxidation","Production of Myristoylcarnitine",1
MAR04566,"Fatty acid oxidation","Transport of 3-Hydroxytetradecenoyl Coenzyme A from Mitochondria into Cytosol",1
MAR04569,"Fatty acid oxidation","Production of Tetradecenoylcarnitine",1
MAR04571,"Fatty acid oxidation","Production of 3-Hydroxytetradecenoyl Carnitine",1
MAR04576,"Fatty acid oxidation","Excretion of 3-Hydroxy Tetradecenoyl-7-Carnitine",0
MAR04578,"Fatty acid oxidation","Transport of 3-Hydroxytetradeca Dienoyl Coenzyme A from Mitochondria into Cytosol",1
MAR04581,"Fatty acid oxidation","Production of Tetradecadienoylcarnitine",1
MAR04598,"Fatty acid oxidation","Production of 3-Hydroxytetradeca Dienoyl Carnitine",1
MAR04609,"Fatty acid oxidation","Excretion of 3-Hydroxy Trans5,8Tetradecadienoyl Carnitine",0
MAR04610,"Fatty acid oxidation","Production of 3-Hydroxytetradecanoylcarnitine",1
MAR04613,"Fatty acid oxidation","Production of 3-Hydroxyhexadecenoylcarnitine",1
MAR04616,"Fatty acid oxidation","Transport of 3-Hydroxy Trans7, 10-Hexadecadienoylcoa from Mitochondria into Cytosol",1
MAR04620,"Fatty acid oxidation","Production of 3-Hydroxy Hexadecadienoyl Carnitine",1
MAR04622,"Fatty acid oxidation","Excretion of 3-Hydroxy Trans7,10-Hexadecadienoyl Carnitine",0
MAR04624,"Fatty acid oxidation","Production of Hexadecanedioylcarnitine",1
MAR04626,"Fatty acid oxidation","Transport of Hexadecanedioic Acid Mono-L-Carnitine Ester into Extra Cellular Space",0
MAR04634,"Fatty acid oxidation","Production of 3-Hydroxyhexadecanoylcarnitinec",1
MAR04636,"Fatty acid oxidation","Production of 3-Hydroxyoctadecenoylcarnitinec",1
MAR04638,"Fatty acid oxidation","Production of 3-Hydroxyoctadecadienoylcarnitine",1
MAR04639,"Fatty acid oxidation","Production of 3-Hydroxyoctadecanoylcarnitine",1
MAR04645,"Transport reactions","Transport of Acetylcarnitine from Peroxisomes to Cytosol",1
MAR04653,"Fatty acid oxidation","Transport of Malonyl Carnitine into Extra Cellular Space",0
MAR04659,"Fatty acid oxidation","Transport of Butyryl Carnitine into the Extra Cellular Space",0
MAR04661,"Fatty acid oxidation","Transport of Succinyl Carnitine into Cytosol",1
MAR04669,"Fatty acid oxidation","Transport of Succinyl Carnitine into the Extra Cellular Space",0
MAR04671,"Fatty acid oxidation","Production of 3-Hydroxybytyryl Carnitinec",1
MAR04674,"Transport reactions","Transport of Bytyrylcarnitine from Peroxisomes",1
MAR04677,"Transport reactions","Transport of Bytyrylcarnitine into Mitochondrial Matrix",1
MAR04678,"Transport reactions","Esterification of Butyrylcoa to Butyrylcarnitine for Transport",1
MAR04707,"Fatty acid oxidation","Production of Isovalerylcarnitine",1
MAR04711,"Fatty acid oxidation","Production of Tiglylcarnitine",1
MAR04713,"Fatty acid oxidation","Transport of Glutaryl Carnitine into the Extra Cellular Fluid",0
MAR04719,"Fatty acid oxidation","Production of Hexanoylcarnitine",1
MAR04722,"Transport reactions","Esterification of Of Hexanoylcoa for Transport into Cytosol",1
MAR04724,"Fatty acid oxidation","Transport of Hexanoyl Carnitine into the Extra Cellular Fluid",0
MAR04726,"Transport reactions","Transport of Hexanoylcarnitine into Cytosol",1
MAR04728,"Fatty acid oxidation","Transport of Adipoyl Carnitine into Cytosol",1
MAR04745,"Fatty acid oxidation","Production of Adipoylcarnitine",1
MAR04747,"Fatty acid oxidation","Transport of Adipoyl Carnitine into the Extra Cellular Fluid",0
MAR04749,"Fatty acid oxidation","Production of Ocetenoylcarnitine",1
MAR04751,"Fatty acid oxidation","Transport of Octenoyl Carnitine into the Extra Cellular Space",0
MAR04753,"Fatty acid oxidation","Transport of Octanoyl Carnitine into the Extra Cellular Space",0
MAR04759,"Fatty acid oxidation","Production of Suberylcarnitine",1
MAR04761,"Fatty acid oxidation","Transport of Suberyl Carnitine into the Extra Cellular Space",0
MAR04782,"Transport reactions","Transport of Dimethylnonanoylcarnitine from Peroxisomes to Cytosol",1
MAR04783,"Fatty acid oxidation","Transport of Decanoate (N-C10:0) into the E.R. by Diffusion",0
MAR04793,"Transport reactions","Transport of Docosapentenoylcoa into Peroxisomes.",1
MAR04794,"Fatty acid oxidation","Transport of 3-Hydroxydodecanoyl Carnitine into Extra Cellular Space",0
MAR04795,"Fatty acid oxidation","Transport of Lauroyl Carnitine into Extra Cellular Space",0
MAR04798,"Fatty acid oxidation","Transport of Dodecenoyl Carnitine into Extra Cellular Space",0
MAR04800,"Fatty acid oxidation","Transport of 3-Hydroxydecanoyl Carnitine into Extra Cellular Space",0
MAR04801,"Fatty acid oxidation","Transport of Decadienoyl Carnitine into the Extra Cellular Space",0
MAR04803,"Transport reactions","Transport of 13-Docosenoylcoa into Peroxisomes",1
MAR04805,"Fatty acid oxidation","Absorption Or Uptake of 13-Docosenoic Acid into Cells",1
MAR04807,"Fatty acid oxidation","Transport of Docosanoic Acid by Diffusion",0
MAR04809,"Fatty acid oxidation","Transport of Docosanedioic Acid by Diffusion",0
MAR04811,"Transport reactions","Transport of Behenoylcoa into Peroxisomes",1
MAR04813,"Fatty acid oxidation","Excretion of Docosanedioic Acid",0
MAR04815,"Exchange/demand reactions","Exchange of 3-Hydroxy Butyryl Carnitine",0
MAR04820,"Exchange/demand reactions","Exchange of 3-Hydroxydodecanoyl Carnitine",0
MAR04821,"Exchange/demand reactions","Exchange of 3-Hydroxydecanoyl Carnitine",0
MAR04822,"Exchange/demand reactions","Exchange of 3-Hydroxyhexadecenoyl Carnitine",0
MAR04823,"Exchange/demand reactions","Exchange of 3-Hydroxyhexadecanoyl Carnitine",0
MAR04824,"Exchange/demand reactions","Exchange of 3-Hydroxy-Isovaleryl Carnitine",0
MAR04825,"Exchange/demand reactions","Exchange of 3-Hydroxyoctadecadienoyl Carnitine",0
MAR04826,"Exchange/demand reactions","Exchange of 3-Hydroxyoctadecanoyl Carnitine",0
MAR04827,"Exchange/demand reactions","Exchange of 3-Hydroxy-Octadecenoyl Carnitine",0
MAR04828,"Exchange/demand reactions","Exchange of 3-Hydroxy-Tetradecanoyl Carnitine",0
MAR04829,"Exchange/demand reactions","Exchange of 3-Hydroxy Tetradecenoyl-7-Carnitine",0
MAR04830,"Exchange/demand reactions","Exchange of 3-Hydroxy Trans7, 10-Hexadecadienoyl Carnitine",0
MAR04853,"Exchange/demand reactions","Exchange of 3-Hydroxy Trans5, 8Tetradecadienoyl Carnitine",0
MAR04857,"Exchange/demand reactions","Exchange of Decenoyl Carnitine",0
MAR04859,"Exchange/demand reactions","Exchange of Decanoyl Carnitine",0
MAR04866,"Exchange/demand reactions","Exchange of Sebacoyl Carnitine",0
MAR04869,"Exchange/demand reactions","Exchange of Dodecanedioyl Carnitine",0
MAR04884,"Exchange/demand reactions","Exchange of Hexadecanedioic Acid Mono-L-Carnitine Ester",0
MAR04886,"Exchange/demand reactions","Exchange of Malonyl Carnitine",0
MAR04889,"Exchange/demand reactions","Exchange of Butyryl Carnitine",0
MAR04891,"Exchange/demand reactions","Exchange of Succinyl Carnitine",0
MAR04895,"Exchange/demand reactions","Exchange of Tiglyl Carnitine",0
MAR04897,"Exchange/demand reactions","Exchange of Glutaryl Carnitine",0
MAR04899,"Exchange/demand reactions","Exchange of Hexanoyl Carnitine",0
MAR04901,"Exchange/demand reactions","Exchange of Adipoyl Carnitine",0
MAR04909,"Exchange/demand reactions","Exchange of Octenoyl Carnitine",0
MAR04918,"Exchange/demand reactions","Exchange of Octanoyl Carnitine",0
MAR04920,"Exchange/demand reactions","Exchange of Suberyl Carnitine",0
MAR04921,"Exchange/demand reactions","Exchange of Dodecenoyl Carnitine",0
MAR04923,"Exchange/demand reactions","Exchange of Lauroyl Carnitine",0
MAR04925,"Exchange/demand reactions","Exchange of Decadienoyl Carnitine",0
MAR04927,"Exchange/demand reactions","Exchange of Docosenoic Acid (C22:1)",0
MAR04929,"Exchange/demand reactions","Exchange of Behenic Acid",0
MAR04936,"Exchange/demand reactions","Exchange of Docosanedioic Acid",0
MAR04943,"Exchange/demand reactions","Exchange of Isovaleryl Carnitine",0
MAR04950,"Exchange/demand reactions","Exchange of Tetradecadienoyl Carnitine",0
MAR04965,"Exchange/demand reactions","Exchange of Tetradecenoyl Carnitine",0
MAR04966,"Fatty acid oxidation","Fatty Acid Beta Oxidation (C10:1->C10:2), Peroxisomal",1
MAR04967,"Fatty acid oxidation","Fatty Acid Beta Oxidation (C10:1->C8), Mitochondrial",1
MAR04968,"Fatty acid oxidation","Fatty Acid Beta Oxidation (C10:1->C8:0), Peroxisomal",1
MAR04970,"Fatty acid oxidation","Reduction (C10:2->C10:1), Mitochondrial",1
MAR04974,"Fatty acid oxidation","Fatty Acid Beta Oxidation (C10:2->C10:1), Peroxisomal",1
MAR04978,"Fatty acid oxidation","Fatty Acid Beta Oxidation (C10:2->C10:3), Mitochondrial",1
MAR04981,"Fatty acid oxidation","Fatty Acid Beta Oxidation (C10:2->C10:3), Peroxisomal",1
MAR04984,"Fatty acid oxidation","Fatty Acid Beta Oxidation (C10:2->C8:1), Mitochondrial",1
MAR04987,"Fatty acid oxidation","Fatty Acid Beta Oxidation (C10:2->C8:1), Peroxisomal",1
MAR04988,"Fatty acid oxidation","Isomerization (C10:2), Mitochondrial",1
MAR04991,"Fatty acid oxidation","Isomerization (C10:2), Peroxisomal",1
MAR05001,"Fatty acid oxidation","Fatty Acid Beta Oxidation (C10:3->C10:2), Mitochondrial",1
MAR05017,"Fatty acid oxidation","Fatty Acid Beta Oxidation (C10:3->C10:2), Peroxisomal",1
MAR05019,"Fatty acid oxidation","Fatty Acid Beta Oxidation (C10->Ohc10), Mitochondrial",1
MAR05024,"Fatty acid oxidation","Fatty Acid Beta Oxidation (C10->C8), Mitochondrial",1
MAR05025,"Fatty acid oxidation","Fatty Acid Beta Oxidation (C10->C8), Peroxisomal",1
MAR05026,"Fatty acid oxidation","Fatty Acid Beta Oxidation (C10Dc->C8Dc)",1
MAR05028,"Fatty acid oxidation","Fatty Acid Beta Oxidation (C11Br->C9Br), Peroxisomal",1
MAR05030,"Fatty acid oxidation","Fatty Acid Beta Oxidation (C11->C9), Mitochondrial",1
MAR05044,"Fatty acid oxidation","Fatty Acid Beta Oxidation (C12:1->C10:1), Mitochondrial",1
MAR05069,"Fatty acid oxidation","Fatty Acid Beta Xoidation (C12:1->C10), Peroxisomal",1
MAR05072,"Fatty acid oxidation","Fatty Acid Beta Oxidation (C12:2->C10:1), Mitochondrial",1
MAR05075,"Fatty acid oxidation","Isomerization (C12:2), Mitochondrial",1
MAR05081,"Fatty acid oxidation","Isomerization (C12:2), Peroxisomal",1
MAR05083,"Fatty acid oxidation","Fatty Acid Beta Oxidation (C12:3->C10:2), Mitochondrial",1
MAR05086,"Fatty acid oxidation","Fatty Acid Beta Oxidation (C12:3->C10:2), Peroxisomal",1
MAR05090,"Fatty acid oxidation","Isomerization (C12:3), Mitochondrial",1
MAR05093,"Fatty acid oxidation","Isomerization (C12:3), Peroxisomal",1
MAR05095,"Fatty acid oxidation","Fatty Acid Beta Oxidation (C12->C10), Mitochondrial",1
MAR05097,"Fatty acid oxidation","Fatty Acid Beta Oxidation (C12->C10), Peroxisomal",1
MAR05098,"Fatty acid oxidation","Fatty Acid Beta Oxidation (C12->Ohc12), Mitochondrial",1
MAR05100,"Fatty acid oxidation","Fatty Acid Beta Oxidation (C12Dc->C10Dc), Peroxisomal",1
MAR05103,"Fatty acid oxidation","Transport of Dodecanedioyl Carnitine into Cytosol",1
MAR05104,"Fatty acid oxidation","Formation of Dodecanedioyl Carnitine",1
MAR05106,"Fatty acid oxidation","Production of Dodecanedioyl Carnitine",1
MAR05108,"Fatty acid oxidation","Fatty Acid Beta Oxidation (C13Br->C11Br), Peroxisomal",1
MAR05110,"Fatty acid oxidation","Fatty Acid Beta Oxidation (C13->C11), Mitochondrial",1
MAR05111,"Fatty acid oxidation","Fatty Acid Beta Oxidation (C14:1->C12:1), Mitochondrial",1
MAR05119,"Fatty acid oxidation","Fatty Acid Beta Xoidation (C14:1->C12:1), Peroxisomal",1
MAR05120,"Fatty acid oxidation","Fatty Acid Beta Oxidation (C14:1->C14:1Oh), Mitochondrial",1
MAR05123,"Fatty acid oxidation","Fatty Acid Beta Oxidation (C14:2->C12:2), Mitochondrial",1
MAR05175,"Fatty acid oxidation","Fatty Acid Beta Oxidation (C14:2->C12:2), Peroxisomal",1
MAR05176,"Fatty acid oxidation","Fatty Acid Beta Oxidation (C14:2->C14:2Oh), Mitochondrial",1
MAR05177,"Fatty acid oxidation","Fatty Acid Beta Oxidation (C14:3->C12:3), Mitochondrial",1
MAR05178,"Fatty acid oxidation","Fatty Acid Beta Oxidation (C14:3->C12:3), Peroxisomal",1
MAR05179,"Fatty acid oxidation","Fatty Acid Beta Oxidation (C14->C12), Mitochondrial",1
MAR05180,"Fatty acid oxidation","Fatty Acid Beta Oxidation (C14->C12), Peroxisomal",1
MAR05181,"Fatty acid oxidation","Fatty Acid Beta Oxidation (C14->C14Oh), Mitochondrial",1
MAR05182,"Fatty acid oxidation","Fatty Acid Beta Oxidation (C14Dc->C12Dc), Peroxisomal",1
MAR05183,"Fatty acid oxidation","Fatty Acid Activation (C15), Peroxisomal",1
MAR05184,"Fatty acid oxidation","Fatty Acid Beta Oxidation (C15Br->C13Br), Peroxisomal",1
MAR05185,"Fatty acid oxidation","Fatty Acid Beta Oxidation (C15->C13), Mitochondrial",1
MAR05186,"Fatty acid oxidation","Fatty Acid Alpha Oxidation (2-Hydroxyphytanoyl Coenzyme A) (NADP), Peroxisomal",1
MAR05187,"Fatty acid oxidation","Fatty Acid Alpha Oxidation (2-Hydroxyphytanoyl Coenzyme A) (NAD), Peroxisomal",1
MAR05188,"Fatty acid oxidation","Fatty Acid Beta Oxidation (C16:1->C14:1), Mitochondrial",1
MAR05189,"Fatty acid oxidation","Fatty Acid Beta Xoidation (C16:1->C14:1), Peroxisomal",1
MAR05190,"Fatty acid oxidation","Production of 3-Hydroxyhexadecenoylcoa",1
MAR05191,"Fatty acid oxidation","Fatty Acid Beta Oxidation (C16:2->C14:2), Mitochondrial",1
MAR05192,"Fatty acid oxidation","Fatty Acid Beta Oxidation (C16:2->C16:2Oh), Mitochondrial",1
MAR05193,"Fatty acid oxidation","Fatty Acid Beta Oxidation (C16:3->C14:2), Peroxisomal",1
MAR05194,"Fatty acid oxidation","Fatty Acid Beta Oxidation (C16:3->C14:3), Mitochondrial",1
MAR05195,"Fatty acid oxidation","Fatty Acid Beta Oxidation (C16:3->C16:4), Mitochondrial",1
MAR05196,"Fatty acid oxidation","Fatty Acid Beta Oxidation (C16:3->C16:4), Peroxisomal",1
MAR05208,"Fatty acid oxidation","Fatty Acid Beta Oxidation (C16:3->C14:2), Mitochondrial",1
MAR05229,"Fatty acid oxidation","Isomerization (C16:3), Mitochondrial",1
MAR05235,"Fatty acid oxidation","Isomerization (C16:3), Peroxisomal",1
MAR05242,"Fatty acid oxidation","Fatty Acid Beta Oxidation (C16:4->C14:3), Mitochondrial",1
MAR05256,"Fatty acid oxidation","Fatty Acid Beta Oxidation (C16:4->C14:3), Peroxisomal",1
MAR05293,"Fatty acid oxidation","Fatty Acid Beta Oxidation (C16:4->C16:3), Peroxisomal",1
MAR05298,"Fatty acid oxidation","Fatty Acid Beta Oxidation (C16:4->C16:5), Mitochondrial",1
MAR05300,"Fatty acid oxidation","Fatty Acid Beta Oxidation (C16:4->C16:5), Peroxisomal",1
MAR05302,"Fatty acid oxidation","Fatty Acid Beta Oxidation (C16:4->C16:3), Mitochondrial",1
MAR05306,"Fatty acid oxidation","Isomerization (C16:4), Mitochondrial",1
MAR05309,"Fatty acid oxidation","Isomerization (C16:4), Peroxisomal",1
MAR05312,"Fatty acid oxidation","Fatty Acid Beta Oxidation (C16:5->C16:4), Mitochondrial",1
MAR05321,"Fatty acid oxidation","Fatty Acid Beta Oxidation (C16:5->C16:4), Peroxisomal",1
MAR05323,"Fatty acid oxidation","Fatty Acid Activation (C16Br), Peroxisomal",1
MAR05325,"Fatty acid oxidation","Fatty Acid Beta Oxidation (C16->C14), Mitochondrial",1
MAR05327,"Fatty acid oxidation","Fatty Acid Beta Oxidation (C16->C14), Peroxisomal",1
MAR05329,"Fatty acid oxidation","Fatty Acid Beta Oxidation (C16->C16Oh), Mitochondrial",1
MAR05331,"Fatty acid oxidation","Fatty Acid Beta Oxidation (C16Dc->C14Dc), Peroxisomal",1
MAR05334,"Fatty acid oxidation","Fatty Acid Activation (C16Dc), Endoplasmatic Reticulum",1
MAR05341,"Fatty acid oxidation","Fatty Acid Omega Oxidation (C16->W-Ohc16), Endoplasmatic Reticulum",1
MAR05343,"Fatty acid oxidation","Fatty Acid Beta Oxidation (C17->C15), Mitochondrial",1
MAR05345,"Fatty acid oxidation","Fatty Acid Beta Oxidation (C18:1->C16:1), Mitochondrial",1
MAR05350,"Fatty acid oxidation","Fatty Acid Beta Xoidation (C18:1->C16:1), Peroxisomal",1
MAR05355,"Fatty acid oxidation","Fatty Acid Beta Oxidation (C18:1->C18:1Oh), Mitochondrial",1
MAR05356,"Fatty acid oxidation","Fatty Acid Beta Oxidation (C18:2->C16:2), Mitochondrial",1
MAR05357,"Fatty acid oxidation","Fatty Acid Beta Oxidation (C18:2->C18:2Oh), Mitochondrial",1
MAR05358,"Fatty acid oxidation","Fatty Acid Beta Oxidation (C18:3->C16:3), Mitochondrial",1
MAR05359,"Fatty acid oxidation","Fatty Acid Beta Oxidation (C18:3->C16:3), Mitochondrial",1
MAR05360,"Fatty acid oxidation","Fatty Acid Beta Oxidation (C18:4->C16:3), Mitochondrial",1
MAR05364,"Fatty acid oxidation","Fatty Acid Beta Oxidation (C18:4->C16:3), Peroxisomal",1
MAR05365,"Fatty acid oxidation","Fatty Acid Beta Oxidation (C18:4->C16:4), Mitochondrial",1
MAR05366,"Fatty acid oxidation","Fatty Acid Beta Oxidation (C18:4->C16:4), Peroxisomal",1
MAR05367,"Fatty acid oxidation","Isomerization of (C18:4), Mitochondrial",1
MAR05368,"Fatty acid oxidation","Isomerization (C18:4), Peroxisomal",1
MAR05369,"Fatty acid oxidation","Fatty Acid Beta Oxidation (C18:5->C16:4), Mitochondrial",1
MAR05370,"Fatty acid oxidation","Isomerization (C18:5), Mitochondrial",1
MAR05371,"Fatty acid oxidation","Fatty Acid Beta Oxidation (C18->C18Oh), Mitochondrial",1
MAR05372,"Fatty acid oxidation","Fatty Acid Beta Xoidation (C20:1->C18:1), Peroxisomal",1
MAR05373,"Fatty acid oxidation","Fatty Acid Beta Oxidation (C20:4->C18:4), Mitochondrial",1
MAR05374,"Fatty acid oxidation","Fatty Acid Beta Oxidation (C20:4->C20:5), Peroxisomal",1
MAR05375,"Fatty acid oxidation","Fatty Acid Beta Oxidation (C20:5->C18:4), Peroxisomal",1
MAR05376,"Fatty acid oxidation","Fatty Acid Beta Oxidation (C20:5->C18:5), Mitochondrial",1
MAR05377,"Fatty acid oxidation","Fatty Acid Beta Oxidation (C22:1->C20:1), Peroxisomal",1
MAR05378,"Fatty acid oxidation","Fatty Acid Beta Oxidation (C22:5->C20:4), Mitochondrial",1
MAR05379,"Fatty acid oxidation","Fatty Acid Beta Oxidation (C22:5->C20:4), Peroxisomal",1
MAR05380,"Fatty acid oxidation","Fatty Acid Beta Oxidation (C22:5->C22:6), Mitochondrial",1
MAR05382,"Fatty acid oxidation","Fatty Acid Beta Oxidation (C22:5->C22:6), Peroxisomal",1
MAR05383,"Fatty acid oxidation","Isomerization (C22:5), Mitochondrial",1
MAR05402,"Fatty acid oxidation","Isomerization (C22:5), Peroxisomal",1
MAR05403,"Fatty acid oxidation","Fatty Acid Beta Oxidation (C22:6->C20:5), Mitochondrial",1
MAR05404,"Fatty acid oxidation","Fatty Acid Beta Oxidation (C22:6->C22:5), Mitochondrial",1
MAR05405,"Fatty acid oxidation","Fatty Acid Beta Oxidation (C22:6->C22:5), Peroxisomal",1
MAR05408,"Fatty acid oxidation","Fatty Acid Beta Oxidation (C22:6->C22:7), Mitochondrial",1
MAR05410,"Fatty acid oxidation","Isomerization (C22:6), Mitochondrial",1
MAR05412,"Fatty acid oxidation","Fatty Acid Beta Oxidation (C22:7->C22:6), Mitochondrial",1
MAR05421,"Fatty acid oxidation","Fatty Acid Beta Oxidation (C22->C20), Peroxisomal",1
MAR05425,"Fatty acid oxidation","Fatty Acid Omega Oxidation by Hydroxylases (C22->C22Dc), Endoplasmatic Reticulum",1
MAR05427,"Fatty acid oxidation","Fatty Acid Omega Oxidation (C22->W-Ohc22), Endoplasmatic Reticulum",1
MAR05428,"Fatty acid oxidation","Fatty Acid Beta Oxidation (C24:1->C22:1), Peroxisomal",1
MAR05431,"Fatty acid oxidation","Fatty Acid Beta Oxidation (C24->C22), Peroxisomal",1
MAR05434,"Fatty acid oxidation","Malonylcoa->Malonylcarnitine",1
MAR05449,"Fatty acid oxidation","Fatty Acid Beta Oxidation (C4->C2), Mitochondrial",1
MAR05456,"Fatty acid oxidation","Succ->C4Dcc",1
MAR05988,"Fatty acid oxidation","Fatty Acid Beta Oxidation (C5->C3), Mitochondrial",1
MAR05991,"Fatty acid oxidation","Production of Glutaryl Carnitine",1
MAR05999,"Fatty acid oxidation","Fatty Acid Beta Oxidation (C5->C5Oh), Mitochondrial",0
MAR06278,"Fatty acid oxidation"," (3-Hydroxyisovalerylcoa->3-Hydroxyisovalerylcarnitine)",1
MAR06279,"Fatty acid oxidation","Fatty Acid Beta Oxidation (C6:1->C4:0), Mitochondrial",1
MAR06280,"Fatty acid oxidation","Fatty Acid Beta Oxidation (C6:1->C4:0), Peroxisomal",1
MAR06281,"Fatty acid oxidation","Isomerization (C6:1), Mitochondrial",1
MAR06282,"Fatty acid oxidation","Isomerization (C6:1), Peroxisomal",1
MAR06283,"Fatty acid oxidation","Fatty Acid Beta Oxidation (C6->C4), Mitochondrial",1
MAR06284,"Fatty acid oxidation","Fatty Acid Beta Oxidation (C6->C4), Peroxisomal",1
MAR06285,"Fatty acid oxidation","Fatty Acid Beta Oxidation (C6Dc->C4Dc), Peroxisomal",1
MAR06319,"Fatty acid oxidation","Fatty Acid Beta Oxidation (C7->C5), Mitochondrial",1
MAR06320,"Fatty acid oxidation","Fatty Acid Beta Oxidation (C8:1->C6:1), Mitochondrial",1
MAR06322,"Fatty acid oxidation","Fatty Acid Beta Oxidation (C8:1->C6:1), Peroxisomal",1
MAR06329,"Fatty acid oxidation","Fatty Acid Beta Oxidation (C8->C6), Mitochondrial",1
MAR06344,"Fatty acid oxidation","Fatty Acid Beta Oxidation (C8->C6), Peroxisomal",1
MAR06345,"Fatty acid oxidation","Fatty Acid Beta Oxidation (C8Dc->C6Dc), Peroxisomal",1
MAR06346,"Fatty acid oxidation","Fatty Acid Beta Oxidation (C9Br->C7Br), Mitochondrial",0
MAR06347,"Fatty acid oxidation","Fatty Acid Beta Oxidation (C9->C7), Mitochondrial",1
MAR06348,"Fatty acid oxidation","Fatty Acid Omega Oxidation (Mc10->W-Ohmc10), Endoplasmatic Reticulum",1
MAR06349,"Fatty acid oxidation","Fatty Acid Omega Oxidation (W-Ohc16->C16Dc)",1
MAR06350,"Fatty acid oxidation","Fatty Acid Omega Oxidation (W-Ohc22->C22Dc)",1
MAR06376,"Fatty acid oxidation","Fatty Acid Omega Oxidation (W-Ohmc10->Dc10)",1
MAR06378,"Fatty acid oxidation","Fatty Acid Beta Oxidation Trans (C10:1->C10:2), Mitochondrial",1
MAR06390,"Fatty acid oxidation","Fatty Acid Beta Oxidation Trans (C10:2->C10:1), Mitochondrial",1
MAR06407,"Fatty acid oxidation","Fatty Acid Beta Oxidation Trans (C12:2->C10:1), Mitochondrial",1
MAR06418,"Fatty acid oxidation","Isomerization Trans (C12:2), Mitochondrial",1
MAR06437,"Fatty acid oxidation","Fatty Acid Beta Oxidation Trans (C14:2->C12:2), Mitochondrial",1
MAR06449,"Fatty acid oxidation","Fatty Acid Beta Oxidation Trans (C16:2->C14:2), Mitochondrial",1
MAR06452,"Fatty acid oxidation","Fatty Acid Beta Oxidation Trans (C18:2->C16:2), Mitochondrial",1
MAR06483,"Fatty acid oxidation","Fatty Acid Beta Oxidation (C12:2->C10:1), Peroxisomal",1
MAR06485,"Fatty acid oxidation","Transport of Glutaryl Coenzyme A from Mitochondria into Cytosol",1
MAR06487,"Fatty acid oxidation","Transport of (S)-3-Hydroxydecanoyl Coenzyme A from Mitochondria into the Cytosol",1
MAR06489,"Fatty acid oxidation","Transport of (S)-3-Hydroxydodecanoyl Coenzyme A from Mitochondria into the Cytosol",1
MAR06491,"Fatty acid oxidation","Transport of 3-Hydroxyhexadecanoylcoa from Mitochondria into the Cytosol",1
MAR06493,"Fatty acid oxidation","Transport of 3-Hydroxyhexadecenoylcoa from Mitochondria into the Cytosol",1
MAR06494,"Fatty acid oxidation","Transport of 3-Hydroxyhexadecenoyl Carnitine into Extra Cellular Space",0
MAR06497,"Fatty acid oxidation","Transport of 3-Hydroxyhexadecanoyl Carnitine into Extra Cellular Space",0
MAR06498,"Fatty acid oxidation","Transport of Hexadecanedioc Acid by Diffusion",0
MAR06499,"Fatty acid oxidation","Transport of Hexadecanedioyl Coa",1
MAR06502,"Fatty acid oxidation","Transport of Hexadecanedioyl Coa",1
MAR06503,"Fatty acid oxidation","Transport of 3-Hydroxyisovalerylcoa from Mitochondria into the Cytosol",1
MAR06504,"Fatty acid oxidation","Transport of 3-Hydroxy-Isovaleryl Carnitine into Extra Cellular Space",0
MAR06528,"Fatty acid oxidation","Transport of (S)-3-Hydroxyoctadecanoyl Coenzyme A from Mitochondria into the Cytosol",1
MAR06538,"Fatty acid oxidation","Transport of 3-Hydroxyoctadecenoylcoa from Mitochondria into the Cytosol",1
MAR06541,"Fatty acid oxidation","Transport of 3-Hydroxyoctadecadienoyl Carnitine into Extra Cellular Space",0
MAR06582,"Fatty acid oxidation","Transport of 3-Hydroxyoctadecanoyl Carnitine into Extra Cellular Space",0
MAR06586,"Fatty acid oxidation","Transport of (S)-3-Hydroxytetradecanoyl Coenzyme A from Mitochondria into the Cytosol",1
MAR06590,"Fatty acid oxidation","Transport of 3-Hydroxy-Tetradecanoyl Carnitine into Extra Cellular Space",0
MAR06593,"Fatty acid oxidation","Transport of Isovaleryl Coenzyme A from Mitochondria into Cytosol",1
MAR06594,"Fatty acid oxidation","Transport of Isovaleryl Carnitine into the Extra Cellular Space",0
MAR06596,"Transport reactions","Transport of Lignocericyl Coenzyme A from Cytosol to Peroxisome.",1
MAR06597,"Transport reactions","Transport of Nervonylcoa into Peroxisomes",1
MAR06598,"Fatty acid oxidation","Transport of 11-Octadecenoyl Carnitine into the Mitochondrial Matrix",1
MAR06599,"Fatty acid oxidation","Transport of 11-Octadecenoyl Carnitine into the Mitochondrial Matrix",1
MAR06600,"Fatty acid oxidation","Transport of 11-Octadecenoyl Carnitine into the Mitochondrial Matrix",1
MAR06604,"Fatty acid oxidation","Uptake of Vaccenic Acid",1
MAR06688,"Fatty acid oxidation","Transport of 3-Hydroxyoctadecadienoyl Coenzyme A from Mitochondria into Cytosol",1
MAR06689,"Fatty acid oxidation","Transport of Octadecenoyl Coenzyme A into Mitochondrial Matrix",1
MAR06696,"Fatty acid oxidation","Transport of Octadecenoyl Coenzyme A into Mitochondrial Matrix",1
MAR06698,"Fatty acid oxidation","Transport of Octadecenoyl Coenzyme A into Mitochondrial Matrix",1
MAR06706,"Fatty acid oxidation","Transport of 3-Hydroxy-Octadecenoyl Carnitine into Extra Cellular Space",0
MAR06724,"Fatty acid oxidation","Transport of W-Hydroxydecanoic Acid by Diffusion",0
MAR06769,"Fatty acid oxidation","Transport of W-Hydroxydocosanoic Acid by Diffusion",0
MAR06773,"Fatty acid oxidation","Transport of W-Hydroxypalmitic Acid by Diffusion",0
MAR06775,"Transport reactions","Transport of Pristanoylcoa from Cytosol to Peroxisomes.",1
MAR06777,"Fatty acid oxidation","Thioesterification of Suberyl Coenzyme A for Release into Cytosol",1
MAR06779,"Transport reactions","Transport of Phytanoylcoa from Cytosol to Peroxisomes.",1
MAR06804,"Fatty acid oxidation","Activation of Sebacic Acidd",0
MAR06805,"Fatty acid oxidation","Transport of Sebacic Acid into Cytosol (Diffusion)",0
MAR06809,"Fatty acid oxidation","Production of Sebacoyl Carnitine",1
MAR06810,"Fatty acid oxidation","Thioesterification of Sebacoylcoa for Release into Cytosol",1
MAR06812,"Transport reactions","Transport of Stearoyl Coenzyme A from Cytosol to Peroxisomes",1
MAR06816,"Transport reactions","Transport of Stearidonylcoa into Peroxisomes.",1
MAR06821,"Fatty acid oxidation","Transport of Suberic Acid into Cytosol (Diffusion)",0
MAR06825,"Fatty acid oxidation","Transport of Suberyl Carnitine into Cytosol",1
MAR06832,"Fatty acid oxidation","Production of Suberyl Carnitine",1
MAR06833,"Fatty acid oxidation","Activation of Suberic Acid for Formation of Suberyl Carnitine",0
MAR06846,"Fatty acid oxidation","Activation of Succinate",0
MAR06847,"Fatty acid oxidation","Production of Succinyl Carnitine",1
MAR06852,"Fatty acid oxidation","Thioesterification of Succinyl Coenzyme A for Release into Cytosol",1
MAR06853,"Fatty acid oxidation","Transport of Myristoyl Carnitine into Extra Cellular Space",0
MAR06856,"Fatty acid oxidation","Transport of Tetradecadienoyl Carnitine into Extra Cellular Space",0
MAR06857,"Fatty acid oxidation","Transport of Tetradecenoyl Carnitine into Extra Cellular Space",0
MAR06858,"Fatty acid oxidation","Transport of Tiglyl Carnitine into the Extra Cellular Fluid",0
MAR06859,"Transport reactions","Transport of 3, 4-Dihydroxy-L-Phenylalanine by Lat1 in Association with 4F2Hc, Across the Apical Surface of the Membranes",1
MAR06860,"Transport reactions","Transport of L-Oh-Proline by the Apical Imino Amino Acid Transporters in Kidney And Intestine",1
MAR06861,"Isolated","Hydrolysis of Alanylalanine",1
MAR06862,"Transport reactions","Transport of Alanylalanine by the Apical Pept1 Amino Acid Transporters",1
MAR06863,"Transport reactions","Transport of Alanine by Y+Lat1 Or Y+Lat2 with Symporter of H",1
MAR06864,"Transport reactions","Transport of L-Ascorbate by Svct1 Or Svct2 Transporter",1
MAR06865,"Transport reactions","Transport of L-Asparagine by Atb0 Transporter",1
MAR06866,"Transport reactions","Transport of Beta Alanine by Pat1 in Renal And Intestinal Cells",1
MAR06867,"Dietary fiber binding","Binding of Betaglucans with Glycocholate",0
MAR06868,"Dietary fiber binding","Binding of Betaglucans with Taurocholate",0
MAR06869,"Dietary fiber binding","Binding of Betaglucans with Taurodeoxycholate",0
MAR06870,"Transport reactions","Release of Biotin Across the Basolatral Membrane",0
MAR06871,"Transport reactions","Transport of L-Carnosine by the Apical Pept1 Amino Acid Transporters",1
MAR06872,"Transport reactions","Transport of L-Carnosine by Hpt3 Or Hpt4 Peptide Transporter",1
MAR06873,"Transport reactions","Release of B12 by SIMPle Diffusion",0
MAR06884,"Transport reactions","Transport of Adenosylcobalamin into the Intestine",1
MAR06887,"Transport reactions","Transport of L-Cysteine with Symport of Sodium And Antiport of Proton by Snat5 Transporter",1
MAR06891,"Transport reactions","Transport of L-Cystine in Exchange of L-Alanine by B0, +At Transporter",1
MAR06892,"Transport reactions","Transport of L-Cystine in Exchange of L-Leucine by B0, +At Transporter",1
MAR06893,"Transport reactions","Transport of Folate",1
MAR06894,"Transport reactions","Transport of D-Galactose from Extracellular Space to Cytosol of Mucosal Cells in Small Intestine",1
MAR06895,"Transport reactions","Transport of D-Glucose from Extracellular Space to Cytosol of Mucosal Cells in Small Intestine",1
MAR06896,"Transport reactions","Transport of L-Glutamine by Atb0 Transporter",1
MAR06897,"Transport reactions","Transport of Glutamine by Y+Lat1 Or Y+Lat2 with Symporter of H",1
MAR06898,"Transport reactions","Hydrolysis of Glycylycine for Uptake",1
MAR06899,"Transport reactions","Transport of Glycyl-Glycine by the Apical Pept1 Amino Acid Transporters",1
MAR06900,"Transport reactions","Transport of Glycylphenylalanine by the Apical Pept1 Amino Acid Transporters",1
MAR06913,"Transport reactions","Transport of Glycylproline by the Apical Pept1 Amino Acid Transporters",1
MAR06915,"Transport reactions","Hydrolysis of Glycylsarcosine for Uptake",1
MAR06917,"Transport reactions","Transport of Glycylsarcosine by the Apical Pept1 Amino Acid Transporters",1
MAR06919,"Dietary fiber binding","Binding of Guar Gums with Deoxyxholic Acid",0
MAR06920,"Dietary fiber binding","Binding of Guar Gums with Glycocholate",0
MAR06922,"Dietary fiber binding","Binding of Guar Gums with Taurocholate",0
MAR07101,"Transport reactions","Transport of L-Histidine by Hpt3 Or Hpt4 Peptide Transporters",1
MAR07102,"Transport reactions","Transport of L-Histidine by Y+Lat1 Or Y+Lat2 Transporters",1
MAR07105,"Transport reactions","Transport of Histidine by Y+Lat1 Or Y+Lat2 with Symporter of H",1
MAR07107,"Transport reactions","Transport of 5-HPETE into the Enterocytes",1
MAR07148,"Transport reactions","Transport of Leucylglycine by the Apical Pept1 Amino Acid Transporters",1
MAR07149,"Transport reactions","Hydrolysis of Leucylleucine",1
MAR07150,"Transport reactions","Transport of Leucylleucine by the Apical Pept1 Amino Acid Transporters",1
MAR07151,"Transport reactions","Transport of Leucine by Y+Lat1 Or Y+Lat2 with Symporter of H",1
MAR07152,"Transport reactions","Uptake of Linoleic Acid",1
MAR07153,"Transport reactions","Transport of Methionine by Y+Lat1 Or Y+Lat2 with Symporter of H",1
MAR07154,"Transport reactions","Transport of Nicotinate",1
MAR07155,"Transport reactions","Transport of Octadecenoyl Coeznyme A into the Enterocytes",1
MAR07156,"Transport reactions","Uptake of Octadecenoate",1
MAR07157,"Transport reactions","Transport of Hexadecanoate",1
MAR07158,"Transport reactions","Transport of Phosphatidylcholine",0
MAR07159,"Dietary fiber binding","Binding of Pectins with Deoxycholic Acid",0
MAR07176,"Dietary fiber binding","Binding of Pectins with Glycocholate",0
MAR07177,"Dietary fiber binding","Binding of Pectins with Taurocholate",0
MAR07178,"Transport reactions","Transport of Lysophosphatidylethanolamine",1
MAR07179,"Transport reactions","Transport of L-Phenylalanine by Atb0 Transporter",1
MAR07189,"Transport reactions","Transport of Phenylalanine by Y+Lat1 Or Y+Lat2 with Symport of H",1
MAR07190,"Transport reactions","Transport of Palmitoyl Coenzyme A",1
MAR07191,"Transport reactions","Release of Pantothenate",0
MAR07192,"Transport reactions","Transport of Prolylglycine by the Apical Pept1 Amino Acid Transporters",1
MAR07193,"Transport reactions","Hydrolysis of Glycylproline",1
MAR07194,"Transport reactions","Transport of L-Proline by the Apical Imino Amino Acid Transporters",1
MAR07195,"Dietary fiber binding","Binding of Psyllium with Glycocholate",0
MAR07255,"Dietary fiber binding","Binding of Psyllium with Taurocholate",0
MAR07439,"Dietary fiber binding","Binding of Psyllium with Taurodeoxycholate",0
MAR07441,"Transport reactions","Export of Triglyceride",0
MAR07589,"Transport reactions","Transport of Taurine by Pat1",1
MAR07592,"Transport reactions","Transport of Thiamine",0
MAR07593,"Transport reactions","Transport of L-Threonine by Atb0 Transporter",1
MAR07595,"Transport reactions","Transport of L-Tryptophan by Atb0 Transporter",1
MAR07657,"Transport reactions","Transport of L-Tyrosine by Atb0 Transporter",1
MAR07658,"Transport reactions","Efflux of Alpha-Tocopherol into the Lyphatics in Chylomicrons",1
MAR07659,"Transport reactions","Transport of Vitamin K into Lymph",0
MAR07742,"Transport reactions","Transport of Cholesterol Ester",0
MAR07750,"Transport reactions","Tanslocation of 1-Alpha, 25-Dihydroxyvitamin D3 to Nucleus",0
MAR07751,"Transport reactions","Transport of 3Aib_D into Mitochondria",0
MAR07752,"Transport reactions","Transport of GABA",0
MAR07753,"Transport reactions","Transport of Hydroxy-Proline",1
MAR07754,"Purine metabolism","Adenosine Kinase",0
MAR07803,"Purine metabolism","Adenosine Kinase",0
MAR07805,"Transport reactions","Diffusion of S-Adenosyl-L-Homocysteine",0
MAR07807,"Transport reactions","Uptake of Arachidate",0
MAR07809,"Transport reactions","D-Aspartate Transport, Extracellular",0
MAR07811,"Transport reactions","Aspartate Intake by System Asct-1 Transporter",1
MAR07813,"Heme degradation","Bilirubin Di-Glucuronide Production",1
MAR07817,"Transport reactions","Cysteamine:Oxygen Oxidoreductase, Extracellular",0
MAR07819,"Transport reactions","Transport of Q10",0
MAR07821,"Transport reactions","Transport of dATP into Mitochondria",0
MAR07823,"Transport reactions","Transport of dCTP into Mitochondria",0
MAR07926,"Transport reactions","Transport of dGTP into Mitochondria",0
MAR08111,"Transport reactions","Transport of Dihydroxyacetone Phosphate into Cytosol",0
MAR08204,"CoA synthesis","Pyrophasphatase (Dephospho Coenzyme A, Extracellular)",0
MAR08218,"Cholesterol metabolism","Desmosterol Reductase",1
MAR08274,"Pyrimidine metabolism","DTMP Kinase in Mitochondria",1
MAR08301,"Transport reactions","Transport of dTTP into Mitochondria",0
MAR08386,"Exchange/demand reactions","Exchange of Hydroxy Proline",0
MAR08400,"Exchange/demand reactions","Exchange of Adenosylcobalamin",0
MAR08422,"Exchange/demand reactions","Exchange of Alanylalanine",0
MAR08423,"Exchange/demand reactions","Exchange of Beta Glucans",0
MAR08644,"Exchange/demand reactions","Exchange of Carnosine",0
MAR08646,"Exchange/demand reactions","Exchange of Deoxycholic Acid",0
MAR08647,"Exchange/demand reactions","Exchange of Beta Glucan-Glycocholate Complex",0
MAR08649,"Exchange/demand reactions","Exchange of Beta Glucan-Taurocholic Acid Complex",0
MAR08650,"Exchange/demand reactions","Exchange of Beta Glucan-Taurodeoxycholic Acid Complex",0
MAR08701,"Exchange/demand reactions","Exchange of Glycylglycine",0
MAR08705,"Exchange/demand reactions","Exchange of Glycylsarcosine",0
MAR08707,"Exchange/demand reactions","Exchange of Guar Gums",0
MAR08708,"Exchange/demand reactions","Exchange of Guar Gum-Deoxyxholic Acid Complex",0
MAR08832,"Exchange/demand reactions","Exchange of Guar Gum-Glycocholate Complex",0
MAR08916,"Exchange/demand reactions","Exchange of Guar Gum-Taurocholic Acid Complex",0
MAR08948,"Exchange/demand reactions","Exchange of Leucylglycine",0
MAR08949,"Exchange/demand reactions","Exchange of Leucylleucine",0
MAR08950,"Exchange/demand reactions","Exchange of Pectins",0
MAR08951,"Exchange/demand reactions","Exchange of Pectin-Deoxycholic Acid Complex",0
MAR08952,"Exchange/demand reactions","Exchange of Pectin-Glycocholate Complex",0
MAR08953,"Exchange/demand reactions","Exchange of Pectin-Taurocholic Acid Complex",0
MAR08954,"Exchange/demand reactions","Exchange of Psyllium",0
MAR08955,"Exchange/demand reactions","Exchange of Psyllium-Glycocholic Acid Complex",0
MAR08956,"Exchange/demand reactions","Exchange of Psyllium-Taurocholic Acid Complex",0
MAR08957,"Exchange/demand reactions","Exchange of Psyllium-Taurodeoxycholic Acid Complex",0
MAR08958,"Exchange/demand reactions","Exchange of Sulfocysteine",0
MAR08959,"Exchange/demand reactions","Exchange of Taurodeoxycholic Acid",0
MAR08960,"Exchange/demand reactions","Exchange of Cysteaminium",0
MAR08961,"Exchange/demand reactions","Exchange of Dephospho Coenzyme A",0
MAR08962,"Exchange/demand reactions","Exchange of FMN",0
MAR08963,"Exchange/demand reactions","Exchange of Hypotaurine",0
MAR08964,"Exchange/demand reactions","Exchange of Pantetheine 4-Phosphate",0
MAR08965,"Exchange/demand reactions","Exchange of Pantetheine",0
MAR08966,"Exchange/demand reactions","Exchange of Ubiquinone",0
MAR08967,"Exchange/demand reactions","Exchange of Ubiquinol",0
MAR08968,"Vitamin B2 metabolism","FAD Diphosphatase",1
MAR08969,"Transport reactions","Acid Phosphatase (FMN), Extracellular",1
MAR08970,"Transport reactions","Transport of Farnesyl Diphosphate into the Endoplasmic Reticulum",0
MAR08971,"Pentose phosphate pathway","Glucose 6-Phosphate Dehydrogenase",1
MAR08972,"Transport reactions","Glutamate Intake by System Asct-1 Transporter",1
MAR08973,"Pentose phosphate pathway","Phosphogluconate Dehydrogenase",1
MAR08974,"Cysteine and methionine metabolism","Hypotaurine Oxidase, Extracellular",0
MAR08975,"Purine metabolism","Insosine Kinase",0
MAR08976,"Transport reactions","K Transport",0
MAR08977,"Transport reactions","Lactate Transport",0
MAR08978,"CoA catabolism","Lysosomal Acid Phosphorylase (CoA)",0
MAR08979,"Transport reactions","Hydrolysis of Leucylglycine",0
MAR08980,"Transport reactions","Transport Reaction for Malate",0
MAR08981,"Tricarboxylic acid cycle and glyoxylate/dicarboxylate metabolism","Malate Dehydrogenase, Peroxisomal",0
MAR08982,"Transport reactions","Transport of NAD into Mitochondria",0
MAR08983,"Transport reactions","Uptake of Octadecanoate (N-C18:0)",0
MAR08984,"CoA synthesis","Phosphatase, Extracellular",0
MAR08985,"Pentose phosphate pathway","6-Phosphogluconolactonase",1
MAR08986,"Transport reactions","(R)-Pantetheine Amidohydrolase",0
MAR08987,"Transport reactions","Diphopshate Transporter, Mitochondrial",0
MAR08988,"Transport reactions","D-Proline Transport, Extracellular",0
MAR08989,"Transport reactions","Diffusion of Putriscine into the Endothelial Cells",0
MAR08990,"Transport reactions","Phosphopantetheine Adenylyltransferase, Extracellular",0
MAR08991,"Transport reactions","Transport of Ubiquinol into Lymph",0
MAR08992,"Pentose phosphate pathway","Ribulose 5-Phosphate 3-Epimerase",1
MAR08993,"Cysteine and methionine metabolism","Formation of Sulfocysteine",0
MAR08994,"Transport reactions","Secretion of Sulfocysteine into Extracellular Space",0
MAR08995,"Transport reactions","Secretion of Taurine",0
MAR08996,"Transport reactions","Uptake of Hexadecanoate",0
MAR08997,"Transport reactions","Transport of Ubiquinol into Cytosol",0
MAR08998,"Transport reactions","Transport of Ubiquinone into Mitochondria",0
MAR08999,"Transport reactions","Transport of 3- (4-Hydroxyphenyl)Pyruvate",0
MAR09000,"Transport reactions","Transport of 3-Methyl-2-Oxobutanoate",0
MAR09001,"Transport reactions","Transport of 3-Methyl-2-Oxopentanoate",0
MAR09002,"Transport reactions","Transport of Trans-4-Hydroxy-L-Proline",0
MAR09003,"Transport reactions","Transport of 4-Methyl-2-Oxopentanoate",0
MAR09004,"Transport reactions","Transport of 5-S-Methyl-5-Thioadenosine",0
MAR09005,"Transport reactions","Transport of 5-Oxoprolinate",0
MAR09006,"Transport reactions","Transport of S-Adenosyl-L-Homocysteine",0
MAR09007,"Transport reactions","Transport of 5-Amino-1- (5-Phospho-D-Ribosyl)Imidazole-4-Carboxamide",0
MAR09008,"Transport reactions","Transport of Anthranilate",0
MAR09009,"Transport reactions","Transport of N-Carbamoyl-L-Aspartate",0
MAR09010,"Exchange/demand reactions","Exchange of 3- (4-Hydroxyphenyl)Pyruvate",0
MAR09011,"Exchange/demand reactions","Exchange of 3-Methyl-2-Oxobutanoate",0
MAR09012,"Exchange/demand reactions","Exchange of 3-Methyl-2-Oxopentanoate",0
MAR09013,"Exchange/demand reactions","Exchange of 4-Methyl-2-Oxopentanoate",0
MAR09021,"Exchange/demand reactions","Exchange of 5-S-Methyl-5-Thioadenosine",0
MAR09025,"Exchange/demand reactions","Exchange of 5-Oxoprolinate",0
MAR09026,"Exchange/demand reactions","Exchange of S-Adenosyl-L-Homocysteine",0
MAR09027,"Exchange/demand reactions","Exchange of 5-Amino-1- (5-Phospho-D-Ribosyl)Imidazole-4-Carboxamide",0
MAR09028,"Exchange/demand reactions","Exchange of Anthranilate",0
MAR09029,"Exchange/demand reactions","Exchange of N-Carbamoyl-L-Aspartate",0
MAR09030,"Transport reactions","Transport of L-Malate",0
MAR09031,"Transport reactions","Orotate-Glutamate Antiport",1
MAR09057,"Transport reactions","Transport of (R)-Pantothenate",0
MAR09059,"Transport reactions","Transport of 5-Hydroxyindoleacetate",1
MAR09060,"Transport reactions","Transport of Glyceraldehyde",0
MAR09112,"Transport reactions","Transport of Phosphoenolpyruvate",0
MAR09170,"Transport reactions","Transport of Guanidinoacetic Acid",0
MAR09186,"Transport reactions","Transport of Guanidinoacetic Acid",0
MAR09274,"Transport reactions","Transport of L-Kynurenine",1
MAR09402,"Transport reactions","Transport of L-Kynurenine",1
MAR09403,"Transport reactions","Transport of L-Kynurenine",1
MAR09459,"Transport reactions","Transport of 3-Ureidopropionate",0
MAR09526,"Transport reactions","Transport of 3-Ureidopropionate",0
MAR09533,"Transport reactions","Transport of 3-Ureidopropionate",0
MAR09576,"Transport reactions","Transport of Kynurenic Acid",1
MAR09589,"Transport reactions","Transport of Kynurenic Acid",0
MAR09723,"Transport reactions","Transport of 3-Hydroxyanthranilate",0
MAR09736,"Transport reactions","Transport of 3-Hydroxy-L-Kynurenine",1
MAR09819,"Transport reactions","Transport of Quinolinic Acid",1
MAR09820,"Transport reactions","Transport of 2-Phospho-D-Glycerate",0
MAR09821,"Transport reactions","Transport of Carnosine",0
MAR09822,"Transport reactions","Transport of Choline Phosphate",0
MAR09823,"Transport reactions","Transport of Cystine",0
MAR09824,"Transport reactions","Transport of dCMP",0
MAR09825,"Transport reactions","Transport of Dihydroxyacetone Phosphate",0
MAR09826,"Transport reactions","Transport of Dimethylglycine",0
MAR09827,"Transport reactions","Transport of Ethanolamine Phosphate",0
MAR09828,"Transport reactions","Transport of Fumarate",0
MAR09829,"Transport reactions","Transport of Glycerophosphocholine",0
MAR09830,"Transport reactions","Transport of D-Glucuronate",0
MAR09831,"Transport reactions","Transport of Isocitrate",0
MAR09832,"Transport reactions","Transport of L-2-Aminoadipate",0
MAR09833,"Transport reactions","Transport of Xanthine",0
MAR09834,"Transport reactions","Transport of XMP",0
MAR09835,"Transport reactions","Transport of Xanthosine",0
MAR09836,"Transport reactions","Transport of 3-Phospho-D-Glycerate",0
MAR09837,"Transport reactions"," Transport of UDP-Glucuronate",0
MAR09838,"Transport reactions","Transport of IMP",0
MAR09839,"Transport reactions","Transport of Glycerophosphoric Acid",0
MAR09840,"Transport reactions","Transport of Nicotinate D-Ribonucleotide",0
MAR09841,"Transport reactions","Transport of Orotidylic Acid",0
MAR09842,"Exchange/demand reactions","Exchange of 2-Phospho-D-Glycerate",0
MAR09843,"Exchange/demand reactions","Exchange of 5-Hydroxyindoleacetate",0
MAR09844,"Exchange/demand reactions","Exchange of N-Carbamoyl-Beta-Alaninate",0
MAR09845,"Exchange/demand reactions","Exchange of Choline Phosphate",0
MAR09846,"Exchange/demand reactions","Exchange of L-Cystathionine",0
MAR09847,"Exchange/demand reactions","Exchange of Deoxycytidylic Acid",0
MAR09848,"Exchange/demand reactions","Exchange of N,N-Dimethylglycine",0
MAR09849,"Exchange/demand reactions","Exchange of Ethanolamine Phosphate",0
MAR09850,"Exchange/demand reactions","Exchange of Glycerophosphocholine",0
MAR09851,"Exchange/demand reactions","Exchange of D-Glyceraldehyde",0
MAR09852,"Exchange/demand reactions","Exchange of Guanidinoacetic Acid",0
MAR09853,"Exchange/demand reactions","Exchange of L-Homocysteine",0
MAR09854,"Exchange/demand reactions","Ex_icit[e]",0
MAR09855,"Exchange/demand reactions","Exchange of Kynurenic Acid",0
MAR09856,"Exchange/demand reactions","Exchange of L-2-Aminoadipate",0
MAR09857,"Exchange/demand reactions","Exchange of L-Kynurenine",0
MAR09858,"Exchange/demand reactions","Exchange of Phosphoenolpyruvate",0
MAR09859,"Exchange/demand reactions","Exchange of Quinolinic Acid",0
MAR09860,"Exchange/demand reactions","Exchange of Xanthylic Acid",0
MAR09861,"Exchange/demand reactions","Exchange of Xanthosine",0
MAR09862,"Exchange/demand reactions","Exchange of 3-Phospho-D-Glycerate",0
MAR09863,"Exchange/demand reactions","Exchange",0
MAR09864,"Exchange/demand reactions","Exchange",0
MAR09865,"Exchange/demand reactions","Exchange",0
MAR09866,"Exchange/demand reactions","Exchange",0
MAR09867,"Exchange/demand reactions","Exchange",0
MAR09868,"Exchange/demand reactions","Exchange of Glycerophosphoric Acid",0
MAR09869,"Transport reactions","Alanine Transport by B0At3",1
MAR09870,"Transport reactions","Arachidonate (N-C18:1) Transport by FATP",1
MAR09871,"Transport reactions","Arginine Transport by B0At3",1
MAR09872,"Transport reactions","Asparagine Transport by B0At3",1
MAR09874,"Transport reactions","Butyrate Transport by Smct1",1
MAR09875,"Transport reactions","Carnitine Transport by Atb0",1
MAR09876,"Transport reactions","Cysteine Transport by B0At3",1
MAR09877,"Transport reactions","Dhea Transport by ABCa11",1
MAR09878,"Transport reactions","Dopa Transport by Ent4",1
MAR09879,"Transport reactions","17Beta-Estradiol 3-Glucosiduronic Acid Transport by ABCa8",1
MAR09880,"Transport reactions","Estrone-Sulphate Transport by ABCa11",1
MAR09881,"Transport reactions","Estrone-Sulphate Transport by ABCa8",1
MAR09882,"Transport reactions","Folate Transport by ABCa11",1
MAR09883,"Transport reactions","Folate Transport by Oat1",1
MAR09884,"Transport reactions","Folate Transport by Oats",1
MAR09885,"Transport reactions","Folate Transport by OATP",1
MAR09887,"Transport reactions","Glutamine Transport by B0At3",1
MAR09888,"Transport reactions","Glutamate Transport by B0At3",1
MAR09890,"Transport reactions","Water And Glycerol Transport by Aqp",1
MAR09891,"Transport reactions","Iso-Leucine Transport by B0At3",1
MAR09892,"Transport reactions","Leucine Transport by B0At3",1
MAR09893,"Transport reactions","Leukotriene Transport by ABCa8",1
MAR09894,"Transport reactions","Lignocerate Transport by FATP",1
MAR09895,"Transport reactions","Methionine Transport by B0At3",1
MAR09896,"Transport reactions","Nicotinate Transport by Smct1",1
MAR09897,"Transport reactions","Phosphatidylglycerol Transport by ABCa3",1
MAR09898,"Transport reactions","Phenylalanine Transport by B0At3",1
MAR09899,"Transport reactions","Heme Transport by ABCg2",1
MAR09900,"Transport reactions","Propionate Transport by Smct1",1
MAR09901,"Transport reactions","Phosphatidylserine Transport by ABCa1",1
MAR09902,"Transport reactions","Pyruvate Transport by Smct1",1
MAR09903,"Transport reactions","Vitamin Transport by ABCa4",1
MAR09904,"Transport reactions","Serine Transport by B0At3",1
MAR09905,"Transport reactions","Serotonin Transport by Ent4",1
MAR09906,"Transport reactions","Bile Acid Transport by ABCa8",1
MAR09907,"Transport reactions","Tyrptophan Transport by B0At3",1
MAR09908,"Transport reactions","Tyrosine Transport by B0At3",1
MAR09909,"Transport reactions","Valine Transport by B0At3",1
MAR09910,"Transport reactions","Secretion of Riboflavin",1
MAR09911,"Transport reactions","Transport of L-Arginosuccinic Acid",0
MAR09912,"Transport reactions","Transport of O-Acetylcarnitine",1
MAR09913,"Transport reactions","Transport of O-Propanoylcarnitine",1
MAR09914,"Transport reactions","Transport of 6Z,9Z-Octadecadienoylcarnitine",1
MAR09915,"Transport reactions","Transport of L-Oleoylcarnitine",1
MAR09916,"Transport reactions","Transport of O-Octadecanoyl-R-Carnitine",1
MAR09917,"Transport reactions","Transport of L-Palmitoylcarnitine",1
MAR09918,"Transport reactions","Transport of Palmitoleoyl-Carnitine",1
MAR09919,"Exchange/demand reactions","Exchange of L-Arginosuccinic Acid",0
MAR09920,"Exchange/demand reactions","Exchange of O-Acetylcarnitine",0
MAR09921,"Exchange/demand reactions","Exchange of O-Propanoylcarnitine",0
MAR09922,"Exchange/demand reactions","Exchange of 6Z,9Z-Octadecadienoylcarnitine",0
MAR09923,"Exchange/demand reactions","Exchange of L-Oleoylcarnitine",0
MAR09924,"Exchange/demand reactions","Exchange of O-Octadecanoyl-R-Carnitine",0
MAR09925,"Exchange/demand reactions","Exchange of L-Palmitoylcarnitine",0
MAR09926,"Exchange/demand reactions","Exchange of Palmitoleoyl-Carnitine",0
MAR09927,"Transport reactions","Transport of Creatine Phosphate, Extracellular (Assumed Diffusion)",0
MAR09928,"Transport reactions","Transport of Cis-Aconitate, Extracellular",0
MAR09929,"Transport reactions","Transport of Azelaic Acid (C08261, Azelate), Extracellular",0
MAR09930,"Transport reactions","Transport of Hippurate (Benzoylglycine), Extracellular",0
MAR09931,"Artificial reactions","Biomass maintenance reaction without replication precursors",0
MAR09932,"Artificial reactions","Biomass maintenance reaction without replication, transcription, and translation precursors",0
MAR09933,"Triacylglycerol synthesis","Acyl-DHAP Reductase",0
MAR09934,"Eicosanoid metabolism","Formation of 15-Keto-Prostaglandin F2A",1
MAR09935,"Lysine metabolism","Hydroxylation of 2-Oxoadipate",0
MAR09936,"Phenylalanine metabolism","Formation of Phenyl-Lactate",0
MAR09938,"Fatty acid biosynthesis","Desaturation of Myristic Acid to 9-Tetradecenoic Acid",1
MAR09939,"Histidine metabolism","Formation of Methyl-Histidine",0
MAR09940,"Lysine metabolism","Formation of Homocitrulline",0
MAR09941,"Valine, leucine, and isoleucine metabolism","Glycine N-Acyltransferase, Phenylacetate",0
MAR09942,"Cholesterol metabolism","Hydrolysis of 1-Gamma-Linolenoyl-Cholesterol, Cholesterol-Ester (18:3, Delta 6, 9, 12)",1
MAR09943,"Cholesterol metabolism","Hydrolysis of 1-Linoleoyl-Cholesterol, Cholesterol-Ester (18:2, Delta 9, 12)",1
MAR09944,"Cholesterol metabolism","Hydrolysis of 1-Vaccenoyl-Cholesterol, Cholesterol-Ester (18:1, Delta 11)",1
MAR09945,"Cholesterol metabolism","Hydrolysis of 1-Timnodnoyl-Cholesterol, Cholesterol-Ester (20:5, Delta 5, 8, 11, 14, 17)",1
MAR09946,"Cholesterol metabolism","Hydrolysis of Cholesteryl Arachidonate, Cholesterol-Ester (20:4, Delta 5, 8, 11, 14)",1
MAR09947,"Cholesterol metabolism","Hydrolysis of Cholesteryl Docosahexanoate, Cholesterol-Ester (22:6, Delta 4, 7, 10, 13, 16, 19)",1
MAR09948,"Fatty acid oxidation","Acylcoa Hydrolase, Cis, Cis-11, 14-Eicosadienoyl Coenzyme A",0
MAR09949,"Fatty acid oxidation","Acylcoa Hydrolase, Cytosolic",0
MAR09950,"Fatty acid oxidation","Hydrolysis of Tetradecadienoyl Coenzyme A to Cis-5, 8-Tetradecadienoic Acid",0
MAR09951,"Glycerophospholipid metabolism","Glycerophosphocholine Phosphodiesterase",1
MAR09952,"Lysine metabolism","Hydrolysis of Acetyl-Lysine",0
MAR09953,"Cysteine and methionine metabolism","Methionine Transaminase",0
MAR09954,"Cysteine and methionine metabolism","Methionine Decarboxylase",0
MAR09955,"Transport reactions","Secretion of 3-Methyl-Thio-Propionate",0
MAR09956,"Exchange/demand reactions","Exchange of 3-Methyl-Thio-Propionate",0
MAR09957,"Transport reactions","Transport of Elaidic Carnitine, Sodium Symport",0
MAR09958,"Transport reactions","Formation of Glycerol-3-Phosphate",0
MAR09959,"Transport reactions","Transport of Linoleyl Carnitine, Sodium Symport",0
MAR09960,"Transport reactions","Transport of Phenyl Lactate",0
MAR09961,"Transport reactions","Transport of Tetradecanoyl Carnitine, Sodium Symport",0
MAR09962,"Transport reactions","Transport of 12-Hydroperoxyeicosa-5, 8, 10, 14-Tetraenoate, by FATP",0
MAR09963,"Transport reactions","Transport of 15(S)-HPETE, Active Transport",0
MAR09964,"Transport reactions","Transport of 15-Keto-Prostaglandin F2A, Lactate Antiport",0
MAR09965,"Transport reactions","Transport of 21-Hydroxypregnenolone, Active Transport",0
MAR09966,"Transport reactions","Transport of 21-Hydroxypregnenolone, Diffusion",0
MAR09967,"Transport reactions","Transport of 2-Oxoadipate by Alpha-Ketoglutarate Antiport",0
MAR09968,"Transport reactions","Transport of 3- (4-Hydroxyphenyl)Lactate",0
MAR09969,"Transport reactions","Transport of 3-Hydroxy-2-Methylpropanoate, Diffusion",0
MAR09970,"Transport reactions","Transport of 3- (3-Hydroxy-Phenyl)Propionate Hydroxy Derivative Glucuronide into Urine",0
MAR09971,"Phenylalanine metabolism","Hydroxylation of 3- (3-Hydroxyphenyl)Propionate",0
MAR09972,"Transport reactions","Transpot of 3-Hydroxypropionate",0
MAR09973,"Transport reactions","Transport of Methyl-Histidine by System N Transport",0
MAR09974,"Transport reactions","Transport of Methyl-Histidine by System L Transport (Lat1)",0
MAR09975,"Transport reactions","Transport of Methyl-Histidine by System L Transport (Lat2)",0
MAR09976,"Transport reactions","Transport of 3-Methoxytyramine, Diffusion",0
MAR09977,"Transport reactions","Transport of 3-Ureidoisobutyrate, Diffusion",0
MAR09978,"Transport reactions","Diffusion of 4-Acetamidobutanoate",0
MAR09979,"Transport reactions","Transport of 4- (Trimethylammonio)Butanoate, Sodium Symport",0
MAR09980,"Transport reactions","Transport of 4- (Trimethylammonio)Butanoate, Proton Symport",0
MAR09981,"Transport reactions","Transport of 5, 6-Dihydrothymine, Sodium Symport",0
MAR09982,"Transport reactions","Transport of 5, 6-Dihydrothymine, Diffusion",0
MAR09983,"Transport reactions","Transport of 5, 6-Dihydrouracil, Sodium Symport",0
MAR09984,"Transport reactions","Transport of 5, 6-Dihydrouracil, Diffusion",0
MAR09985,"Transport reactions","Transport of 5-Amino-4-Oxopentanoate, Proton Symport",0
MAR09986,"Transport reactions","Transport of 5(S)-HPETE, Active Transport",0
MAR09987,"Transport reactions","Transport of 5(S)-HPETE, Diffusion",0
MAR09988,"Transport reactions","Transport of Cholesta-5, 7-Dien-3Beta-Ol, Active Transport",0
MAR09989,"Transport reactions","Transport of Cholesta-5, 7-Dien-3Beta-Ol, Diffusion",0
MAR09990,"Transport reactions","D-Arabitol Transport via Diffusion",0
MAR09991,"Transport reactions","D-Arabitol Transport in via Proton Symporter",0
MAR09992,"Pentose phosphate pathway","L-Arabinitol 4-Dehydrogenase",0
MAR09993,"Transport reactions","Transport of N-Acetyl-L-Glutamate, Diffusion",0
MAR09994,"Transport reactions","Intra-Cellular Transport of Acetyl-Glycine",0
MAR09995,"Transport reactions","Extracellular Transport of Acetyl-Glycine",0
MAR09996,"Transport reactions","Transport of Acetyl-Lysine, Extracellular",0
MAR09997,"Transport reactions","Intracellular Transport of Acetyl-Lysine",0
MAR09998,"Transport reactions","Diffusion of N(2)-Acetyl-L-Ornithine",0
MAR09999,"Transport reactions","Intra-Cellular Transport of Acetyl-Threonine",0
MAR10000,"Transport reactions","Extracellular Transport of Acetyl-Threonine",0
MAR10001,"Transport reactions","Transport of Adipic Acid, Diffusion",0
MAR10002,"Transport reactions","Secretion of 2-Hydroxyadipic Acid",0
MAR10003,"Transport reactions","Transport of Allantoin",0
MAR10004,"Transport reactions","Transport of S-Adenosyl-L-Methionine, Paracellular Transport",0
MAR10005,"Transport reactions","Secretion of 19-Hydroxyandrost-4-Ene-3, 17-Dione",0
MAR10006,"Transport reactions","Transport of Biliverdin",0
MAR10007,"Transport reactions","(S)-2-Aminobutanoate",0
MAR10008,"Transport reactions","Transport of N-Acetylmethionine, Extracellular",1
MAR10009,"Transport reactions","Transport of N-Acetylmethionine, Intracellular",0
MAR10010,"Transport reactions","Transport of Lithocholate, Active Transport",1
MAR10011,"Transport reactions","Transport of Lithocholate, Sodium Symport",1
MAR10012,"Transport reactions","Transport of Lithocholate, Intracellular",0
MAR10013,"Transport reactions","Transport of Lithocholate, Intracellular",0
MAR10014,"Transport reactions","Transport of Deoxycholate",1
MAR10015,"Transport reactions","Transport of Deoxycholate, Antiport with Bicarbonate",0
MAR10016,"Transport reactions","Transport of 13(S)-HPODE, Active",0
MAR10017,"Transport reactions","Transport of 13(S)-HPODE, Diffusion",0
MAR10018,"Transport reactions","Transport of 5(S)-HETE, Active Transport",0
MAR10019,"Transport reactions","Transport of 5(S)-HETE, Diffusion",0
MAR10020,"Transport reactions","Transport of Taurodeoxycholate",1
MAR10021,"Transport reactions","Transport of Taurodeoxycholate, Antiport with Bicarbonate",0
MAR10022,"Transport reactions","Transport of Prostaglandin A2, Lactate Antiport",0
MAR10032,"Transport reactions","Transport of Prostaglandin A2, Intracellular",0
MAR10133,"Transport reactions","Transport of Prostaglandin A2, Intracellular",0
MAR10134,"Transport reactions","Transport of Prostaglandin J2, Lactate Antiport",0
MAR10135,"Transport reactions","Transport of Prostaglandin J2, Diffusion",0
MAR10136,"Transport reactions","Transport of Lipoxin A4, Proton Symport",0
MAR10137,"Transport reactions","Transport of Lipoxin B4, Proton Symport",0
MAR10138,"Transport reactions","Transport of Prostaglandin E3, Lactate Antiport",0
MAR10139,"Transport reactions","Transport of Prostaglandin E3, Intracellular",0
MAR10140,"Transport reactions","Transport of Anandamide, Diffusion",0
MAR10141,"Transport reactions","Transport of 5, 6-EET, Active Transport",0
MAR10142,"Transport reactions","Transport of 5, 6-EET, Diffusion",0
MAR10143,"Transport reactions","Transport of 8, 9-EET, Diffusion",0
MAR10144,"Transport reactions","Transport of 8, 9-EET, Active Transport",0
MAR10145,"Exchange/demand reactions","Exchange of 8, 9-EET",0
MAR10146,"Transport reactions","Transport of 11, 12-EET, FATP",0
MAR10147,"Transport reactions","Transport of 14, 15-EET, Active Transport",0
MAR10148,"Transport reactions","Transport of 9 (10)-Epome, Active Transport",0
MAR10149,"Transport reactions","Transport of 9 (10)-Epome, Diffusion",0
MAR10150,"Transport reactions","Transport of 12 (13)-Epome, FATP",0
MAR10151,"Transport reactions","Transport of 12 (13)-Epome, Diffusion",0
MAR10152,"Transport reactions","Transport of 6-Oxo-Prostaglandin F1Alpha, Lactate Antiport",0
MAR10153,"Transport reactions","Transport of 6-Oxo-Prostaglandin F1Alpha, Intracellular",0
MAR10154,"Transport reactions","Transport of 12S-HHT, FATP",0
MAR10155,"Transport reactions","Transport of 5Beta-Cholestane-3Alpha, 7Alpha, 12Alpha, 24S, 25-Pentol, Active Transport",1
MAR10156,"Transport reactions","Transport of 5Beta-Cholestane-3Alpha, 7Alpha, 12Alpha, 24S, 25-Pentol, Atiport with Bicarbonate",0
MAR10157,"Transport reactions","Active Transport of 8-Dehydrocholesterol",0
MAR10158,"Transport reactions","Transport of 8-Dehydrocholesterol, Diffusion",0
MAR10159,"Transport reactions","Transport of Acetyl-Alanine",0
MAR10160,"Transport reactions","Transport of N-Acetyl-L-Asparagine",0
MAR10161,"Transport reactions","Transport for Beta-Hydroxy-Beta-Methylbutyrate",0
MAR10162,"Transport reactions","Transport of 3-O-Methyldopa",0
MAR10163,"Transport reactions","Transport of 6-Trans-Leukotriene B4, Active Transport",0
MAR10164,"Transport reactions","Transport of (8Z, 11Z, 14Z)-Eicosatrienoic Acid, Active Transport",0
MAR10165,"Transport reactions","Transport of 15-Hydroxy- (8Z, 11Z, 13E)-Eicosatrienoate, Active Transport",0
MAR10166,"Transport reactions","Transport of Cis, Cis-11, 14-Eicosadienoyl Coenzyme A, Active Transport",0
MAR10167,"Transport reactions","Transport of Cis, Cis-11, 14-Eicosadienoyl Coenzyme A, Diffusion",0
MAR10168,"Transport reactions","Transport of 15-Deoxy-Pgd2, Antiport with Lactate",0
MAR10169,"Transport reactions","Transport of Androsterone Sulfate",0
MAR10170,"Transport reactions","Transport of 5, 12, 20-Trihete, Active Transport",0
MAR10171,"Transport reactions","Transport of 15(S)-HEPE, Active Transport",0
MAR10172,"Transport reactions","Transport of Leukotriene B5, Active Transport",0
MAR10173,"Transport reactions","Transport of 14, 15-DIHETE, Active Transport",0
MAR10174,"Transport reactions","Extracellular Transport of Cortisone",0
MAR10175,"Transport reactions","Intracellular Transport of Cortisone",0
MAR10176,"Transport reactions","Transport of Dodecanedioic Acid by FATP",0
MAR10177,"Transport reactions","Transport of Dodecanedioic Acid by Diffusion",0
MAR10178,"Transport reactions","Transport of Elaidic Carnitine by Diffusion",0
MAR10179,"Exchange/demand reactions","Exchange of 12-Hydroperoxyeicosa-5, 8, 10, 14-Tetraenoate",0
MAR10180,"Exchange/demand reactions","Exchange of 15(S)-HPETE",0
MAR10181,"Exchange/demand reactions","Exchange of 15-Keto-Prostaglandin F2A",0
MAR10182,"Exchange/demand reactions","Exchange of 21-Hydroxypregnenolone",0
MAR10183,"Exchange/demand reactions","Exchange of 2-Oxoadipate",0
MAR10184,"Exchange/demand reactions","Exchange of 3- (4-Hydroxyphenyl)Lactate",0
MAR10185,"Exchange/demand reactions","Exchange of 3-Hydroxy-2-Methylpropanoate",0
MAR10186,"Exchange/demand reactions","Exchange of 3-Hydroxypropionate",0
MAR10187,"Exchange/demand reactions","Exchange of 3- (3-Hydroxy-Phenyl)Propionate Hydroxy Derivative Glucuronide",0
MAR10188,"Exchange/demand reactions","Exchange of Methyl-Histidine",0
MAR10189,"Exchange/demand reactions","Exchange of 3-Ureidoisobutyrate",0
MAR10190,"Exchange/demand reactions","Exchange of 4-Acetamidobutanoate",0
MAR10191,"Exchange/demand reactions","Exchange of 4- (Trimethylammonio)Butanoate",0
MAR10192,"Exchange/demand reactions","Exchange of 5, 6-Dihydrothymine",0
MAR10193,"Exchange/demand reactions","Exchange of 5, 6-Dihydrouracil",0
MAR10194,"Exchange/demand reactions","Exchange of 5(S)-HPETE",0
MAR10195,"Exchange/demand reactions","Exchange of Cholesta-5, 7-Dien-3Beta-Ol",0
MAR10196,"Exchange/demand reactions","Exchange of Acetyl-Glycine",0
MAR10197,"Exchange/demand reactions","Exchange of Acetyl-Lysine",0
MAR10198,"Exchange/demand reactions","Exchange of N (2)-Acetyl-L-Ornithine",0
MAR10199,"Exchange/demand reactions","Exchange of Acetyl-Threonine",0
MAR10200,"Exchange/demand reactions","Exchange of Adipic Acid",0
MAR10201,"Exchange/demand reactions","Exchange of 2-Hydroxyadipic Acid",0
MAR10202,"Exchange/demand reactions","Exchange of S-Adenosyl-L-Methionine",0
MAR10203,"Exchange/demand reactions","Exchange of 19-Hydroxyandrost-4-Ene-3, 17-Dione",0
MAR10204,"Exchange/demand reactions","Exchange of O-Arachidonoyl Ethanolamine",0
MAR10205,"Exchange/demand reactions","Exchange of Biliverdin",0
MAR10206,"Exchange/demand reactions","(S)-2-Aminobutanoate",0
MAR10207,"Exchange/demand reactions","Exchange of N-Acetylmethionine",0
MAR10208,"Exchange/demand reactions","Exchange of 13(S)-HPODE",0
MAR10209,"Exchange/demand reactions","Exchange of 5(S)-HETE",0
MAR10210,"Exchange/demand reactions","Exchange of Prostaglandin J2",0
MAR10211,"Exchange/demand reactions","Exchange of Lipoxin A4",0
MAR10212,"Exchange/demand reactions","Exchange of Lipoxin B4",0
MAR10213,"Exchange/demand reactions","Exchange of Anandamide",0
MAR10214,"Exchange/demand reactions","Exchange of 5, 6-EET",0
MAR10215,"Exchange/demand reactions","Exchange of 11, 12-EET",0
MAR10216,"Exchange/demand reactions","Exchange of 14, 15-EET",0
MAR10217,"Exchange/demand reactions","Exchange of 9 (10)-Epome",0
MAR10218,"Exchange/demand reactions","Exchange of 12 (13)-Epome",0
MAR10219,"Exchange/demand reactions","6-Oxo-Prostaglandin F1Alpha",0
MAR10220,"Exchange/demand reactions","Transport of 5Beta-Cholestane-3Alpha, 7Alpha, 12Alpha, 24S, 25-Pentol, ABC Transport",0
MAR10221,"Exchange/demand reactions","Exchange of 8-Dehydrocholesterol",0
MAR10222,"Exchange/demand reactions","Exchange of Acetyl-Alanine",0
MAR10223,"Exchange/demand reactions","Exchange of N-Acetyl-L-Asparagine",0
MAR10224,"Exchange/demand reactions","Exchange of Beta-Hydroxy-Beta-Methylbutyrate",0
MAR10225,"Exchange/demand reactions","Exchange of 3-O-Methyldopa",0
MAR10226,"Exchange/demand reactions","Exchange of 6-Trans-Leukotriene B4",0
MAR10227,"Exchange/demand reactions","Exchange of 15-Hydroxy- (8Z, 11Z, 13E)-Eicosatrienoate",0
MAR10228,"Fatty acid oxidation","Exchange of Cis, Cis-11, 14-Eicosadienoyl Coenzyme A",0
MAR10229,"Exchange/demand reactions","Exchange of 15-Deoxy-Pgd2",0
MAR10230,"Exchange/demand reactions","Exchange of Androsterone Sulfate",0
MAR10231,"Exchange/demand reactions","Exchange of 5, 12, 20-Trihete",0
MAR10232,"Exchange/demand reactions","Exchange of 15(S)-HEPE",0
MAR10233,"Exchange/demand reactions","Exchange of Leukotriene B5",0
MAR10234,"Exchange/demand reactions","Exchange of 14, 15-DIHETE",0
MAR10235,"Exchange/demand reactions","Exchange of Cortisone",0
MAR10236,"Exchange/demand reactions","Exchange of C12:0-Ethanolamide, Didecanoyl Ethanolamide",0
MAR10237,"Exchange/demand reactions","Exchange of Dihomo-Gamma-Linolenoyl Ethanolamide",0
MAR10238,"Exchange/demand reactions","Exchange of Docosahexaenoyl Ethanolamide",0
MAR10239,"Exchange/demand reactions","Exchange of Docosatetraenoyl Ethanolamide (22:4, Delta 7, 10, 13, 16)",0
MAR10240,"Exchange/demand reactions","Exchange of Dodecanedioic Acid",0
MAR10241,"Exchange/demand reactions","Exchange of Elaidic Carnitine",0
MAR10242,"Exchange/demand reactions","Exchange of N-Formimidoyl-L-Glutamate",0
MAR10243,"Exchange/demand reactions","Exchange of Methylmalonate",0
MAR10244,"Exchange/demand reactions","Exchange of Heptadecanoyl Thanolamide (C17:0)",0
MAR10245,"Exchange/demand reactions","Exchange of Hexadecenoyl Ethanolamide, C16:1-Ethanolamide (Delta 9)",0
MAR10246,"Exchange/demand reactions","Exchange of Hexadecanediocacid",0
MAR10247,"Exchange/demand reactions","Exchange of Homogentisate",0
MAR10248,"Exchange/demand reactions","Exchange of Homocarnosine",0
MAR10249,"Exchange/demand reactions","Exchange of Homocitrulline",0
MAR10250,"Exchange/demand reactions","Exchange of Hexanoate",0
MAR10251,"Exchange/demand reactions","Exchange of W-Carboxy Leukotriene B4",0
MAR10252,"Exchange/demand reactions","Exchnage for W-Hydroxyl Leukotriene B4",0
MAR10253,"Exchange/demand reactions","Exchange of Linoleoyl Ethanolamide",0
MAR10254,"Exchange/demand reactions","Exchange of Linoleyl Carnitine",0
MAR10255,"Exchange/demand reactions","Exchange of L-Pipecolic Acid",0
MAR10256,"Transport reactions","Exchange of Lathosterol",0
MAR10257,"Exchange/demand reactions","Exchange of 1-Arachidonoyl Glycerol",0
MAR10258,"Exchange/demand reactions","Exchange of 1-Linoleoylglycerol",0
MAR10259,"Exchange/demand reactions","Exchange of 1-Oleoylglycerol",0
MAR10260,"Exchange/demand reactions","Exchange of 1-Palmitoylglycerol",0
MAR10261,"Exchange/demand reactions","Exchange of 1-Stearoylglycerol",0
MAR10262,"Exchange/demand reactions","Exchange of (R)-Mevalonate",0
MAR10263,"Exchange/demand reactions","Exchange of Myo-Inositol 1-Phosphate",0
MAR10264,"Exchange/demand reactions","Exchange of N-Acetyl-L-Aspartate",0
MAR10265,"Exchange/demand reactions","Exchange of N- (Omega)-Hydroxyarginine",0
MAR10266,"Exchange/demand reactions","Exchange of Oleoyl Ethanolamide",0
MAR10267,"Exchange/demand reactions","Exchange of 1-Arachidonoylglycerophosphoinositol",0
MAR10268,"Exchange/demand reactions","Exchange of 1-Palmitoylglycerophosphoinositol",0
MAR10269,"Exchange/demand reactions","Exchange of 1-Stearoylglycerophosphoinositol",0
MAR10270,"Exchange/demand reactions","Exchange of 2-Linoleoylglycerophosphocholine",0
MAR10271,"Exchange/demand reactions","Exchange of 2-Oleoylglycerophosphocholine",0
MAR10272,"Exchange/demand reactions","Exchange of 2-Palmitoylglycerophosphocholine",0
MAR10273,"Exchange/demand reactions","Exchange of 2-Stearoylglycerophosphocholine",0
MAR10274,"Exchange/demand reactions","Exchange of 1-Arachidonoyl-Glycero-3-Phosphocholine",0
MAR10275,"Exchange/demand reactions","Exchange of 1-Docosahexaenoylglycerophosphocholine",0
MAR10276,"Exchange/demand reactions","Exchange of 1-Eicosadienoylglycerophosphocholine (Delta 11, 14)",0
MAR10277,"Exchange/demand reactions","Exchange of 1-Eicosatrienoylglycerophosphocholine (Delta 11, 14, 17)",0
MAR10278,"Exchange/demand reactions","Exchange of 1-Heptadecanoylglycerophosphocholine",0
MAR10279,"Exchange/demand reactions","Exchange of 1-Linoleoylglycerophosphocholine (Delta 9, 12)",0
MAR10280,"Exchange/demand reactions","Exchange of 1-Myristoylglycerophosphocholine",0
MAR10281,"Exchange/demand reactions","Exchange of 1-Pentadecanoylglycerophosphocholine, Sn1-Lpc (15:0)",0
MAR10282,"Exchange/demand reactions","Exchange of 1-Octadeca-Trienoylglycerophosphocholine, Sn1-Lpc (18:3, Delta 9, 12, 15)",0
MAR10283,"Exchange/demand reactions","Exchange of 1-Octadeca-Trienoylglycerophosphocholine, Sn1-Lpc (18:3, Delta 6, 9, 12)",0
MAR10284,"Exchange/demand reactions","Exchange of 1-NoNADecanoylglycerophosphocholine, Sn1-Lpc (19:0)",0
MAR10285,"Exchange/demand reactions","Exchange of 1-Eicosenoylglycerophosphocholine (Delta 11) , Sn1-Lpc (20:1)",0
MAR10286,"Exchange/demand reactions","Exchange of 1-Dihomo-Linolenoylglycerophosphocholine (20:3, Delta 8, 11, 14), Lysopc A C20:3",0
MAR10287,"Exchange/demand reactions","Exchange of 1-Eicosatetraenoylglycerophosphocholine (Delta 8, 11, 14, 17), Sn1-Lpc (20:4)",0
MAR10288,"Exchange/demand reactions","Exchange of 1-Eicosapentenoylglycerophosphocholine (Delta 5, 8, 11, 14, 17), Sn1-Lpc (20:5)",0
MAR10289,"Exchange/demand reactions","Exchange of 1-Docosatetraenoylglycerophosphocholine (Delta 7, 10, 13, 16), Sn1-Lpc (22:4)",0
MAR10290,"Exchange/demand reactions","Exchange of 1-Docosapentenoylglycerophosphocholine (Delta 7, 10, 13, 16, 19), Sn1-Lpc (22:5)-W3",0
MAR10291,"Exchange/demand reactions","Exchange of 1-Docosapentenoylglycerophosphocholine (Delta 4, 7, 10, 13, 16), Sn1-Lpc (22:5)-W6",0
MAR10292,"Exchange/demand reactions","Exchange of 1-Docosahexenoylglycerophosphocholine (Delta 4, 7, 10, 13, 16, 19), Sn1-Lpc (22:6)",0
MAR10293,"Exchange/demand reactions","Exchange of 1-Lignocericylglycerophosphocholine (24:0), Lysopc A C24",0
MAR10294,"Exchange/demand reactions","Exchange of Lysopc A C26:1 (Delta 5)",0
MAR10295,"Exchange/demand reactions","Exchange of Lysopc A C28:0",0
MAR10296,"Exchange/demand reactions","Exchange of Lysopc A C28:1 (Delta 5)",0
MAR10297,"Exchange/demand reactions","Exchange of 1-Oleoylglycerophosphocholine (Delta 9)",0
MAR10298,"Exchange/demand reactions","Exchange of 1-Palmitoylglycerophosphocholine",0
MAR10299,"Exchange/demand reactions","Exchange of 1-Palmitoleoylglycerophosphocholine (Delta 9)",0
MAR10300,"Exchange/demand reactions","Exchange of 1-Stearoylglycerophosphocholine",0
MAR10301,"Exchange/demand reactions","Exchange of Erythro-5-Hydroxy-L-Lysinium",0
MAR10302,"Exchange/demand reactions","Exchange of 1-Didecanoylglycerophosphoethanolamine (C12:0 Pe)",0
MAR10303,"Exchange/demand reactions","Exchange of 1-Tridecanoylglycerophosphoethanolamine (C13:0 Pe)",0
MAR10304,"Exchange/demand reactions","Exchange of 1-Myristoylglycerophosphoethanolamine (C14:0 Pe)",0
MAR10305,"Exchange/demand reactions","Exchange of 1-Pentadecanoylglycerophosphoethanolamine (C15:0 Pe)",0
MAR10306,"Exchange/demand reactions","Exchange of 1-Hexadecenoylglycerophosphoethanolamine (C16:1 Pe, Delta 9)",0
MAR10307,"Exchange/demand reactions","Exchange of 1-Heptadecanoylglycerophosphoethanolamine (C17:0 Pe)",0
MAR10308,"Exchange/demand reactions","Exchange of 1-Eicosatrienoylglycerophosphoethanolamine (Delta 11, 14, 17), Lpe (20:3)",0
MAR10309,"Exchange/demand reactions","Exchange of 1-Docosatetraenoyglycerophosphoethanolamine (22:4, Delta 7, 10, 13, 16)",0
MAR10310,"Exchange/demand reactions","Exchange of 1-Docosahexenoylglyceroethanolamine (Delta 4, 7, 10, 13, 16, 19), Lpe (22:6)",0
MAR10311,"Exchange/demand reactions","Exchange of 2-Linoleoylglycerophosphoethanolamine",0
MAR10312,"Exchange/demand reactions","Exchange of 1-Arachidonoyl-Sn-Glycero-3-Phosphoethanolamine",0
MAR10313,"Exchange/demand reactions","Exchange of 1-Dihomo-Linolenoylglycerophosphoethanolamine (20:3, Delta 8, 11, 14)",0
MAR10314,"Exchange/demand reactions","Exchange of 1-Linoleoylglycerophosphoethanolamine (Delta 9, 12)",0
MAR10315,"Exchange/demand reactions","Exchange of Pentadecanoyl Thanolamide (C15:0)",0
MAR10316,"Exchange/demand reactions","Exchange of 1-Oleoylglycerophosphoethanolamine (Delta 9)",0
MAR10317,"Exchange/demand reactions","Exchange of 1-Palmitoylglycerophosphoethanolamine",0
MAR10318,"Exchange/demand reactions","Exchange of 1-Stearoylglycerophosphoethanolamine",0
MAR10319,"Exchange/demand reactions","Exchange of Palmitoylethanolamide",0
MAR10320,"Exchange/demand reactions","Exchange of L-Saccharopinate",0
MAR10321,"Exchange/demand reactions","Exchange of Sebacic Acid",0
MAR10322,"Exchange/demand reactions","Exchange of Sphingomyelin (D18:0/24:1)",0
MAR10323,"Exchange/demand reactions","Exchange of Sphingomyelin (D18:1/14:0)",0
MAR10324,"Exchange/demand reactions","Exchange of Sphingomyelin (D18:1/15:0)",0
MAR10325,"Exchange/demand reactions","Exchange of Sphingomyelin (D18:1/16:0)",0
MAR10326,"Exchange/demand reactions","Exchange of Sphingomyelin (D18:1/16:1)",0
MAR10327,"Exchange/demand reactions","Exchange of Sphingomyelin (D18:1/17:0)",0
MAR10328,"Exchange/demand reactions","Exchange of Sphingomyelin (D18:1/18:0)",0
MAR10329,"Exchange/demand reactions","Exchange of Sphingomyelin (D18:1/18:1)",0
MAR10330,"Exchange/demand reactions","Exchange of Sphingomyelin (D18:1/20:0)",0
MAR10331,"Exchange/demand reactions","Exchange of Sphingomyelin (D18:1/20:1)",0
MAR10332,"Exchange/demand reactions","Exchange of Sphingomyelin (D18:1/21:0)",0
MAR10333,"Exchange/demand reactions","Exchange of Sphingomyelin (D18:1/22:0)",0
MAR10334,"Exchange/demand reactions","Exchange of Sphingomyelin (D18:1/22:1)",0
MAR10335,"Exchange/demand reactions","Exchange of Sphingomyelin (D18:1/23:0)",0
MAR10336,"Exchange/demand reactions","Exchange of Sphingomyelin (D18:0/24:0)",0
MAR10337,"Exchange/demand reactions","Exchange of Sphingomyelin (D18:0/25:0)",0
MAR10338,"Exchange/demand reactions","Exchange of Stearoyl Ethanolamide",0
MAR10339,"Exchange/demand reactions","Exchange of Suberic Acid",0
MAR10340,"Exchange/demand reactions","Exchange of Cis-5, 8-Tetradecadienoic Acid",0
MAR10341,"Exchange/demand reactions","Exchange of C14:0-Ethanolamide, Tetradecanoyl Ethanolamide",0
MAR10342,"Exchange/demand reactions","Exchange of L-Threonate",0
MAR10343,"Exchange/demand reactions","Exchange of N6, N6, N6-Trimethyl-L-Lysine",0
MAR10344,"Exchange/demand reactions","Exchange of Tridecanoyl Thanolamide (C13:0)",0
MAR10345,"Exchange/demand reactions","Exchange of Tetradecanoyl Carnitine",0
MAR10346,"Exchange/demand reactions","Exchange of Thromboxane B2",0
MAR10347,"Exchange/demand reactions","Exchange of Urocanate",0
MAR10348,"Exchange/demand reactions","Exchange of W-Hydroxyl Arachidonic Acid",0
MAR10349,"Exchange/demand reactions","Exchange of 1-Vaccenoyl-Cholesterol, Cholesterol-Ester (18:1, Delta 11)",0
MAR10350,"Exchange/demand reactions","Exchange of 1-Linoleoyl-Cholesterol, Cholesterol-Ester (18:2, Delta 9, 12)",0
MAR10351,"Exchange/demand reactions","Exchange of 1-Gamma-Linolenoyl-Cholesterol, Cholesterol-Ester (18:3, Delta 6, 9, 12)",0
MAR10352,"Exchange/demand reactions","Exchange of Cholesteryl Arachidonate, Cholesterol-Ester (20:4, Delta 5, 8, 11, 14)",0
MAR10353,"Exchange/demand reactions","Exchange of 1-Timnodnoyl-Cholesterol, Cholesterol-Ester (20:5, Delta 5, 8, 11, 14, 17)",0
MAR10354,"Exchange/demand reactions","Exchange of Cholesteryl Docosahexanoate, Cholesterol-Ester (22:6, Delta 4, 7, 10, 13, 16, 19)",0
MAR10355,"Transport reactions","Transport of N-Formimidoyl-L-Glutamate",0
MAR10356,"Transport reactions","Transport of Galactitol",0
MAR10357,"Glycine, serine and threonine metabolism","Acetylation of Glycine",0
MAR10358,"Lysine metabolism","Acetylation of Lysine",0
MAR10359,"Transport reactions","Transport of Glycerol-2-Phosphate",0
MAR10360,"Transport reactions","Diffusion of Glycolate",0
MAR10361,"Transport reactions","Malonate Transport, Antiport with Chloride",0
MAR10362,"Transport reactions","Malonate Transport, Antiport with Bicarbonate",0
MAR10363,"Transport reactions","Transport of Methylmalonate, Antiport with Sulphite",0
MAR10364,"Transport reactions","Transport of Methylmalonate, Antiport with Sulphate",0
MAR10365,"Transport reactions","Transport of Methylmalonate, Antiport with Thio-Sulphate",0
MAR10366,"Transport reactions","Transport of Methylmalonate, Antiport with Phsophate",0
MAR10367,"Transport reactions","Transport of O-Propanoylcarnitine, Sodium Symport",0
MAR10368,"Transport reactions","Transport of Hexadecanediocacid by FATP",0
MAR10369,"Transport reactions","Transport of Hexadecanediocacid by Diffusion",0
MAR10370,"Transport reactions","Transport of Homogentisate",0
MAR10371,"Transport reactions","Transport of Homocarnosine",0
MAR10372,"Transport reactions","Transport of Homocitrulline",0
MAR10373,"Transport reactions","3- (3-Hydroxyphenyl)Propionate Transport via Proton Symport, Reversible into Caco 2 Cells",0
MAR10374,"Fatty acid oxidation","Acyl-Coenzyme A Hydrolase, Mitochondrial",0
MAR10375,"Transport reactions","Transport of Hexanoate, Cytosol",0
MAR10376,"Transport reactions","Transport of Hexanoate, Peroxisome",0
MAR10377,"Fatty acid oxidation","Acylcoa Hydrolase, Peroxisome",0
MAR10378,"Transport reactions","Transport of Indole-3-Acetate",0
MAR10379,"Transport reactions","Transport of L-Cysteate, Taurine Transport System",0
MAR10380,"Transport reactions","Transport of W-Carboxy Leukotriene B4, Active Transport",0
MAR10381,"Transport reactions","Transport of W-Hydroxyl Leukotriene B4, Active Transport",0
MAR10382,"Transport reactions","Transport of W-Hydroxyl Leukotriene B4, Intracellular Transport",0
MAR10383,"Transport reactions","Transport of Linoleyl Carnitine, Diffusion",0
MAR10384,"Transport reactions","Transport of L-Pipecolic Acid by Sodium Symport, Extracellular",0
MAR10385,"Transport reactions","Transport of L-Pipecolic Acid by Sodium Symport, Intracellular",0
MAR10386,"Transport reactions","Transport of Lathosterol, Energy Dependant",0
MAR10387,"Transport reactions","Transport of Lathosterol, Diffusion",0
MAR10388,"Transport reactions","Transport of (R)-Mevalonate",0
MAR10389,"Exchange/demand reactions","Transport of Myo-Inositol 1-Phosphate, Proton Symport",0
MAR10390,"Transport reactions","Transport of N-Acetyl-L-Aspartate",0
MAR10391,"Transport reactions","Transport of N- (Omega)-Hydroxyarginine, Diffusion",0
MAR10392,"Transport reactions","Transport of Oxaloacetate, Proton Symport",0
MAR10393,"Transport reactions","Transport of Phenylacetate by Diffusion",0
MAR10394,"Transport reactions","Transport of Erythro-5-Hydroxy-L-Lysinium, Diffusion",0
MAR10395,"Transport reactions","Formation of Prostaglandin I2",0
MAR10396,"Transport reactions","Transport of O-Phospho-L-Serine, Diffusion",0
MAR10397,"Transport reactions","Transport of L-Saccharopinate, Intracellular",0
MAR10398,"Transport reactions","Transport of L-Saccharopinate, Extracellular",0
MAR10399,"Transport reactions","Transport of Sebacic Acid by Diffusion",0
MAR10400,"Transport reactions","Transport of Suberic Acid by Diffusion",0
MAR10401,"Transport reactions","Transport of Cis-5, 8-Tetradecadienoic Acid, Active Transport",0
MAR10402,"Transport reactions","Transport of Cis-5, 8-Tetradecadienoic Acid, Diffusion",0
MAR10403,"Glycine, serine and threonine metabolism","Acetylation of Threonine",0
MAR10404,"Transport reactions","Transport of L-Threonate by Active Transport",0
MAR10405,"Transport reactions","Transport of N6, N6, N6-Trimethyl-L-Lysine, Diffusion",0
MAR10406,"Eicosanoid metabolism","Formation of Thromboxane B2",0
MAR10407,"Transport reactions","Transport of Thromboxane B2",0
MAR10408,"Transport reactions","Transport of Urocanate",0
MAR10409,"Transport reactions","Transport of W-Hydroxyl Arachidonic Acid, Active Transport",0
MAR10410,"Transport reactions","Transport of W-Hydroxyl Arachidonic Acid, Diffusion",0
MAR10411,"Transport reactions","Transport of W-Hydroxyl Arachidonic Acid, Intracellular",0
MAR10412,"Valine, leucine, and isoleucine metabolism","Acetylation of Isoleucine",0
MAR10413,"Transport reactions","Transport of Acetyl Isoleucine, Intracellular",0
MAR10414,"Transport reactions","Transport of Acetyl Isoleucine, Extracellular",0
MAR10415,"Exchange/demand reactions","Exchange of Acetyl Isoleucine",0
MAR10416,"Valine, leucine, and isoleucine metabolism","Acetylation of Leucine",0
MAR10417,"Transport reactions","Transport of Acetyl Leucine, Intracellular",0
MAR10418,"Transport reactions","Transport of Acetyl Leucine, Extracellular",0
MAR10419,"Exchange/demand reactions","Exchange of Acetyl Leucine",0
MAR10420,"Transport reactions","Transport of Acetyl Homoserine, Intracellular",0
MAR10421,"Transport reactions","Transport of Acetyl Homoserine, Extracellular",0
MAR10422,"Exchange/demand reactions","Exchange of Acetyl Homoserine",0
MAR10423,"Transport reactions","Transport of Phenylacetylglycine, Extracellular",0
MAR10424,"Exchange/demand reactions","Exchange of Phenylacetylglycine",0
MAR10425,"Transport reactions","Transport of Estriol",0
MAR10426,"Exchange/demand reactions","Exchange of 3- (3-Hydroxy-Phenyl)Propionate",0
MAR10427,"Exchange/demand reactions","Exchange of 3-Methoxytyramine",0
MAR10428,"Exchange/demand reactions","Exchange of 5-Amino-4-Oxopentanoate",0
MAR10429,"Exchange/demand reactions","Exchange of D-Arabitol",0
MAR10430,"Exchange/demand reactions","Exchange of N-Acetyl-L-Glutamate",0
MAR10431,"Exchange/demand reactions","Exchange of Allantoin",0
MAR10432,"Exchange/demand reactions","Exchange of 11-Cis-Eicosenoate",0
MAR10433,"Exchange/demand reactions","Exchangefor (8Z, 11Z, 14Z)-Eicosatrienoic Acid",0
MAR10434,"Exchange/demand reactions","Exchange of Laurate",0
MAR10435,"Exchange/demand reactions","Exchange of Glycerol-2-Phosphate",0
MAR10436,"Exchange/demand reactions","Exchange of Glycolate",0
MAR10437,"Exchange/demand reactions","Exchnage for L-Cysteate",0
MAR10438,"Exchange/demand reactions","Exchange of Oxaloacetate",0
MAR10439,"Exchange/demand reactions","Exchange of Phenylacetate",0
MAR10440,"Exchange/demand reactions","Exchange of Phenyl Lactate",0
MAR10441,"Exchange/demand reactions","Exchange of O-Phospho-L-Serine",0
MAR10442,"Exchange/demand reactions","Exchange of Tetradecenoate (N-C14:1)",0
MAR10443,"Phenylalanine metabolism","Glucuronidation of 3- (3-Hydroxyphenyl)Propionate Hydroxy Derivative",0
MAR10444,"Glycine, serine and threonine metabolism","Acetylation of Homoserine",0
MAR10445,"Bile acid biosynthesis","Formation of Tauroursodeoxycholate",1
MAR10446,"Bile acid biosynthesis","Formation of Glycoursodeoxycholate",1
MAR10447,"Transport reactions","Formation of Sulfochenodeoxycholate",1
MAR10448,"Bile acid biosynthesis","Formation of 7-Ketolithocholate",0
MAR10449,"Bile acid biosynthesis","Formation of Ursodeoxycholate",0
MAR10450,"Bile acid biosynthesis","Formation of Ursodeoxycholyl Coa",0
MAR10451,"Bile acid biosynthesis","Transport of Bile Acid, Tauroursodeoxycholate, Active Transport",1
MAR10452,"Bile acid biosynthesis","Transport of Bile Acid, Glycoursodeoxycholate, Active Transport",1
MAR10453,"Transport reactions","Transport of Bile Acid, Ursodeoxycholate, Active Transport",1
MAR10454,"Transport reactions","Transport of Bile Acid, Sulfochenodeoxycholate, Active Transport",1
MAR10455,"Transport reactions","Transport of 26-Hydroxycholesterol, Intracellular",0
MAR10456,"Transport reactions","Intracellular Transport of Lysophosphatidic Acid",0
MAR10457,"Hippurate metabolism","Benzoyl Coenzyme A Formation",0
MAR10458,"Hippurate metabolism","Hippurate (Benzoylglycinate) Formation",0
MAR10459,"Phenylalanine metabolism","Glycine-N-Acetyltransferase",1
MAR10460,"Miscellaneous","P-Cresol Sulfate Formation from P-Cresol",1
MAR10461,"Miscellaneous","Indoxyl Formation from Indole",1
MAR10462,"Miscellaneous","Indoxyl Sulfate Formation from Indoxyl",1
MAR10463,"Transport reactions","Indole Uptake into the Liver",0
MAR10464,"Transport reactions","Indoxyl Sulfate Transport into the Kidney via Oat1 (Slc22A6)",1
MAR10465,"Transport reactions","P-Cresol Uptake into the Liver",0
MAR10466,"Transport reactions","Secretion of P-Cresol Sulfate",0
MAR10467,"Transport reactions","Uptake of P-Cresol Sulfate",0
MAR10468,"Transport reactions","3-Hydroxycinnamic Acid Uptake",0
MAR10469,"Transport reactions","3-Hydroxycinanmic Acid Secretion",0
MAR10470,"Transport reactions","3-Hydroxyphenylpropionic Acid Uptake",0
MAR10471,"Transport reactions","3-Hydroxyphenylpropionic Acid Secretion",0
MAR10472,"Exchange/demand reactions","3-Hydroxycinnamic Acid Exchange",0
MAR10473,"Exchange/demand reactions","3-Hydroxyphenylpropionic Acid Exchange",0
MAR10474,"Exchange/demand reactions","Exchange of Hippurate (Benzoylglycinate)",0
MAR10475,"Exchange/demand reactions","Benzoic Acid Exchange",0
MAR10476,"Exchange/demand reactions","P-Cresol Exchange",0
MAR10477,"Exchange/demand reactions","Exchange of P-Cresol Sulfate",0
MAR10478,"Exchange/demand reactions","Exchange of Indoxyl Sulfate",0
MAR10479,"Transport reactions","Transport of L-Normetanephrine",0
MAR10480,"Transport reactions","Transport of Metanephrine",0
MAR10481,"Transport reactions","Transport of Trehalose, Reversible",0
MAR10482,"Transport reactions","Transport of 16Alpha-Hydroxyestrone",0
MAR10483,"Transport reactions","Transport of Retinal",0
MAR10484,"Transport reactions","Transport of Maltotetraose, Reversible",0
MAR10485,"Transport reactions","Transport of Leucylleucine, Reversible",0
MAR10486,"Transport reactions","Transport of Glycylproline",0
MAR10487,"Transport reactions","Transport of Prolylglycine",0
MAR10488,"Transport reactions","Transport of 6,7-Dihydrobiopterin",0
MAR10489,"Transport reactions","Transport of 5,6,7,8-Tetrahydrobiopterin",0
MAR10490,"Exchange/demand reactions","Exchange of L-Normetanephrine",0
MAR10491,"Exchange/demand reactions","Exchange of 16Alpha-Hydroxyestrone",0
MAR10492,"Exchange/demand reactions","Exchange of Retinal",0
MAR10493,"Exchange/demand reactions","Exchange of Maltotetraose",0
MAR10494,"Exchange/demand reactions","Exchange of L-Prolinylglycine",0
MAR10495,"Exchange/demand reactions","Exchange of 6,7-Dihydrobiopterin",0
MAR10496,"Exchange/demand reactions","Exchange of 5,6,7,8-Tetrahydrobiopterin",0
MAR10497,"Exchange/demand reactions","Exchange of AlaArgCys",0
MAR10498,"Exchange/demand reactions","Exchange of AlaArgGly",0
MAR10499,"Exchange/demand reactions","Exchange of AlaAsnLeu",0
MAR10500,"Exchange/demand reactions","Exchange of AlaGlyLys",0
MAR10501,"Exchange/demand reactions","Exchange of AlaHisAla",0
MAR10502,"Exchange/demand reactions","Exchange of AlaLysThr",0
MAR10503,"Exchange/demand reactions","Exchange of ArgAlaAla",0
MAR10504,"Exchange/demand reactions","Exchange of ArgAlaPhe",0
MAR10505,"Exchange/demand reactions","Exchange of ArgAlaThr",0
MAR10506,"Exchange/demand reactions","Exchange of ArgArg",0
MAR10507,"Exchange/demand reactions","Exchange of ArgArgLys",0
MAR10508,"Exchange/demand reactions","Exchange of ArgArgMet",0
MAR10509,"Exchange/demand reactions","Exchange of ArgCysGly",0
MAR10510,"Exchange/demand reactions","Exchange of ArgCysSer",0
MAR10511,"Exchange/demand reactions","Exchange of ArgGluGlu",0
MAR10512,"Exchange/demand reactions","Exchange of ArgGluPro",0
MAR10513,"Exchange/demand reactions","Exchange of ArgGlyGly",0
MAR10514,"Exchange/demand reactions","Exchange of ArgHisThr",0
MAR10515,"Exchange/demand reactions","Exchange of ArgLeuPhe",0
MAR10516,"Exchange/demand reactions","Exchange of ArgLysAsp",0
MAR10517,"Exchange/demand reactions","Exchange of ArgPheArg",0
MAR10518,"Exchange/demand reactions","Exchange of ArgProMet",0
MAR10519,"Exchange/demand reactions","Exchange of ArgProThr",0
MAR10520,"Exchange/demand reactions","Exchange of ArgSerSer",0
MAR10521,"Exchange/demand reactions","Exchange of ArgtyrVal",0
MAR10522,"Exchange/demand reactions","Exchange of ArgValCys",0
MAR10523,"Exchange/demand reactions","Exchange of ArgValTrp",0
MAR10524,"Exchange/demand reactions","Exchange of AsnAsnArg",0
MAR10525,"Exchange/demand reactions","Exchange of AsnCysCys",0
MAR10526,"Exchange/demand reactions","Exchange of AsnMetPro",0
MAR10527,"Exchange/demand reactions","Exchange of AsnPheAsp",0
MAR10528,"Exchange/demand reactions","Exchange of AsnPheCys",0
MAR10529,"Exchange/demand reactions","Exchange of AsntyrGly",0
MAR10530,"Exchange/demand reactions","Exchange of AsntyrPhe",0
MAR10531,"Exchange/demand reactions","Exchange of AsntyrThr",0
MAR10532,"Exchange/demand reactions","Exchange of AspAlaArg",0
MAR10533,"Exchange/demand reactions","Exchange of AspAsnGlu",0
MAR10534,"Exchange/demand reactions","Exchange of AspGlu",0
MAR10535,"Exchange/demand reactions","Exchange of AspGluPro",0
MAR10536,"Exchange/demand reactions","Exchange of AspGluTrp",0
MAR10537,"Exchange/demand reactions","Exchange of AspHisCys",0
MAR10538,"Exchange/demand reactions","Exchange of AspHisPro",0
MAR10539,"Exchange/demand reactions","Exchange of AspLysGlu",0
MAR10540,"Exchange/demand reactions","Exchange of AspLysHis",0
MAR10541,"Exchange/demand reactions","Exchange of AspMetAsp",0
MAR10542,"Exchange/demand reactions","Exchange of AspProLys",0
MAR10543,"Exchange/demand reactions","Exchange of AspValAsn",0
MAR10544,"Exchange/demand reactions","Exchange of CysAsnMet",0
MAR10545,"Exchange/demand reactions","Exchange of CysAspPhe",0
MAR10546,"Exchange/demand reactions","Exchange of CysCys",0
MAR10547,"Exchange/demand reactions","Exchange of CysGlnMet",0
MAR10548,"Exchange/demand reactions","Exchange of CysGluHis",0
MAR10549,"Exchange/demand reactions","Exchange of CysGluTrp",0
MAR10550,"Exchange/demand reactions","Exchange of CysLeuThr",0
MAR10551,"Exchange/demand reactions","Exchange of CysSerMet",0
MAR10552,"Exchange/demand reactions","Exchange of CystyrAsn",0
MAR10553,"Exchange/demand reactions","Exchange of GlnAsnGln",0
MAR10554,"Exchange/demand reactions","Exchange of GlnHisHis",0
MAR10555,"Exchange/demand reactions","Exchange of GlnHisLys",0
MAR10556,"Exchange/demand reactions","Exchange of GlnLysLys",0
MAR10557,"Exchange/demand reactions","Exchange of GlnLysTrp",0
MAR10558,"Exchange/demand reactions","Exchange of GlnProGlu",0
MAR10559,"Exchange/demand reactions","Exchange of GlnTrpGlu",0
MAR10560,"Exchange/demand reactions","Exchange of GlntyrLeu",0
MAR10561,"Exchange/demand reactions","Exchange of GluArgLeu",0
MAR10562,"Exchange/demand reactions","Exchange of GluAsnLeu",0
MAR10563,"Exchange/demand reactions","Exchange of GluGlu",0
MAR10564,"Exchange/demand reactions","Exchange of GluIleLys",0
MAR10565,"Exchange/demand reactions","Exchange of GluLeu",0
MAR10566,"Exchange/demand reactions","Exchange of GluMet",0
MAR10567,"Exchange/demand reactions","Exchange of GluMetHis",0
MAR10568,"Exchange/demand reactions","Exchange of GluThr",0
MAR10569,"Exchange/demand reactions","Exchange of GluThrLys",0
MAR10570,"Exchange/demand reactions","Exchange of GluTrpAla",0
MAR10571,"Exchange/demand reactions","Exchange of GlyHisAsn",0
MAR10572,"Exchange/demand reactions","Exchange of GlyHisLys",0
MAR10573,"Exchange/demand reactions","Exchange of GlyLysCys",0
MAR10574,"Exchange/demand reactions","Exchange of GlyLysPhe",0
MAR10575,"Exchange/demand reactions","Exchange of GlytyrLys",0
MAR10576,"Exchange/demand reactions","Exchange of GlyValHis",0
MAR10577,"Exchange/demand reactions","Exchange of HisArgCys",0
MAR10578,"Exchange/demand reactions","Exchange of HisArgSer",0
MAR10579,"Exchange/demand reactions","Exchange of HisAsp",0
MAR10580,"Exchange/demand reactions","Exchange of HisCysCys",0
MAR10581,"Exchange/demand reactions","Exchange of HisGlnAla",0
MAR10582,"Exchange/demand reactions","Exchange of HisGlu",0
MAR10583,"Exchange/demand reactions","Exchange of HisGluGln",0
MAR10584,"Exchange/demand reactions","Exchange of HisGlyLys",0
MAR10585,"Exchange/demand reactions","Exchange of HisHisLys",0
MAR10586,"Exchange/demand reactions","Exchange of HisLysAla",0
MAR10587,"Exchange/demand reactions","Exchange of HisLysGlu",0
MAR10588,"Exchange/demand reactions","Exchange of HisLysIle",0
MAR10589,"Exchange/demand reactions","Exchange of HisLysThr",0
MAR10590,"Exchange/demand reactions","Exchange of HisLysVal",0
MAR10591,"Exchange/demand reactions","Exchange of HisMet",0
MAR10592,"Exchange/demand reactions","Exchange of HisMetGln",0
MAR10593,"Exchange/demand reactions","Exchange of HisPheArg",0
MAR10594,"Exchange/demand reactions","Exchange of HisProLys",0
MAR10595,"Exchange/demand reactions","Exchange of HisTrpHis",0
MAR10596,"Exchange/demand reactions","Exchange of IleArgIle",0
MAR10597,"Exchange/demand reactions","Exchange of IleAsnHis",0
MAR10598,"Exchange/demand reactions","Exchange of IleAsp",0
MAR10599,"Exchange/demand reactions","Exchange of IleGlnGlu",0
MAR10600,"Exchange/demand reactions","Exchange of IleGlyArg",0
MAR10601,"Exchange/demand reactions","Exchange of IleProLys",0
MAR10602,"Exchange/demand reactions","Exchange of IleSerArg",0
MAR10603,"Exchange/demand reactions","Exchange of IleTrptyr",0
MAR10604,"Exchange/demand reactions","Exchange of LeuAlaArg",0
MAR10605,"Exchange/demand reactions","Exchange of LeuAsnAsp",0
MAR10606,"Exchange/demand reactions","Exchange of LeuAspLys",0
MAR10607,"Exchange/demand reactions","Exchange of LeuLeuTrp",0
MAR10608,"Exchange/demand reactions","Exchange of LeuPro",0
MAR10609,"Exchange/demand reactions","Exchange of LeuProArg",0
MAR10610,"Exchange/demand reactions","Exchange of LeuSerTrp",0
MAR10611,"Exchange/demand reactions","Exchange of LeuTrp",0
MAR10612,"Exchange/demand reactions","Exchange of LeuTrpArg",0
MAR10613,"Exchange/demand reactions","Exchange of Leutyrtyr",0
MAR10614,"Exchange/demand reactions","Exchange of LeuVal",0
MAR10615,"Exchange/demand reactions","Exchange of LysArgLeu",0
MAR10616,"Exchange/demand reactions","Exchange of LysCysHis",0
MAR10617,"Exchange/demand reactions","Exchange of LysGlnPhe",0
MAR10618,"Exchange/demand reactions","Exchange of LysGluGlu",0
MAR10619,"Exchange/demand reactions","Exchange of LysLysLys",0
MAR10620,"Exchange/demand reactions","Exchange of LysPheIle",0
MAR10621,"Exchange/demand reactions","Exchange of LysTrpArg",0
MAR10622,"Exchange/demand reactions","Exchange of LystyrIle",0
MAR10623,"Exchange/demand reactions","Exchange of LysValPhe",0
MAR10624,"Exchange/demand reactions","Exchange of LysValTrp",0
MAR10625,"Exchange/demand reactions","Exchange of MetArgLeu",0
MAR10626,"Exchange/demand reactions","Exchange of MetAsntyr",0
MAR10627,"Exchange/demand reactions","Exchange of MetGlntyr",0
MAR10628,"Exchange/demand reactions","Exchange of MetGlyArg",0
MAR10629,"Exchange/demand reactions","Exchange of MetHisLys",0
MAR10630,"Exchange/demand reactions","Exchange of MetMetIle",0
MAR10631,"Exchange/demand reactions","Exchange of MetPheArg",0
MAR10632,"Exchange/demand reactions","Exchange of MetTrpPhe",0
MAR10633,"Exchange/demand reactions","Exchange of PheAsnMet",0
MAR10634,"Exchange/demand reactions","Exchange of PheAsp",0
MAR10635,"Exchange/demand reactions","Exchange of PheGlnPhe",0
MAR10636,"Exchange/demand reactions","Exchange of PheLeu",0
MAR10637,"Exchange/demand reactions","Exchange of PheLeuAsp",0
MAR10638,"Exchange/demand reactions","Exchange of PheLeuHis",0
MAR10639,"Exchange/demand reactions","Exchange of PheLysAla",0
MAR10640,"Exchange/demand reactions","Exchange of PheLysPro",0
MAR10641,"Exchange/demand reactions","Exchange of PhePhe",0
MAR10642,"Exchange/demand reactions","Exchange of PhePheAsn",0
MAR10643,"Exchange/demand reactions","Exchange of PhePheThr",0
MAR10644,"Exchange/demand reactions","Exchange of PheProArg",0
MAR10645,"Exchange/demand reactions","Exchange of PheSerTrp",0
MAR10646,"Exchange/demand reactions","Exchange of PheThrLys",0
MAR10647,"Exchange/demand reactions","Exchange of PheTrpLeu",0
MAR10648,"Exchange/demand reactions","Exchange of Phetyr",0
MAR10649,"Exchange/demand reactions","Exchange of PhetyrGln",0
MAR10650,"Exchange/demand reactions","Exchange of PhetyrLys",0
MAR10651,"Exchange/demand reactions","Exchange of ProArgAsp",0
MAR10652,"Exchange/demand reactions","Exchange of ProArgCys",0
MAR10653,"Exchange/demand reactions","Exchange of ProAsnCys",0
MAR10654,"Exchange/demand reactions","Exchange of ProCys",0
MAR10655,"Exchange/demand reactions","Exchange of ProGlnPro",0
MAR10656,"Exchange/demand reactions","Exchange of ProGluLys",0
MAR10657,"Exchange/demand reactions","Exchange of ProHis",0
MAR10658,"Exchange/demand reactions","Exchange of ProHistyr",0
MAR10659,"Exchange/demand reactions","Exchange of ProLeuArg",0
MAR10660,"Exchange/demand reactions","Exchange of ProLysPro",0
MAR10661,"Exchange/demand reactions","Exchange of ProPhe",0
MAR10662,"Exchange/demand reactions","Exchange of ProProArg",0
MAR10663,"Exchange/demand reactions","Exchange of ProProPro",0
MAR10664,"Exchange/demand reactions","Exchange of ProTrpLys",0
MAR10665,"Exchange/demand reactions","Exchange of ProTrpThr",0
MAR10666,"Exchange/demand reactions","Exchange of ProValGln",0
MAR10667,"Exchange/demand reactions","Exchange of SerArgAla",0
MAR10668,"Exchange/demand reactions","Exchange of SerArgTrp",0
MAR10669,"Exchange/demand reactions","Exchange of SerCysArg",0
MAR10670,"Exchange/demand reactions","Exchange of SerGlyGlu",0
MAR10671,"Exchange/demand reactions","Exchange of SerLysHis",0
MAR10672,"Exchange/demand reactions","Exchange of SerPheLys",0
MAR10673,"Exchange/demand reactions","Exchange of SerTrpHis",0
MAR10674,"Exchange/demand reactions","Exchange of ThrArgtyr",0
MAR10675,"Exchange/demand reactions","Exchange of ThrAsntyr",0
MAR10676,"Exchange/demand reactions","Exchange of ThrGlnGlu",0
MAR10677,"Exchange/demand reactions","Exchange of ThrGlntyr",0
MAR10678,"Exchange/demand reactions","Exchange of ThrHisHis",0
MAR10679,"Exchange/demand reactions","Exchange of ThrIleArg",0
MAR10680,"Exchange/demand reactions","Exchange of ThrMetArg",0
MAR10681,"Exchange/demand reactions","Exchange of ThrPheArg",0
MAR10682,"Exchange/demand reactions","Exchange of ThrSerArg",0
MAR10683,"Exchange/demand reactions","Exchange of ThrThrArg",0
MAR10684,"Exchange/demand reactions","Exchange of ThrtyrMet",0
MAR10685,"Exchange/demand reactions","Exchange of TrpAlaPro",0
MAR10686,"Exchange/demand reactions","Exchange of TrpArgAla",0
MAR10687,"Exchange/demand reactions","Exchange of TrpAspAsp",0
MAR10688,"Exchange/demand reactions","Exchange of TrpGlnGln",0
MAR10689,"Exchange/demand reactions","Exchange of TrpGluGly",0
MAR10690,"Exchange/demand reactions","Exchange of TrpGluLeu",0
MAR10691,"Exchange/demand reactions","Exchange of TrpGluPro",0
MAR10692,"Exchange/demand reactions","Exchange of TrpGlutyr",0
MAR10693,"Exchange/demand reactions","Exchange of TrpGlyLeu",0
MAR10694,"Exchange/demand reactions","Exchange of TrpGlyPhe",0
MAR10695,"Exchange/demand reactions","Exchange of TrpGlyVal",0
MAR10696,"Exchange/demand reactions","Exchange of TrpHisMet",0
MAR10697,"Exchange/demand reactions","Exchange of TrpIleLys",0
MAR10698,"Exchange/demand reactions","Exchange of TrpIleTrp",0
MAR10699,"Exchange/demand reactions","Exchange of TrpLeuVal",0
MAR10700,"Exchange/demand reactions","Exchange of TrpLys",0
MAR10701,"Exchange/demand reactions","Exchange of TrpMetArg",0
MAR10702,"Exchange/demand reactions","Exchange of TrpMetVal",0
MAR10703,"Exchange/demand reactions","Exchange of TrpPhe",0
MAR10704,"Exchange/demand reactions","Exchange of TrpProGly",0
MAR10705,"Exchange/demand reactions","Exchange of TrpProLeu",0
MAR10706,"Exchange/demand reactions","Exchange of TrpProVal",0
MAR10707,"Exchange/demand reactions","Exchange of TrpSertyr",0
MAR10708,"Exchange/demand reactions","Exchange of TrpThrGlu",0
MAR10709,"Exchange/demand reactions","Exchange of TrpThrIle",0
MAR10710,"Exchange/demand reactions","Exchange of TrpThrtyr",0
MAR10711,"Exchange/demand reactions","Exchange of TrptyrGln",0
MAR10712,"Exchange/demand reactions","Exchange of Trptyrtyr",0
MAR10713,"Exchange/demand reactions","Exchange of TrpValAsp",0
MAR10714,"Exchange/demand reactions","Exchange of TyrAla",0
MAR10715,"Exchange/demand reactions","Exchange of TyrAlaPhe",0
MAR10716,"Exchange/demand reactions","Exchange of TyrArgGlu",0
MAR10717,"Exchange/demand reactions","Exchange of TyrArgSer",0
MAR10718,"Exchange/demand reactions","Exchange of TyrAspArg",0
MAR10719,"Exchange/demand reactions","Exchange of TyrCysGly",0
MAR10720,"Exchange/demand reactions","Exchange of TyrCysThr",0
MAR10721,"Exchange/demand reactions","Exchange of TyrGlu",0
MAR10722,"Exchange/demand reactions","Exchange of TyrLeuArg",0
MAR10723,"Exchange/demand reactions","Exchange of TyrPhetyr",0
MAR10724,"Exchange/demand reactions","Exchange of TyrThr",0
MAR10725,"Exchange/demand reactions","Exchange of TyrTrpPhe",0
MAR10726,"Exchange/demand reactions","Exchange of Tyrtyr",0
MAR10727,"Exchange/demand reactions","Exchange of TyrValMet",0
MAR10728,"Exchange/demand reactions","Exchange of ValArgGly",0
MAR10729,"Exchange/demand reactions","Exchange of ValHisAsn",0
MAR10730,"Exchange/demand reactions","Exchange of ValLeuPhe",0
MAR10731,"Exchange/demand reactions","Exchange of ValLystyr",0
MAR10732,"Exchange/demand reactions","Exchange of ValPheArg",0
MAR10733,"Exchange/demand reactions","Exchange of ValProTrp",0
MAR10734,"Exchange/demand reactions","Exchange of ValSerArg",0
MAR10735,"Exchange/demand reactions","Exchange of ValTrpPhe",0
MAR10736,"Exchange/demand reactions","Exchange of ValTrpVal",0
MAR10737,"Exchange/demand reactions","Exchange of ValVal",0
MAR10738,"Exchange/demand reactions","Exchange of TrpGlyAsp",0
MAR10739,"Transport reactions","Transport of AlaArgCys, Extracellular",1
MAR10740,"Transport reactions","Transport of AlaArgGly, Extracellular",1
MAR10741,"Transport reactions","Transport of AlaAsnLeu, Extracellular",1
MAR10742,"Transport reactions","Transport of AlaGlyLys, Extracellular",1
MAR10743,"Transport reactions","Transport of AlaHisAla, Extracellular",1
MAR10744,"Transport reactions","Transport of AlaLysThr, Extracellular",1
MAR10745,"Transport reactions","Transport of ArgAlaAla, Extracellular",1
MAR10746,"Transport reactions","Transport of ArgAlaPhe, Extracellular",1
MAR10747,"Transport reactions","Transport of ArgAlaThr, Extracellular",1
MAR10748,"Transport reactions","Transport of ArgArg, Extracellular",1
MAR10749,"Transport reactions","Transport of ArgArgLys, Extracellular",1
MAR10750,"Transport reactions","Transport of ArgArgMet, Extracellular",1
MAR10751,"Transport reactions","Transport of ArgCysGly, Extracellular",1
MAR10752,"Transport reactions","Transport of ArgCysSer, Extracellular",1
MAR10753,"Transport reactions","Transport of ArgGluGlu, Extracellular",1
MAR10754,"Transport reactions","Transport of ArgGluPro, Extracellular",1
MAR10755,"Transport reactions","Transport of ArgGlyGly, Extracellular",1
MAR10756,"Transport reactions","Transport of ArgHisThr, Extracellular",1
MAR10757,"Transport reactions","Transport of ArgLeuPhe, Extracellular",1
MAR10758,"Transport reactions","Transport of ArgLysAsp, Extracellular",1
MAR10759,"Transport reactions","Transport of ArgPheArg, Extracellular",1
MAR10760,"Transport reactions","Transport of ArgProMet, Extracellular",1
MAR10761,"Transport reactions","Transport of ArgProThr, Extracellular",1
MAR10762,"Transport reactions","Transport of ArgSerSer, Extracellular",1
MAR10763,"Transport reactions","Transport of ArgtyrVal, Extracellular",1
MAR10764,"Transport reactions","Transport of ArgValCys, Extracellular",1
MAR10765,"Transport reactions","Transport of ArgValTrp, Extracellular",1
MAR10766,"Transport reactions","Transport of AsnAsnArg, Extracellular",1
MAR10767,"Transport reactions","Transport of AsnCysCys, Extracellular",1
MAR10768,"Transport reactions","Transport of AsnMetPro, Extracellular",1
MAR10769,"Transport reactions","Transport of AsnPheAsp, Extracellular",1
MAR10770,"Transport reactions","Transport of AsnPheCys, Extracellular",1
MAR10771,"Transport reactions","Transport of AsntyrGly, Extracellular",1
MAR10772,"Transport reactions","Transport of AsntyrPhe, Extracellular",1
MAR10773,"Transport reactions","Transport of AsntyrThr, Extracellular",1
MAR10774,"Transport reactions","Transport of AspAlaArg, Extracellular",1
MAR10775,"Transport reactions","Transport of AspAsnGlu, Extracellular",1
MAR10776,"Transport reactions","Transport of AspGlu, Extracellular",1
MAR10777,"Transport reactions","Transport of AspGluPro, Extracellular",1
MAR10778,"Transport reactions","Transport of AspGluTrp, Extracellular",1
MAR10779,"Transport reactions","Transport of AspHisCys, Extracellular",1
MAR10780,"Transport reactions","Transport of AspHisPro, Extracellular",1
MAR10781,"Transport reactions","Transport of AspLysGlu, Extracellular",1
MAR10782,"Transport reactions","Transport of AspLysHis, Extracellular",1
MAR10783,"Transport reactions","Transport of AspMetAsp, Extracellular",1
MAR10784,"Transport reactions","Transport of AspProLys, Extracellular",1
MAR10785,"Transport reactions","Transport of AspValAsn, Extracellular",1
MAR10786,"Transport reactions","Transport of CysAsnMet, Extracellular",1
MAR10787,"Transport reactions","Transport of CysAspPhe, Extracellular",1
MAR10788,"Transport reactions","Transport of CysCys, Extracellular",1
MAR10789,"Transport reactions","Transport of CysGlnMet, Extracellular",1
MAR10790,"Transport reactions","Transport of CysGluHis, Extracellular",1
MAR10791,"Transport reactions","Transport of CysGluTrp, Extracellular",1
MAR10792,"Transport reactions","Transport of CysLeuThr, Extracellular",1
MAR10793,"Transport reactions","Transport of CysSerMet, Extracellular",1
MAR10794,"Transport reactions","Transport of CystyrAsn, Extracellular",1
MAR10795,"Transport reactions","Transport of GlnAsnGln, Extracellular",1
MAR10796,"Transport reactions","Transport of GlnHisHis, Extracellular",1
MAR10797,"Transport reactions","Transport of GlnHisLys, Extracellular",1
MAR10798,"Transport reactions","Transport of GlnLysLys, Extracellular",1
MAR10799,"Transport reactions","Transport of GlnLysTrp, Extracellular",1
MAR10800,"Transport reactions","Transport of GlnProGlu, Extracellular",1
MAR10801,"Transport reactions","Transport of GlnTrpGlu, Extracellular",1
MAR10802,"Transport reactions","Transport of GlntyrLeu, Extracellular",1
MAR10803,"Transport reactions","Transport of GluArgLeu, Extracellular",1
MAR10804,"Transport reactions","Transport of GluAsnLeu, Extracellular",1
MAR10805,"Transport reactions","Transport of GluGlu, Extracellular",1
MAR10806,"Transport reactions","Transport of GluIleLys, Extracellular",1
MAR10807,"Transport reactions","Transport of GluLeu, Extracellular",1
MAR10808,"Transport reactions","Transport of GluMet, Extracellular",1
MAR10809,"Transport reactions","Transport of GluMetHis, Extracellular",1
MAR10810,"Transport reactions","Transport of GluThr, Extracellular",1
MAR10811,"Transport reactions","Transport of GluThrLys, Extracellular",1
MAR10812,"Transport reactions","Transport of GluTrpAla, Extracellular",1
MAR10813,"Transport reactions","Transport of GlyHisAsn, Extracellular",1
MAR10814,"Transport reactions","Transport of GlyHisLys, Extracellular",1
MAR10815,"Transport reactions","Transport of GlyLysCys, Extracellular",1
MAR10816,"Transport reactions","Transport of GlyLysPhe, Extracellular",1
MAR10817,"Transport reactions","Transport of GlytyrLys, Extracellular",1
MAR10818,"Transport reactions","Transport of GlyValHis, Extracellular",1
MAR10819,"Transport reactions","Transport of HisArgCys, Extracellular",1
MAR10820,"Transport reactions","Transport of HisArgSer, Extracellular",1
MAR10821,"Transport reactions","Transport of HisAsp, Extracellular",1
MAR10822,"Transport reactions","Transport of HisCysCys, Extracellular",1
MAR10823,"Transport reactions","Transport of HisGlnAla, Extracellular",1
MAR10824,"Transport reactions","Transport of HisGlu, Extracellular",1
MAR10825,"Transport reactions","Transport of HisGluGln, Extracellular",1
MAR10826,"Transport reactions","Transport of HisGlyLys, Extracellular",1
MAR10827,"Transport reactions","Transport of HisHisLys, Extracellular",1
MAR10828,"Transport reactions","Transport of HisLysAla, Extracellular",1
MAR10829,"Transport reactions","Transport of HisLysGlu, Extracellular",1
MAR10830,"Transport reactions","Transport of HisLysIle, Extracellular",1
MAR10831,"Transport reactions","Transport of HisLysThr, Extracellular",1
MAR10832,"Transport reactions","Transport of HisLysVal, Extracellular",1
MAR10833,"Transport reactions","Transport of HisMet, Extracellular",1
MAR10834,"Transport reactions","Transport of HisMetGln, Extracellular",1
MAR10835,"Transport reactions","Transport of HisPheArg, Extracellular",1
MAR10836,"Transport reactions","Transport of HisProLys, Extracellular",1
MAR10837,"Transport reactions","Transport of HisTrpHis, Extracellular",1
MAR10838,"Transport reactions","Transport of IleArgIle, Extracellular",1
MAR10839,"Transport reactions","Transport of IleAsnHis, Extracellular",1
MAR10840,"Transport reactions","Transport of IleAsp, Extracellular",1
MAR10841,"Transport reactions","Transport of IleGlnGlu, Extracellular",1
MAR10842,"Transport reactions","Transport of IleGlyArg, Extracellular",1
MAR10843,"Transport reactions","Transport of IleProLys, Extracellular",1
MAR10844,"Transport reactions","Transport of IleSerArg, Extracellular",1
MAR10845,"Transport reactions","Transport of IleTrptyr, Extracellular",1
MAR10846,"Transport reactions","Transport of LeuAlaArg, Extracellular",1
MAR10847,"Transport reactions","Transport of LeuAsnAsp, Extracellular",1
MAR10848,"Transport reactions","Transport of LeuAspLys, Extracellular",1
MAR10849,"Transport reactions","Transport of LeuLeuTrp, Extracellular",1
MAR10850,"Transport reactions","Transport of LeuPro, Extracellular",1
MAR10851,"Transport reactions","Transport of LeuProArg, Extracellular",1
MAR10852,"Transport reactions","Transport of LeuSerTrp, Extracellular",1
MAR10853,"Transport reactions","Transport of LeuTrp, Extracellular",1
MAR10854,"Transport reactions","Transport of LeuTrpArg, Extracellular",1
MAR10855,"Transport reactions","Transport of Leutyrtyr, Extracellular",1
MAR10856,"Transport reactions","Transport of LeuVal, Extracellular",1
MAR10857,"Transport reactions","Transport of LysArgLeu, Extracellular",1
MAR10858,"Transport reactions","Transport of LysCysHis, Extracellular",1
MAR10859,"Transport reactions","Transport of LysGlnPhe, Extracellular",1
MAR10860,"Transport reactions","Transport of LysGluGlu, Extracellular",1
MAR10861,"Transport reactions","Transport of LysLysLys, Extracellular",1
MAR10862,"Transport reactions","Transport of LysPheIle, Extracellular",1
MAR10863,"Transport reactions","Transport of LysTrpArg, Extracellular",1
MAR10864,"Transport reactions","Transport of LystyrIle, Extracellular",1
MAR10865,"Transport reactions","Transport of LysValPhe, Extracellular",1
MAR10866,"Transport reactions","Transport of LysValTrp, Extracellular",1
MAR10867,"Transport reactions","Transport of MetArgLeu, Extracellular",1
MAR10868,"Transport reactions","Transport of MetAsntyr, Extracellular",1
MAR10869,"Transport reactions","Transport of MetGlntyr, Extracellular",1
MAR10870,"Transport reactions","Transport of MetGlyArg, Extracellular",1
MAR10871,"Transport reactions","Transport of MetHisLys, Extracellular",1
MAR10872,"Transport reactions","Transport of MetMetIle, Extracellular",1
MAR10873,"Transport reactions","Transport of MetPheArg, Extracellular",1
MAR10874,"Transport reactions","Transport of MetTrpPhe, Extracellular",1
MAR10875,"Transport reactions","Transport of PheAsnMet, Extracellular",1
MAR10876,"Transport reactions","Transport of PheAsp, Extracellular",1
MAR10877,"Transport reactions","Transport of PheGlnPhe, Extracellular",1
MAR10878,"Transport reactions","Transport of PheLeu, Extracellular",1
MAR10879,"Transport reactions","Transport of PheLeuAsp, Extracellular",1
MAR10880,"Transport reactions","Transport of PheLeuHis, Extracellular",1
MAR10881,"Transport reactions","Transport of PheLysAla, Extracellular",1
MAR10882,"Transport reactions","Transport of PheLysPro, Extracellular",1
MAR10883,"Transport reactions","Transport of PhePhe, Extracellular",1
MAR10884,"Transport reactions","Transport of PhePheAsn, Extracellular",1
MAR10885,"Transport reactions","Transport of PhePheThr, Extracellular",1
MAR10886,"Transport reactions","Transport of PheProArg, Extracellular",1
MAR10887,"Transport reactions","Transport of PheSerTrp, Extracellular",1
MAR10888,"Transport reactions","Transport of PheThrLys, Extracellular",1
MAR10889,"Transport reactions","Transport of PheTrpLeu, Extracellular",1
MAR10890,"Transport reactions","Transport of Phetyr, Extracellular",1
MAR10891,"Transport reactions","Transport of PhetyrGln, Extracellular",1
MAR10892,"Transport reactions","Transport of PhetyrLys, Extracellular",1
MAR10893,"Transport reactions","Transport of ProArgAsp, Extracellular",1
MAR10894,"Transport reactions","Transport of ProArgCys, Extracellular",1
MAR10895,"Transport reactions","Transport of ProAsnCys, Extracellular",1
MAR10896,"Transport reactions","Transport of ProCys, Extracellular",1
MAR10897,"Transport reactions","Transport of ProGlnPro, Extracellular",1
MAR10898,"Transport reactions","Transport of ProGluLys, Extracellular",1
MAR10899,"Transport reactions","Transport of ProHis, Extracellular",1
MAR10900,"Transport reactions","Transport of ProHistyr, Extracellular",1
MAR10901,"Transport reactions","Transport of ProLeuArg, Extracellular",1
MAR10902,"Transport reactions","Transport of ProLysPro, Extracellular",1
MAR10903,"Transport reactions","Transport of ProPhe, Extracellular",1
MAR10904,"Transport reactions","Transport of ProProArg, Extracellular",1
MAR10905,"Transport reactions","Transport of ProProPro, Extracellular",1
MAR10906,"Transport reactions","Transport of ProTrpLys, Extracellular",1
MAR10907,"Transport reactions","Transport of ProTrpThr, Extracellular",1
MAR10908,"Transport reactions","Transport of ProValGln, Extracellular",1
MAR10909,"Transport reactions","Transport of SerArgAla, Extracellular",1
MAR10910,"Transport reactions","Transport of SerArgTrp, Extracellular",1
MAR10911,"Transport reactions","Transport of SerCysArg, Extracellular",1
MAR10912,"Transport reactions","Transport of SerGlyGlu, Extracellular",1
MAR10913,"Transport reactions","Transport of SerLysHis, Extracellular",1
MAR10914,"Transport reactions","Transport of SerPheLys, Extracellular",1
MAR10915,"Transport reactions","Transport of SerTrpHis, Extracellular",1
MAR10916,"Transport reactions","Transport of ThrArgtyr, Extracellular",1
MAR10917,"Transport reactions","Transport of ThrAsntyr, Extracellular",1
MAR10918,"Transport reactions","Transport of ThrGlnGlu, Extracellular",1
MAR10919,"Transport reactions","Transport of ThrGlntyr, Extracellular",1
MAR10920,"Transport reactions","Transport of ThrHisHis, Extracellular",1
MAR10921,"Transport reactions","Transport of ThrIleArg, Extracellular",1
MAR10922,"Transport reactions","Transport of ThrMetArg, Extracellular",1
MAR10923,"Transport reactions","Transport of ThrPheArg, Extracellular",1
MAR10924,"Transport reactions","Transport of ThrSerArg, Extracellular",1
MAR10925,"Transport reactions","Transport of ThrThrArg, Extracellular",1
MAR10926,"Transport reactions","Transport of ThrtyrMet, Extracellular",1
MAR10927,"Transport reactions","Transport of TrpAlaPro, Extracellular",1
MAR10928,"Transport reactions","Transport of TrpArgAla, Extracellular",1
MAR10929,"Transport reactions","Transport of TrpAspAsp, Extracellular",1
MAR10930,"Transport reactions","Transport of TrpGlnGln, Extracellular",1
MAR10931,"Transport reactions","Transport of TrpGluGly, Extracellular",1
MAR10932,"Transport reactions","Transport of TrpGluLeu, Extracellular",1
MAR10933,"Transport reactions","Transport of TrpGluPro, Extracellular",1
MAR10934,"Transport reactions","Transport of TrpGlutyr, Extracellular",1
MAR10935,"Transport reactions","Transport of TrpGlyLeu, Extracellular",1
MAR10936,"Transport reactions","Transport of TrpGlyPhe, Extracellular",1
MAR10937,"Transport reactions","Transport of TrpGlyVal, Extracellular",1
MAR10938,"Transport reactions","Transport of TrpHisMet, Extracellular",1
MAR10939,"Transport reactions","Transport of TrpIleLys, Extracellular",1
MAR10940,"Transport reactions","Transport of TrpIleTrp, Extracellular",1
MAR10941,"Transport reactions","Transport of TrpLeuVal, Extracellular",1
MAR10942,"Transport reactions","Transport of TrpLys, Extracellular",1
MAR10943,"Transport reactions","Transport of TrpMetArg, Extracellular",1
MAR10944,"Transport reactions","Transport of TrpMetVal, Extracellular",1
MAR10945,"Transport reactions","Transport of TrpPhe, Extracellular",1
MAR10946,"Transport reactions","Transport of TrpProGly, Extracellular",1
MAR10947,"Transport reactions","Transport of TrpProLeu, Extracellular",1
MAR10948,"Transport reactions","Transport of TrpProVal, Extracellular",1
MAR10949,"Transport reactions","Transport of TrpSertyr, Extracellular",1
MAR10950,"Transport reactions","Transport of TrpThrGlu, Extracellular",1
MAR10951,"Transport reactions","Transport of TrpThrIle, Extracellular",1
MAR10952,"Transport reactions","Transport of TrpThrtyr, Extracellular",1
MAR10953,"Transport reactions","Transport of TrptyrGln, Extracellular",1
MAR10954,"Transport reactions","Transport of Trptyrtyr, Extracellular",1
MAR10955,"Transport reactions","Transport of TrpValAsp, Extracellular",1
MAR10956,"Transport reactions","Transport of TyrAla, Extracellular",1
MAR10957,"Transport reactions","Transport of TyrAlaPhe, Extracellular",1
MAR10958,"Transport reactions","Transport of TyrArgGlu, Extracellular",1
MAR10959,"Transport reactions","Transport of TyrArgSer, Extracellular",1
MAR10960,"Transport reactions","Transport of TyrAspArg, Extracellular",1
MAR10961,"Transport reactions","Transport of TyrCysGly, Extracellular",1
MAR10962,"Transport reactions","Transport of TyrCysThr, Extracellular",1
MAR10963,"Transport reactions","Transport of TyrGlu, Extracellular",1
MAR10964,"Transport reactions","Transport of TyrLeuArg, Extracellular",1
MAR10965,"Transport reactions","Transport of TyrPhetyr, Extracellular",1
MAR10966,"Transport reactions","Transport of TyrThr, Extracellular",1
MAR10967,"Transport reactions","Transport of TyrTrpPhe, Extracellular",1
MAR10968,"Transport reactions","Transport of Tyrtyr, Extracellular",1
MAR10969,"Transport reactions","Transport of TyrValMet, Extracellular",1
MAR10970,"Transport reactions","Transport of ValArgGly, Extracellular",1
MAR10971,"Transport reactions","Transport of ValHisAsn, Extracellular",1
MAR10972,"Transport reactions","Transport of ValLeuPhe, Extracellular",1
MAR10973,"Transport reactions","Transport of ValLystyr, Extracellular",1
MAR10974,"Transport reactions","Transport of ValPheArg, Extracellular",1
MAR10975,"Transport reactions","Transport of ValProTrp, Extracellular",1
MAR10976,"Transport reactions","Transport of ValSerArg, Extracellular",1
MAR10977,"Transport reactions","Transport of ValTrpPhe, Extracellular",1
MAR10978,"Transport reactions","Transport of ValTrpVal, Extracellular",1
MAR10979,"Transport reactions","Transport of ValVal, Extracellular",1
MAR10980,"Transport reactions","Transport of TrpGlyAsp, Extracellular",1
MAR10981,"Peptide metabolism","Metabolism (Formation/Degradation) of AlaArgCys",0
MAR10982,"Peptide metabolism","Metabolism (Formation/Degradation) of AlaArgGly",0
MAR10983,"Peptide metabolism","Metabolism (Formation/Degradation) of AlaAsnLeu",0
MAR10984,"Peptide metabolism","Metabolism (Formation/Degradation) of AlaGlyLys",0
MAR10985,"Peptide metabolism","Metabolism (Formation/Degradation) of AlaHisAla",0
MAR10986,"Peptide metabolism","Metabolism (Formation/Degradation) of AlaLysThr",0
MAR10987,"Peptide metabolism","Metabolism (Formation/Degradation) of ArgAlaAla",0
MAR10988,"Peptide metabolism","Metabolism (Formation/Degradation) of ArgAlaPhe",0
MAR10989,"Peptide metabolism","Metabolism (Formation/Degradation) of ArgAlaThr",0
MAR10990,"Peptide metabolism","Metabolism (Formation/Degradation) of ArgArg",0
MAR10991,"Peptide metabolism","Metabolism (Formation/Degradation) of ArgArgLys",0
MAR10992,"Peptide metabolism","Metabolism (Formation/Degradation) of ArgArgMet",0
MAR10993,"Peptide metabolism","Metabolism (Formation/Degradation) of ArgCysGly",0
MAR10994,"Peptide metabolism","Metabolism (Formation/Degradation) of ArgCysSer",0
MAR10995,"Peptide metabolism","Metabolism (Formation/Degradation) of ArgGluGlu",0
MAR10996,"Peptide metabolism","Metabolism (Formation/Degradation) of ArgGluPro",0
MAR10997,"Peptide metabolism","Metabolism (Formation/Degradation) of ArgGlyGly",0
MAR10998,"Peptide metabolism","Metabolism (Formation/Degradation) of ArgHisThr",0
MAR10999,"Peptide metabolism","Metabolism (Formation/Degradation) of ArgLeuPhe",0
MAR11000,"Peptide metabolism","Metabolism (Formation/Degradation) of ArgLysAsp",0
MAR11001,"Peptide metabolism","Metabolism (Formation/Degradation) of ArgPheArg",0
MAR11002,"Peptide metabolism","Metabolism (Formation/Degradation) of ArgProMet",0
MAR11003,"Peptide metabolism","Metabolism (Formation/Degradation) of ArgProThr",0
MAR11004,"Peptide metabolism","Metabolism (Formation/Degradation) of ArgSerSer",0
MAR11005,"Peptide metabolism","Metabolism (Formation/Degradation) of ArgtyrVal",0
MAR11006,"Peptide metabolism","Metabolism (Formation/Degradation) of ArgValCys",0
MAR11007,"Peptide metabolism","Metabolism (Formation/Degradation) of ArgValTrp",0
MAR11008,"Peptide metabolism","Metabolism (Formation/Degradation) of AsnAsnArg",0
MAR11009,"Peptide metabolism","Metabolism (Formation/Degradation) of AsnCysCys",0
MAR11010,"Peptide metabolism","Metabolism (Formation/Degradation) of AsnMetPro",0
MAR11011,"Peptide metabolism","Metabolism (Formation/Degradation) of AsnPheAsp",0
MAR11012,"Peptide metabolism","Metabolism (Formation/Degradation) of AsnPheCys",0
MAR11013,"Peptide metabolism","Metabolism (Formation/Degradation) of AsntyrGly",0
MAR11014,"Peptide metabolism","Metabolism (Formation/Degradation) of AsntyrPhe",0
MAR11015,"Peptide metabolism","Metabolism (Formation/Degradation) of AsntyrThr",0
MAR11016,"Peptide metabolism","Metabolism (Formation/Degradation) of AspAlaArg",0
MAR11017,"Peptide metabolism","Metabolism (Formation/Degradation) of AspAsnGlu",0
MAR11018,"Peptide metabolism","Metabolism (Formation/Degradation) of AspGlu",0
MAR11019,"Peptide metabolism","Metabolism (Formation/Degradation) of AspGluPro",0
MAR11020,"Peptide metabolism","Metabolism (Formation/Degradation) of AspGluTrp",0
MAR11021,"Peptide metabolism","Metabolism (Formation/Degradation) of AspHisCys",0
MAR11022,"Peptide metabolism","Metabolism (Formation/Degradation) of AspHisPro",0
MAR11023,"Peptide metabolism","Metabolism (Formation/Degradation) of AspLysGlu",0
MAR11024,"Peptide metabolism","Metabolism (Formation/Degradation) of AspLysHis",0
MAR11025,"Peptide metabolism","Metabolism (Formation/Degradation) of AspMetAsp",0
MAR11026,"Peptide metabolism","Metabolism (Formation/Degradation) of AspProLys",0
MAR11027,"Peptide metabolism","Metabolism (Formation/Degradation) of AspValAsn",0
MAR11028,"Peptide metabolism","Metabolism (Formation/Degradation) of CysAsnMet",0
MAR11029,"Peptide metabolism","Metabolism (Formation/Degradation) of CysAspPhe",0
MAR11030,"Peptide metabolism","Metabolism (Formation/Degradation) of CysCys",0
MAR11031,"Peptide metabolism","Metabolism (Formation/Degradation) of CysGlnMet",0
MAR11032,"Peptide metabolism","Metabolism (Formation/Degradation) of CysGluHis",0
MAR11033,"Peptide metabolism","Metabolism (Formation/Degradation) of CysGluTrp",0
MAR11034,"Peptide metabolism","Metabolism (Formation/Degradation) of CysLeuThr",0
MAR11035,"Peptide metabolism","Metabolism (Formation/Degradation) of CysSerMet",0
MAR11036,"Peptide metabolism","Metabolism (Formation/Degradation) of CystyrAsn",0
MAR11037,"Peptide metabolism","Metabolism (Formation/Degradation) of GlnAsnGln",0
MAR11038,"Peptide metabolism","Metabolism (Formation/Degradation) of GlnHisHis",0
MAR11039,"Peptide metabolism","Metabolism (Formation/Degradation) of GlnHisLys",0
MAR11040,"Peptide metabolism","Metabolism (Formation/Degradation) of GlnLysLys",0
MAR11041,"Peptide metabolism","Metabolism (Formation/Degradation) of GlnLysTrp",0
MAR11042,"Peptide metabolism","Metabolism (Formation/Degradation) of GlnProGlu",0
MAR11043,"Peptide metabolism","Metabolism (Formation/Degradation) of GlnTrpGlu",0
MAR11044,"Peptide metabolism","Metabolism (Formation/Degradation) of GlntyrLeu",0
MAR11045,"Peptide metabolism","Metabolism (Formation/Degradation) of GluArgLeu",0
MAR11046,"Peptide metabolism","Metabolism (Formation/Degradation) of GluAsnLeu",0
MAR11047,"Peptide metabolism","Metabolism (Formation/Degradation) of GluGlu",0
MAR11048,"Peptide metabolism","Metabolism (Formation/Degradation) of GluIleLys",0
MAR11049,"Peptide metabolism","Metabolism (Formation/Degradation) of GluLeu",0
MAR11050,"Peptide metabolism","Metabolism (Formation/Degradation) of GluMet",0
MAR11051,"Peptide metabolism","Metabolism (Formation/Degradation) of GluMetHis",0
MAR11052,"Peptide metabolism","Metabolism (Formation/Degradation) of GluThr",0
MAR11053,"Peptide metabolism","Metabolism (Formation/Degradation) of GluThrLys",0
MAR11054,"Peptide metabolism","Metabolism (Formation/Degradation) of GluTrpAla",0
MAR11055,"Peptide metabolism","Metabolism (Formation/Degradation) of GlyHisAsn",0
MAR11056,"Peptide metabolism","Metabolism (Formation/Degradation) of GlyHisLys",0
MAR11057,"Peptide metabolism","Metabolism (Formation/Degradation) of GlyLysCys",0
MAR11058,"Peptide metabolism","Metabolism (Formation/Degradation) of GlyLysPhe",0
MAR11059,"Peptide metabolism","Metabolism (Formation/Degradation) of GlytyrLys",0
MAR11060,"Peptide metabolism","Metabolism (Formation/Degradation) of GlyValHis",0
MAR11061,"Peptide metabolism","Metabolism (Formation/Degradation) of HisArgCys",0
MAR11062,"Peptide metabolism","Metabolism (Formation/Degradation) of HisArgSer",0
MAR11063,"Peptide metabolism","Metabolism (Formation/Degradation) of HisAsp",0
MAR11064,"Peptide metabolism","Metabolism (Formation/Degradation) of HisCysCys",0
MAR11065,"Peptide metabolism","Metabolism (Formation/Degradation) of HisGlnAla",0
MAR11066,"Peptide metabolism","Metabolism (Formation/Degradation) of HisGlu",0
MAR11067,"Peptide metabolism","Metabolism (Formation/Degradation) of HisGluGln",0
MAR11068,"Peptide metabolism","Metabolism (Formation/Degradation) of HisGlyLys",0
MAR11069,"Peptide metabolism","Metabolism (Formation/Degradation) of HisHisLys",0
MAR11070,"Peptide metabolism","Metabolism (Formation/Degradation) of HisLysAla",0
MAR11071,"Peptide metabolism","Metabolism (Formation/Degradation) of HisLysGlu",0
MAR11072,"Peptide metabolism","Metabolism (Formation/Degradation) of HisLysIle",0
MAR11073,"Peptide metabolism","Metabolism (Formation/Degradation) of HisLysThr",0
MAR11074,"Peptide metabolism","Metabolism (Formation/Degradation) of HisLysVal",0
MAR11075,"Peptide metabolism","Metabolism (Formation/Degradation) of HisMet",0
MAR11076,"Peptide metabolism","Metabolism (Formation/Degradation) of HisMetGln",0
MAR11077,"Peptide metabolism","Metabolism (Formation/Degradation) of HisPheArg",0
MAR11078,"Peptide metabolism","Metabolism (Formation/Degradation) of HisProLys",0
MAR11079,"Peptide metabolism","Metabolism (Formation/Degradation) of HisTrpHis",0
MAR11080,"Peptide metabolism","Metabolism (Formation/Degradation) of IleArgIle",0
MAR11081,"Peptide metabolism","Metabolism (Formation/Degradation) of IleAsnHis",0
MAR11082,"Peptide metabolism","Metabolism (Formation/Degradation) of IleAsp",0
MAR11083,"Peptide metabolism","Metabolism (Formation/Degradation) of IleGlnGlu",0
MAR11084,"Peptide metabolism","Metabolism (Formation/Degradation) of IleGlyArg",0
MAR11085,"Peptide metabolism","Metabolism (Formation/Degradation) of IleProLys",0
MAR11086,"Peptide metabolism","Metabolism (Formation/Degradation) of IleSerArg",0
MAR11087,"Peptide metabolism","Metabolism (Formation/Degradation) of IleTrptyr",0
MAR11088,"Peptide metabolism","Metabolism (Formation/Degradation) of LeuAlaArg",0
MAR11089,"Peptide metabolism","Metabolism (Formation/Degradation) of LeuAsnAsp",0
MAR11090,"Peptide metabolism","Metabolism (Formation/Degradation) of LeuAspLys",0
MAR11091,"Peptide metabolism","Metabolism (Formation/Degradation) of LeuLeuTrp",0
MAR11092,"Peptide metabolism","Metabolism (Formation/Degradation) of LeuPro",0
MAR11093,"Peptide metabolism","Metabolism (Formation/Degradation) of LeuProArg",0
MAR11094,"Peptide metabolism","Metabolism (Formation/Degradation) of LeuSerTrp",0
MAR11095,"Peptide metabolism","Metabolism (Formation/Degradation) of LeuTrp",0
MAR11096,"Peptide metabolism","Metabolism (Formation/Degradation) of LeuTrpArg",0
MAR11097,"Peptide metabolism","Metabolism (Formation/Degradation) of Leutyrtyr",0
MAR11098,"Peptide metabolism","Metabolism (Formation/Degradation) of LeuVal",0
MAR11099,"Peptide metabolism","Metabolism (Formation/Degradation) of LysArgLeu",0
MAR11100,"Peptide metabolism","Metabolism (Formation/Degradation) of LysCysHis",0
MAR11101,"Peptide metabolism","Metabolism (Formation/Degradation) of LysGlnPhe",0
MAR11102,"Peptide metabolism","Metabolism (Formation/Degradation) of LysGluGlu",0
MAR11103,"Peptide metabolism","Metabolism (Formation/Degradation) of LysLysLys",0
MAR11104,"Peptide metabolism","Metabolism (Formation/Degradation) of LysPheIle",0
MAR11105,"Peptide metabolism","Metabolism (Formation/Degradation) of LysTrpArg",0
MAR11106,"Peptide metabolism","Metabolism (Formation/Degradation) of LystyrIle",0
MAR11107,"Peptide metabolism","Metabolism (Formation/Degradation) of LysValPhe",0
MAR11108,"Peptide metabolism","Metabolism (Formation/Degradation) of LysValTrp",0
MAR11109,"Peptide metabolism","Metabolism (Formation/Degradation) of MetArgLeu",0
MAR11110,"Peptide metabolism","Metabolism (Formation/Degradation) of MetAsntyr",0
MAR11111,"Peptide metabolism","Metabolism (Formation/Degradation) of MetGlntyr",0
MAR11112,"Peptide metabolism","Metabolism (Formation/Degradation) of MetGlyArg",0
MAR11113,"Peptide metabolism","Metabolism (Formation/Degradation) of MetHisLys",0
MAR11114,"Peptide metabolism","Metabolism (Formation/Degradation) of MetMetIle",0
MAR11115,"Peptide metabolism","Metabolism (Formation/Degradation) of MetPheArg",0
MAR11116,"Peptide metabolism","Metabolism (Formation/Degradation) of MetTrpPhe",0
MAR11117,"Peptide metabolism","Metabolism (Formation/Degradation) of PheAsnMet",0
MAR11118,"Peptide metabolism","Metabolism (Formation/Degradation) of PheAsp",0
MAR11119,"Peptide metabolism","Metabolism (Formation/Degradation) of PheGlnPhe",0
MAR11120,"Peptide metabolism","Metabolism (Formation/Degradation) of PheLeu",0
MAR11121,"Peptide metabolism","Metabolism (Formation/Degradation) of PheLeuAsp",0
MAR11122,"Peptide metabolism","Metabolism (Formation/Degradation) of PheLeuHis",0
MAR11123,"Peptide metabolism","Metabolism (Formation/Degradation) of PheLysAla",0
MAR11124,"Peptide metabolism","Metabolism (Formation/Degradation) of PheLysPro",0
MAR11125,"Peptide metabolism","Metabolism (Formation/Degradation) of PhePhe",0
MAR11126,"Peptide metabolism","Metabolism (Formation/Degradation) of PhePheAsn",0
MAR11127,"Peptide metabolism","Metabolism (Formation/Degradation) of PhePheThr",0
MAR11128,"Peptide metabolism","Metabolism (Formation/Degradation) of PheProArg",0
MAR11129,"Peptide metabolism","Metabolism (Formation/Degradation) of PheSerTrp",0
MAR11130,"Peptide metabolism","Metabolism (Formation/Degradation) of PheThrLys",0
MAR11131,"Peptide metabolism","Metabolism (Formation/Degradation) of PheTrpLeu",0
MAR11132,"Peptide metabolism","Metabolism (Formation/Degradation) of Phetyr",0
MAR11133,"Peptide metabolism","Metabolism (Formation/Degradation) of PhetyrGln",0
MAR11134,"Peptide metabolism","Metabolism (Formation/Degradation) of PhetyrLys",0
MAR11135,"Peptide metabolism","Metabolism (Formation/Degradation) of ProArgAsp",0
MAR11136,"Peptide metabolism","Metabolism (Formation/Degradation) of ProArgCys",0
MAR11137,"Peptide metabolism","Metabolism (Formation/Degradation) of ProAsnCys",0
MAR11138,"Peptide metabolism","Metabolism (Formation/Degradation) of ProCys",0
MAR11139,"Peptide metabolism","Metabolism (Formation/Degradation) of ProGlnPro",0
MAR11140,"Peptide metabolism","Metabolism (Formation/Degradation) of ProGluLys",0
MAR11141,"Peptide metabolism","Metabolism (Formation/Degradation) of ProHis",0
MAR11142,"Peptide metabolism","Metabolism (Formation/Degradation) of ProHistyr",0
MAR11143,"Peptide metabolism","Metabolism (Formation/Degradation) of ProLeuArg",0
MAR11144,"Peptide metabolism","Metabolism (Formation/Degradation) of ProLysPro",0
MAR11145,"Peptide metabolism","Metabolism (Formation/Degradation) of ProPhe",0
MAR11146,"Peptide metabolism","Metabolism (Formation/Degradation) of ProProArg",0
MAR11147,"Peptide metabolism","Metabolism (Formation/Degradation) of ProProPro",0
MAR11148,"Peptide metabolism","Metabolism (Formation/Degradation) of ProTrpLys",0
MAR11149,"Peptide metabolism","Metabolism (Formation/Degradation) of ProTrpThr",0
MAR11150,"Peptide metabolism","Metabolism (Formation/Degradation) of ProValGln",0
MAR11151,"Peptide metabolism","Metabolism (Formation/Degradation) of SerArgAla",0
MAR11152,"Peptide metabolism","Metabolism (Formation/Degradation) of SerArgTrp",0
MAR11153,"Peptide metabolism","Metabolism (Formation/Degradation) of SerCysArg",0
MAR11154,"Peptide metabolism","Metabolism (Formation/Degradation) of SerGlyGlu",0
MAR11155,"Peptide metabolism","Metabolism (Formation/Degradation) of SerLysHis",0
MAR11156,"Peptide metabolism","Metabolism (Formation/Degradation) of SerPheLys",0
MAR11157,"Peptide metabolism","Metabolism (Formation/Degradation) of SerTrpHis",0
MAR11158,"Peptide metabolism","Metabolism (Formation/Degradation) of ThrArgtyr",0
MAR11159,"Peptide metabolism","Metabolism (Formation/Degradation) of ThrAsntyr",0
MAR11160,"Peptide metabolism","Metabolism (Formation/Degradation) of ThrGlnGlu",0
MAR11161,"Peptide metabolism","Metabolism (Formation/Degradation) of ThrGlntyr",0
MAR11162,"Peptide metabolism","Metabolism (Formation/Degradation) of ThrHisHis",0
MAR11163,"Peptide metabolism","Metabolism (Formation/Degradation) of ThrIleArg",0
MAR11164,"Peptide metabolism","Metabolism (Formation/Degradation) of ThrMetArg",0
MAR11165,"Peptide metabolism","Metabolism (Formation/Degradation) of ThrPheArg",0
MAR11166,"Peptide metabolism","Metabolism (Formation/Degradation) of ThrSerArg",0
MAR11167,"Peptide metabolism","Metabolism (Formation/Degradation) of ThrThrArg",0
MAR11168,"Peptide metabolism","Metabolism (Formation/Degradation) of ThrtyrMet",0
MAR11169,"Peptide metabolism","Metabolism (Formation/Degradation) of TrpAlaPro",0
MAR11170,"Peptide metabolism","Metabolism (Formation/Degradation) of TrpArgAla",0
MAR11171,"Peptide metabolism","Metabolism (Formation/Degradation) of TrpAspAsp",0
MAR11172,"Peptide metabolism","Metabolism (Formation/Degradation) of TrpGlnGln",0
MAR11173,"Peptide metabolism","Metabolism (Formation/Degradation) of TrpGluGly",0
MAR11174,"Peptide metabolism","Metabolism (Formation/Degradation) of TrpGluLeu",0
MAR11175,"Peptide metabolism","Metabolism (Formation/Degradation) of TrpGluPro",0
MAR11176,"Peptide metabolism","Metabolism (Formation/Degradation) of TrpGlutyr",0
MAR11177,"Peptide metabolism","Metabolism (Formation/Degradation) of TrpGlyLeu",0
MAR11178,"Peptide metabolism","Metabolism (Formation/Degradation) of TrpGlyPhe",0
MAR11179,"Peptide metabolism","Metabolism (Formation/Degradation) of TrpGlyVal",0
MAR11180,"Peptide metabolism","Metabolism (Formation/Degradation) of TrpHisMet",0
MAR11181,"Peptide metabolism","Metabolism (Formation/Degradation) of TrpIleLys",0
MAR11182,"Peptide metabolism","Metabolism (Formation/Degradation) of TrpIleTrp",0
MAR11183,"Peptide metabolism","Metabolism (Formation/Degradation) of TrpLeuVal",0
MAR11184,"Peptide metabolism","Metabolism (Formation/Degradation) of TrpLys",0
MAR11185,"Peptide metabolism","Metabolism (Formation/Degradation) of TrpMetArg",0
MAR11186,"Peptide metabolism","Metabolism (Formation/Degradation) of TrpMetVal",0
MAR11187,"Peptide metabolism","Metabolism (Formation/Degradation) of TrpPhe",0
MAR11188,"Peptide metabolism","Metabolism (Formation/Degradation) of TrpProGly",0
MAR11189,"Peptide metabolism","Metabolism (Formation/Degradation) of TrpProLeu",0
MAR11190,"Peptide metabolism","Metabolism (Formation/Degradation) of TrpProVal",0
MAR11191,"Peptide metabolism","Metabolism (Formation/Degradation) of TrpSertyr",0
MAR11192,"Peptide metabolism","Metabolism (Formation/Degradation) of TrpThrGlu",0
MAR11193,"Peptide metabolism","Metabolism (Formation/Degradation) of TrpThrIle",0
MAR11194,"Peptide metabolism","Metabolism (Formation/Degradation) of TrpThrtyr",0
MAR11195,"Peptide metabolism","Metabolism (Formation/Degradation) of TrptyrGln",0
MAR11196,"Peptide metabolism","Metabolism (Formation/Degradation) of Trptyrtyr",0
MAR11197,"Peptide metabolism","Metabolism (Formation/Degradation) of TrpValAsp",0
MAR11198,"Peptide metabolism","Metabolism (Formation/Degradation) of TyrAla",0
MAR11199,"Peptide metabolism","Metabolism (Formation/Degradation) of TyrAlaPhe",0
MAR11200,"Peptide metabolism","Metabolism (Formation/Degradation) of TyrArgGlu",0
MAR11201,"Peptide metabolism","Metabolism (Formation/Degradation) of TyrArgSer",0
MAR11202,"Peptide metabolism","Metabolism (Formation/Degradation) of TyrAspArg",0
MAR11203,"Peptide metabolism","Metabolism (Formation/Degradation) of TyrCysGly",0
MAR11204,"Peptide metabolism","Metabolism (Formation/Degradation) of TyrCysThr",0
MAR11205,"Peptide metabolism","Metabolism (Formation/Degradation) of TyrGlu",0
MAR11206,"Peptide metabolism","Metabolism (Formation/Degradation) of TyrLeuArg",0
MAR11207,"Peptide metabolism","Metabolism (Formation/Degradation) of TyrPhetyr",0
MAR11208,"Peptide metabolism","Metabolism (Formation/Degradation) of TyrThr",0
MAR11209,"Peptide metabolism","Metabolism (Formation/Degradation) of TyrTrpPhe",0
MAR11210,"Peptide metabolism","Metabolism (Formation/Degradation) of Tyrtyr",0
MAR11211,"Peptide metabolism","Metabolism (Formation/Degradation) of TyrValMet",0
MAR11212,"Peptide metabolism","Metabolism (Formation/Degradation) of ValArgGly",0
MAR11213,"Peptide metabolism","Metabolism (Formation/Degradation) of ValHisAsn",0
MAR11214,"Peptide metabolism","Metabolism (Formation/Degradation) of ValLeuPhe",0
MAR11215,"Peptide metabolism","Metabolism (Formation/Degradation) of ValLystyr",0
MAR11216,"Peptide metabolism","Metabolism (Formation/Degradation) of ValPheArg",0
MAR11217,"Peptide metabolism","Metabolism (Formation/Degradation) of ValProTrp",0
MAR11218,"Peptide metabolism","Metabolism (Formation/Degradation) of ValSerArg",0
MAR11219,"Peptide metabolism","Metabolism (Formation/Degradation) of ValTrpPhe",0
MAR11220,"Peptide metabolism","Metabolism (Formation/Degradation) of ValTrpVal",0
MAR11221,"Peptide metabolism","Metabolism (Formation/Degradation) of ValVal",0
MAR11222,"Peptide metabolism","Metabolism (Formation/Degradation) of TrpGlyAsp",0
MAR11223,"Transport reactions","Transport of Homovanillate by Oat3",1
MAR11224,"Tyrosine metabolism","Formation of Tyraminium",0
MAR11225,"Tyrosine metabolism","Formation of Dopamine",0
MAR11226,"Transport reactions","Transport of 2-Palmitoylglycerophosphocholine",0
MAR11227,"Transport reactions","Transport of 1-Gamma-Linolenoyl-Cholesterol, Cholesterol-Ester (18:3, Delta 6, 9, 12)",0
MAR11228,"Transport reactions","Transport of 1-Gamma-Linolenoyl-Cholesterol, Cholesterol-Ester (18:2, Delta 9, 12)",0
MAR11229,"Transport reactions","Transport of 1-Vaccenoyl-Cholesterol, Cholesterol-Ester (18:1, Delta 11)",0
MAR11230,"Transport reactions","Transport of 1-Timnodnoyl-Cholesterol, Cholesterol-Ester (20:5, Delta 5, 8, 11, 14, 17)",0
MAR11231,"Transport reactions","Transport of Cholesteryl Arachidonate, Cholesterol-Ester (20:4, Delta 5, 8, 11, 14)",0
MAR11232,"Transport reactions","Transport of Cholesteryl Docosahexanoate, Cholesterol-Ester (22:6, Delta 4, 7, 10, 13, 16, 19)",0
MAR11233,"Transport reactions","Transport of 1-Docosatetraenoyglycerophosphoethanolamine (22:4, Delta 7, 10, 13, 16)",0
MAR11234,"Transport reactions","Transport of Lysopc A C26:1 (Delta 5)",0
MAR11235,"Transport reactions","Transport of Lysopc A C28:1 (Delta 5)",0
MAR11236,"Transport reactions","Transport of Lysopc A C28:0",0
MAR11237,"Transport reactions","Transport of 3-Hydroxy Butyryl Carnitine",0
MAR11238,"Transport reactions","Transport of 3-Hydroxydodecanoylcarnitine",0
MAR11239,"Transport reactions","Transport of 3-Hydroxydecanoylcarnitine",0
MAR11240,"Transport reactions","Transport of 3-Hydroxyhexadecenoylcarnitine",0
MAR11241,"Transport reactions","Transport of 3-Hydroxyhexadecanoylcarnitine",0
MAR11242,"Transport reactions","Transport of 3-Hydroxy-Isovaleryl Carnitine",0
MAR11243,"Transport reactions","Transport of 3-Hydroxyoctadecadienoylcarnitine",0
MAR11244,"Transport reactions","Transport of 3-Hydroxyoctadecanoyl Carnitine",0
MAR11245,"Transport reactions","Transport of 3-Hydroxy-Octadecenoyl Carnitine",0
MAR11246,"Transport reactions","Transport of 3-Hydroxy-Tetradecanoyl Carnitine",0
MAR11247,"Transport reactions","Transport of 3-Hydroxy Tetradecenoyl-7-Carnitine",0
MAR11248,"Transport reactions","Transport of 3-Hydroxy Trans7, 10-Hexadecadienoyl Carnitine",0
MAR11249,"Transport reactions","Transport of 3-Hydroxy Trans5, 8Tetradecadienoyl Carnitine",0
MAR11250,"Transport reactions","Transport of Acetyl Carnitine",0
MAR11251,"Transport reactions","Transport of Decenoyl Carnitine",0
MAR11252,"Transport reactions","Transport of Decanoyl Carnitine",0
MAR11253,"Transport reactions","Transport of Sebacoyl Carnitine",0
MAR11254,"Transport reactions","Transport of Dodecanedioyl Carnitine",0
MAR11255,"Transport reactions","Transport of Hexadecanedioic Acid Mono-L-Carnitine Ester",0
MAR11256,"Transport reactions","Transport of Malonyl Carnitine",0
MAR11257,"Transport reactions","Transport of Butyryl Carnitine",0
MAR11258,"Transport reactions","Transport of Succinyl Carnitine",0
MAR11259,"Transport reactions","Transport of Tiglyl Carnitine",0
MAR11260,"Transport reactions","Transport of Glutaryl Carnitine",0
MAR11261,"Transport reactions","Transport of Hexanoyl Carnitine",0
MAR11262,"Transport reactions","Transport of Adipoyl Carnitine",0
MAR11263,"Transport reactions","Transport of Octenoyl Carnitine",0
MAR11264,"Transport reactions","Transport of Octanoyl Carnitine",0
MAR11265,"Transport reactions","Transport of Suberyl Carnitine",0
MAR11266,"Transport reactions","Transport of Lauroyl Carnitine",0
MAR11267,"Transport reactions","Transport of Dodecenoyl Carnitine",0
MAR11268,"Transport reactions","Transport of Decadienoyl Carnitine",0
MAR11270,"Transport reactions","Transport of Palmitoleoyl-Carnitine",0
MAR11271,"Transport reactions","Transport of Isovaleryl Carnitine",0
MAR11272,"Transport reactions","Transport of 6Z,9Z-Octadecadienoylcarnitine",0
MAR11274,"Transport reactions","Transport of L-Oleoylcarnitine",0
MAR11276,"Transport reactions","Transport of L-Palmitoylcarnitine",0
MAR11277,"Transport reactions","Transport of O-Octadecanoyl-R-Carnitine",0
MAR11278,"Transport reactions","Transport of Tetradecadienoyl Carnitine",0
MAR11279,"Transport reactions","Transport of Tetradecenoyl Carnitine",0
MAR11280,"Transport reactions","Transport of Tetradecanoyl Carnitine",0
MAR11281,"Exchange/demand reactions","Exchange of Sphingomyelin",0
MAR11282,"Transport reactions","Intracellular Transport of 1-Gamma-Linolenoyl-Cholesterol, Cholesterol-Ester (18:3, Delta 6, 9, 12)",0
MAR11283,"Transport reactions","Intracellular Transport of 1-Linoleoyl-Cholesterol, Cholesterol-Ester (18:2, Delta 9, 12)",0
MAR11284,"Transport reactions","Intracellular Transport of 1-Vaccenoyl-Cholesterol, Cholesterol-Ester (18:1, Delta 11)",0
MAR11285,"Transport reactions","Intracellular Transport of 1-Timnodnoyl-Cholesterol, Cholesterol-Ester (20:5, Delta 5, 8, 11, 14, 17)",0
MAR11286,"Transport reactions","Intracellular Transport of Cholesteryl Arachidonate, Cholesterol-Ester (20:4, Delta 5, 8, 11, 14)",0
MAR11287,"Transport reactions","Intracellular Transport of Cholesteryl Docosahexanoate, Cholesterol-Ester (22:6, Delta 4, 7, 10, 13, 16, 19)",0
MAR11288,"Transport reactions","Intracellular Transport for Benzoyl-Glycine",0
MAR11289,"Transport reactions","Transport of Phenylacetylglycine, Mitochondrial",0
MAR11290,"Transport reactions","Transport of Hexanoate (N-C6:0), Mitochondrial",0
MAR11291,"Transport reactions","Transport of Hexanoate (N-C6:0), Peroxisome",0
MAR11292,"Transport reactions","Transport of Hexanoate (N-C6:0), Extracellular",0
MAR11293,"Exchange/demand reactions","Exchange of Hexanoate (N-C6:0)",0
MAR11294,"Fatty acid oxidation","Hydrolysis of Fatty Acyl Coenzyme A (14:1)",1
MAR11295,"Phenylalanine metabolism","Phenylacetate Coenzyme A Ligase, Mitochondrial",0
MAR11296,"Transport reactions","Intracellular Transport of Pacald",0
MAR11297,"Transport reactions","Intracellular Transport of Benzoate",0
MAR11298,"Transport reactions","Extracellular Transport of gncore  1",0
MAR11299,"Cysteine and methionine metabolism","Formation of Homocystine",0
MAR11300,"Transport reactions","Transport of Homocystine",0
MAR11301,"Exchange/demand reactions","Exchange of Homocystine",0
MAR11302,"Transport reactions","Transport of Phosphatidate, Mitochondrial",0
MAR11303,"Transport reactions","Transport of Hexadecenoate (N-C16:1) via Carnitine Antiport",0
MAR11304,"Transport reactions","Transport of Hexadecenoate (N-C16:1) via Carnitine Antiport, Mitochondrial",0
MAR11305,"Fatty acid biosynthesis","Fas180",0
MAR11306,"Transport reactions","3-Methoxytyramine Secretion via Secretory Vesicle (ATP Driven)",0
MAR11307,"Transport reactions","5-Aminolevulinate Transport in via Proton Symport",0
MAR11308,"Transport reactions","N-Acetylneuraminate Proton Symport",0
MAR11309,"Miscellaneous","Band Membrane Protein-Methyltransferase",0
MAR11310,"Fatty acid oxidation","Carnitine Octadecenoyl Transferase",0
MAR11311,"Transport reactions","Calcium (Ca+2) Transport via Diffusion (Extracellular to Cytosol)",0
MAR11312,"Transport reactions","Oxidized Glutathione Irreversible Active Transport (Rbc)",0
MAR11313,"Transport reactions","Homocysteine Transport, Extracellular",0
MAR11314,"Transport reactions","L-Normetanephrine Seceretion via Secretory Vesicle (ATP Driven)",0
MAR11315,"Transport reactions","Orotate Transporter",0
MAR11316,"Heme synthesis","Protoporphyrinogen Oxidase (Aerobic)",0
MAR11317,"Transport reactions","Spermine Transport via Proton Antiport",0
MAR11318,"Transport reactions","Proton Diffusion",0
MAR11319,"Transport reactions","Thiamine Monophosphate Transport (Passive - Red Blood Cell)",0
MAR11320,"Transport reactions","Thiamine Transprot (Passive - Red Blood Cell)",0
MAR11321,"Heme degradation","UDP-Glucuronosyltransferase 1-10 Precursor, Cytosol",0
MAR11322,"Transport reactions","N-Acetylgalactosamine Export",0
MAR11323,"Transport reactions","N-Acetylneuraminate Export",0
MAR11324,"Transport reactions","Core4 (Mucin O-Glycan) Export",0
MAR11325,"Transport reactions","Core5 (Mucin O-Glycan) Export",0
MAR11326,"Transport reactions","Core7 (Mucin O-Glycan) Export",0
MAR11327,"Transport reactions","Core8 (Mucin O-Glycan) Export",0
MAR11328,"Transport reactions","Dst_Antigen (Mucin O-Glycan) Export",0
MAR11329,"Transport reactions","Galactosamine Import",0
MAR11330,"Transport reactions","Menaquinone Secretion/ Uptake (Menaquinone 10)",0
MAR11331,"Transport reactions","Menaquinone Secretion/ Uptake (Menaquinone 11)",0
MAR11332,"Transport reactions","Menaquinone Secretion/ Uptake (Menaquinone 7)",0
MAR11333,"Transport reactions","Menaquinone Secretion/ Uptake (Menaquinone 9)",0
MAR11334,"Transport reactions","De-Fuc Form of Pa6 (W/O Peptide Linkage) Transport, Lysosome to Extracellular",0
MAR11335,"Transport reactions","Stn_Antigen (Mucin O-Glycan) Export",0
MAR11336,"Exchange/demand reactions","Exchange of Core 4 (Mucin O-Glycan)",0
MAR11337,"Exchange/demand reactions","Exchange of F1Alpha (Mucin O-Glycan)",0
MAR11338,"Exchange/demand reactions","Exchange of Galactosamine",0
MAR11339,"Exchange/demand reactions","Exchange of gncore 1 (Mucin O-Glycan)",0
MAR11340,"Exchange/demand reactions","Exchange of Menaquinone 10",0
MAR11341,"Exchange/demand reactions","Exchange of Menaquinone 11",0
MAR11342,"Exchange/demand reactions","Exchange of Menaquinone 7",0
MAR11343,"Exchange/demand reactions","Exchange of Menaquinone 9",0
MAR11344,"Exchange/demand reactions","Exchange of De-Fuc Form of Pa6 (W/O Peptide Linkage)",0
MAR11345,"Exchange/demand reactions","Exchange of Lipoamide",0
MAR11346,"Transport reactions","Lipoamide Transport",0
MAR11347,"Exchange/demand reactions","Exchange of N-Acetylgalactosamine",0
MAR11348,"Exchange/demand reactions","Exchange of N-Acetylneuraminate",0
MAR11349,"Exchange/demand reactions","Exchange of Phosphocreatine",0
MAR11350,"Exchange/demand reactions","Exchange of Cis-Aconitate",0
MAR11351,"Exchange/demand reactions","Exchange of Azelaic Acid",0
MAR11352,"Exchange/demand reactions","Exchange of Phosphatidate",0
MAR11353,"Exchange/demand reactions","Exchange of O-Methylhippurate",0
MAR11354,"Transport reactions","Transport of F1Alpha, Lysosomal",0
MAR11355,"Transport reactions","Transport of F1Alpha, Golgi Apparatus",0
MAR11356,"Transport reactions","Transport of gncore  1, Golgi Apparatus",0
MAR11357,"Transport reactions","Transport of 3-(4-Hydroxyphenyl)Lactate, Mitochondrial",0
MAR11358,"Transport reactions","Transport of 3-Hydroxy-Isobutyrate, Mitochondrial",0
MAR11359,"Transport reactions","Transport of 3-Hydroxypropionate, Mitochondrial",0
MAR11360,"Transport reactions","Transport of N-Acetyl-L-Glutamate, Mitochondrial",0
MAR11361,"Transport reactions","Transport of Lipoamide, Mitochondrial",0
MAR11362,"Transport reactions","Transport of L-Homoserine, Mitochondrial",0
MAR11363,"Transport reactions","Transport of Phosphatidyl Glycerol Phosphate, Mitochondrial",0
MAR11364,"Transport reactions","Transport of O-Methylhippurate, Extracellular",0
MAR11365,"Transport reactions","Transprot of Taurolithocholate, Peroxisomal",0
MAR11366,"Transport reactions","Transport of Prostaglandin E2, Endoplasmatic Reticulum",0
MAR11367,"Transport reactions","Transport of Prostaglandin E2, Mitochondrial",0
MAR11368,"Steroid metabolism","ESTRr",0
MAR11369,"Steroid metabolism","ESTR2r",0
MAR11370,"Transport reactions","Transport of 5Alpha-Cholest-7-En-3Beta-Ol, Endoplasmatic Reticulum",0
MAR11371,"Transport reactions","Transport of Phosphatidylglycerol, Endoplasmatic Reticulum",0
MAR11372,"Transport reactions","Transport of Phosphorylase-Limit Dextrin",0
MAR11373,"Exchange/demand reactions","Exchange of Phosphorylase-Limit Dextrin",0
MAR11374,"Transport reactions","Transport of 3Alpha, 7Alpha-Dihydroxy-5Beta-Cholestanate, Active Transport",1
MAR11375,"Transport reactions","Transport of 3Alpha, 7Alpha-Dihydroxy-5Beta-Cholestanate, Sodium Symport",1
MAR11376,"Exchange/demand reactions","Exchange of 3Alpha, 7Alpha-Dihydroxy-5Beta-Cholestanate",0
MAR11377,"Transport reactions","Transport of 3Alpha, 7Alpha, 12Alpha-Trihydroxy-5Beta-Cholestanoate, Active Transport",1
MAR11378,"Transport reactions","Transport of 3Alpha, 7Alpha, 12Alpha-Trihydroxy-5Beta-Cholestanoate, Sodium Symport",1
MAR11379,"Exchange/demand reactions","Exchange of 3Alpha, 7Alpha, 12Alpha-Trihydroxy-5Beta-Cholestanoate",0
MAR11380,"Transport reactions","Transport of 5Beta-Cholestane-3Alpha, 7Alpha, 26-Triol, Active Transport",1
MAR11381,"Transport reactions","Transport of 5Beta-Cholestane-3Alpha, 7Alpha, 26-Triol, Sodium Symport",1
MAR11382,"Exchange/demand reactions","Exchange of 5Beta-Cholestane-3Alpha, 7Alpha, 26-Triol",0
MAR11383,"Transport reactions","Transport of 7Alpha-Hydroxycholest-4-En-3-One, Active Transport",1
MAR11384,"Transport reactions","Transport of 7Alpha-Hydroxycholest-4-En-3-One, Sodium Symport",1
MAR11385,"Exchange/demand reactions","Exchange of 7Alpha-Hydroxycholest-4-En-3-One",0
MAR11386,"Transport reactions","Transport of 7Alpha, 12Alpha-Dihydroxycholest-4-En-3-One, Active Transport",1
MAR11387,"Exchange/demand reactions","Exchange of 7Alpha, 12Alpha-Dihydroxycholest-4-En-3-One",0
MAR11388,"Transport reactions","Transport of 7-Ketolithocholate, Active Transport",1
MAR11389,"Transport reactions","Transport of 7-Ketolithocholate, Sodium Symport",1
MAR11390,"Exchange/demand reactions","Exchange of 7-Ketolithocholate",0
MAR11391,"Exchange/demand reactions","Exchange of 2-Oxobutanoate",0
MAR11392,"Exchange/demand reactions","Exchange of Glutarate",0
MAR11393,"Exchange/demand reactions","Exchange of D-Gluconate",0
MAR11394,"Propanoate metabolism","Acetate Coenzyme A Ligase (ADP-Forming)",1
MAR11395,"Transport reactions","Adenosine Transport Cnt3",1
MAR11396,"Transport reactions","Butyrate Transport via Proton Symport, Reversible",1
MAR11398,"Pyrimidine metabolism","DUTP Diphosphatase",0
MAR11399,"Arginine and proline metabolism","L-Erythro-4-Hydroxyglutamate:2-Oxoglutarate Aminotransferase",1
MAR11400,"Exchange/demand reactions","Exchange of Fumarate",0
MAR11401,"Exchange/demand reactions","Exchange of Glycylleucine",0
MAR11402,"Exchange/demand reactions","Exchange of Glycylphenylalaine",0
MAR11403,"Exchange/demand reactions","Exchange of Glypro",0
MAR11404,"Exchange/demand reactions","Exchange of L-Malate",0
MAR11405,"Exchange/demand reactions","Exchange of Ppi",0
MAR11406,"Heme synthesis","Ferrochelatase, Cytosol",0
MAR11408,"Cholesterol metabolism","Farnesyltranstransferase",1
MAR11409,"N-glycan metabolism","Farnesyltranstransferase (Trans, Trans, Cis-Geranylgeranyl Diphosphate-Generating)",0
MAR11410,"Transport reactions","D-Galactose Transport via Proton Symport",1
MAR11411,"Transport reactions","Hydrolysis of Glycylleucine",1
MAR11412,"Transport reactions","Transport of Glycylleucine by the Apical Pept1 Amino Acid Transporters",1
MAR11413,"Pentose phosphate pathway","Hydrolysis of Glycylphenylalanine",0
MAR11414,"Transport reactions","Hydrolysis of Prolylglycine",1
MAR11416,"CoA synthesis","Phosphopantothenate-Cysteine Ligase",1
MAR11419,"Exchange/demand reactions","Exchange of Indole-3-Acetate",0
MAR11420,"Exchange/demand reactions","Exchange of Ammonia",0
MAR11421,"Tricarboxylic acid cycle and glyoxylate/dicarboxylate metabolism","Citrate Lyase",1
MAR11422,"Exchange/demand reactions","Exchange of Galactitol",0
MAR11423,"Exchange/demand reactions","Exchange of Glcr",0
MAR11424,"Exchange/demand reactions","Exchange of D-Glucuronate",0
MAR11425,"Exchange/demand reactions","Exchange of Maltohexaose",0
MAR11426,"Exchange/demand reactions","Exchange of 1, 4-Butanediammonium",0
MAR11427,"Exchange/demand reactions","Exchange of Spermidine",0
MAR11428,"Exchange/demand reactions","Exchange of Xanthine",0
MAR11429,"Propanoate metabolism","2-Methylisocitrate Dehydratase",0
MAR11430,"Miscellaneous","Oxaloacetate Decarboxylase",0
MAR11431,"Exchange/demand reactions","Exchange of 4-Hydroxybenzoate",0
MAR11432,"Exchange/demand reactions","Exchange of 34Dhpha",0
MAR11433,"Transport reactions","Thiamine Transport in via Proton Antiport",1
MAR11434,"Exchange/demand reactions","Exchange of Menaquinone 8",0
MAR11435,"Transport reactions","Menaquinone Secretion/ Uptake (Menaquinone 8)",0
MAR11436,"Exchange/demand reactions","Exchange of Indole",0
MAR11437,"Exchange/demand reactions","Exchange of Methanethiol",0
MAR11438,"Exchange/demand reactions","Exchange of Phenylpyruvate",0
MAR11439,"Exchange/demand reactions","Exchange of Tyramine",0
MAR11440,"Exchange/demand reactions","2-Hydroxyphenylacetate",0
MAR11441,"Exchange/demand reactions","Exchange of Lanosterol",0
MAR11442,"Transport reactions","Transport of Phenylpyruvate via Proton Symport",1
MAR11443,"Transport reactions","Transport of Phenylpyruvate via Proton Symport, Mitochondrial",1
MAR11444,"Transport reactions","Transport of 3-Methoxy-4-Hydroxymandelate, Mitochondrial",0
MAR11445,"Transport reactions","Transport 3-Methoxy-4-Hydroxymandelate, Extracellular",0
MAR11446,"Exchange/demand reactions","Exchange of 3-Methoxy-4-Hydroxymandelate",0
MAR11447,"Transport reactions","Transport of Glyoxylate, Extracellular",0
MAR11448,"Exchange/demand reactions","Exchange of Glyoxylate",0
MAR11449,"Transport reactions","2-Methylbutyrylglycine Transport, Mitochondrial",0
MAR11450,"Transport reactions","2-Methylbutyrylglycine Transport, Extracellular",1
MAR11451,"Exchange/demand reactions","Exchange of 2-Methylbutyrylglycine",0
MAR11452,"Transport reactions","3-Methyl-Crotonyl-Glycine Transport, Mitochondrial",0
MAR11453,"Transport reactions","3-Methyl-Crotonyl-Glycine Transport, Extracellular",1
MAR11454,"Exchange/demand reactions","Exchange of 3-Methyl-Crotonyl-Glycine",0
MAR11455,"Transport reactions","Isovalerylglycine Transport, Mitochondrial",0
MAR11456,"Transport reactions","Isovalerylglycine Transport, Extracellular",1
MAR11457,"Exchange/demand reactions","Exchange of Isovalerylglycine",0
MAR11458,"Tyrosine metabolism","Acetylation of Tyrosine",0
MAR11459,"Transport reactions","Transport of N-Acetyl-Tyrosine into Cytosol",0
MAR11460,"Transport reactions","Secretion of N-Acetyl-Tyrosine",0
MAR11461,"Exchange/demand reactions","Exchange of N-Acetyl-Tyrosine",0
MAR11462,"Tyrosine metabolism","Alternative Route for Formation of Succinylacetone, from Fumarylacetoacetate",0
MAR11463,"Tyrosine metabolism","Alternative Route for Formation of Succinylacetone, from Maleylacetoacetate",0
MAR11464,"Tyrosine metabolism","Alternative Route for Formation of Succinylacetone, from Succinyl-Acetoacetate",0
MAR11465,"Transport reactions","Transport of Succinylacetone",0
MAR11466,"Exchange/demand reactions","Exchange of Succinylacetone",0
MAR11467,"Tyrosine metabolism","Formation of Vanilpyruvic Acid from Vanilalanine",1
MAR11468,"Tyrosine metabolism","Formation of Vanil-Lactate",0
MAR11469,"Transport reactions","Transport of 3-Methoxy-Tyrosine into Mitochondrial",0
MAR11470,"Tyrosine metabolism","Acetylation of 3-Methoxy-Tyrosine",0
MAR11471,"Transport reactions","Transport of Acetyl-Vanilalanine",0
MAR11472,"Transport reactions","Secretion of Acetyl-Vanilalanine",0
MAR11473,"Transport reactions","Secretion of Vanil-Lactate",0
MAR11474,"Exchange/demand reactions","Exchange of Vanil-Lactate",0
MAR11475,"Exchange/demand reactions","Exchange of Acetyl-Vanilalanine",0
MAR11476,"Valine, leucine, and isoleucine metabolism","Formation of 2-Hydroxy-3-Methyl-Valerate",1
MAR11477,"Transport reactions","Transport of 2-Hydroxy-3-Methyl-Valerate",0
MAR11478,"Exchange/demand reactions","Exchange of 2-Hydroxy-3-Methyl-Valerate",0
MAR11479,"Valine, leucine, and isoleucine metabolism","Formation of 2-Hydroxy-Isovalerate",1
MAR11480,"Transport reactions","Transport of 2-Hydroxy-Isovalerate",0
MAR11481,"Exchange/demand reactions","Exchange of 2-Hydroxy-Isovalerate",0
MAR11482,"Valine, leucine, and isoleucine metabolism","Formation of 2-Methyl-3-Hydroxy-Butyrate",0
MAR11483,"Transport reactions","Transport of 2-Methyl-3-Hydroxy-Butyrate, Mitochondrial",0
MAR11484,"Transport reactions","Transport of 2-Methyl-3-Hydroxy-Butyrate, Extracellular",0
MAR11485,"Exchange/demand reactions","Exchange of 2-Methyl-3-Hydroxy-Butyrate",0
MAR11486,"Propanoate metabolism","Formation of 2-Methyl-3-Oxo-Valeryl Coa",1
MAR11487,"Propanoate metabolism","Formation of 2-Methyl-3-Oxo-Valerate",0
MAR11488,"Transport reactions","Transport of 2-Methyl-3-Oxo-Valerate, Mitochondrial",0
MAR11489,"Propanoate metabolism","Formation of 2-Methyl-3-Hydroxy-Valerate",0
MAR11490,"Transport reactions","Transport of 2-Methyl-3-Hydroxy-Valerate",0
MAR11491,"Exchange/demand reactions","Exchange of 2-Methyl-3-Hydroxy-Valerate",0
MAR11492,"Valine, leucine, and isoleucine metabolism","Formation of 3-Hydroxy-3-Methyl-Glutarate",0
MAR11493,"Transport reactions","Transport of 3-Hydroxy-3-Methyl-Glutarate",0
MAR11494,"Exchange/demand reactions","Exchange of 3-Hydroxy-3-Methyl-Glutarate",0
MAR11495,"Valine, leucine, and isoleucine metabolism","Formation of 3-Methyl-Glutaconate",0
MAR11496,"Transport reactions","Transport of 3-Methyl-Glutaconate, Mitochondrial",0
MAR11497,"Transport reactions","Transport of 3-Methyl-Glutaconate, Extracellular",0
MAR11498,"Exchange/demand reactions","Exchange of 3-Methyl-Glutaconate",0
MAR11499,"Valine, leucine, and isoleucine metabolism","Formation of 3-Methyl-Glutarate",0
MAR11500,"Transport reactions","Transport of 3-Methyl-Glutarate",0
MAR11501,"Exchange/demand reactions","Exchange of 3-Methyl-Glutarate",0
MAR11502,"Glycine, serine and threonine metabolism","Formation of Propionyl-Glycine",1
MAR11503,"Transport reactions","Transport of Propionyl-Glycine, Mitochondrial",0
MAR11504,"Transport reactions","Transport of Propionyl-Glycine, Extracellular",0
MAR11505,"Exchange/demand reactions","Exchange of Propionyl-Glycine",0
MAR11506,"Cholesterol metabolism","Formation of Mevalonate-Lactone",0
MAR11507,"Transport reactions","Transport of Mevalonate-Lactone",0
MAR11508,"Exchange/demand reactions","Exchange of Mevalonate-Lactone",0
MAR11509,"Glycine, serine and threonine metabolism","Formation of Tiglylglycine",1
MAR11510,"Transport reactions","Transport of Tiglylglycine, Mitochondrial",0
MAR11511,"Transport reactions","Transport of Tiglylglycine, Extracellular",0
MAR11512,"Exchange/demand reactions","Exchange of Tiglylglycine",0
MAR11513,"Lysine metabolism","Acyl Coenzyme A Dehydrogenase for Glutaryl Coenzyme A, Forming Trans-Delta-2-Glutaryl Coenzyme A",0
MAR11514,"Lysine metabolism","Acyl Coenzyme A Dehydrogenase for Glutaryl Coenzyme A, Forming 3-Hydroxy-Glutaryl Coenzyme A",0
MAR11515,"Lysine metabolism","Formation of 3-Hydroxy-Glutarate",0
MAR11516,"Transport reactions","Transport of 3-Hydroxy-Glutarate, Mitochondrial",0
MAR11517,"Transport reactions","Transport of 3-Hydroxy-Glutarate, Extracellular",0
MAR11518,"Transport reactions","Transport of 3-Hydroxy-Glutarate, Extracellular, Antiport",1
MAR11519,"Exchange/demand reactions","Excahnge of 3-Hydroxy-Glutarate",0
MAR11520,"Lysine metabolism","Formation of Glutaconyl Coenzyme A",0
MAR11521,"Lysine metabolism","Formation of Glutaconic Acid",0
MAR11522,"Transport reactions","Transport of Glutaconate, Mitochondrial",0
MAR11523,"Transport reactions","Transport of Glutaconate, Extracellular",0
MAR11524,"Exchange/demand reactions","Exchange of Glutaconate",0
MAR11525,"Valine, leucine, and isoleucine metabolism","Formation of 3-Hydroxy-Isovalerate",0
MAR11526,"Transport reactions","Transport of 3-Hydroxy-Isovalerate, Mitochondrial",0
MAR11527,"Transport reactions","Transport of 3-Hydroxy-Isovalerate, Extracellular",0
MAR11528,"Exchange/demand reactions","Exchange of 3-Hydroxy-Isovalerate",0
MAR11529,"Fatty acid oxidation","Formation of 3-Hydroxy-Adipoyl Coa",1
MAR11530,"Fatty acid oxidation","Formation of 3-Hydroxy-Adipate",0
MAR11531,"Transport reactions","Transport of 3-Hydroxy-Adipate, Peroxisomal",0
MAR11532,"Transport reactions","Transport of 3-Hydroxy-Adipate, Extracellular",0
MAR11533,"Exchange/demand reactions","Exchange of 3-Hydroxy-Adipate",0
MAR11534,"Fatty acid oxidation","Formation of 3-Hydroxy-Sebacoyl Coa",1
MAR11535,"Fatty acid oxidation","Formation of 3-Hydroxy-Sebacic Acid",0
MAR11536,"Transport reactions","Transportof 3-Hydroxy-Sebacic Acid, Peroxisomal",0
MAR11537,"Transport reactions","Transport of 3-Hydroxy-Sebacic Acid, Extracellular",0
MAR11538,"Exchange/demand reactions","Exchange of 3-Hydroxy-Sebacic Acid",0
MAR11539,"Fatty acid oxidation","Formation of 3-Hydoxy-Suberyl Coa",1
MAR11540,"Fatty acid oxidation","Formation of 3-Hydoxy-Suberic Acid",0
MAR11541,"Transport reactions","Transport of 3-Hydoxy-Suberic Acid, Peroxisomal",0
MAR11542,"Transport reactions","Transport of 3-Hydoxy-Suberic Acid, Extracellular",0
MAR11543,"Exchange/demand reactions","Exchange of 3-Hydoxy-Suberic Acid",0
MAR11544,"Fatty acid oxidation","Formation of Hexanoic Acid",0
MAR11545,"Fatty acid oxidation","Formation of 5-Hydroxy-Hexanoate",0
MAR11546,"Transport reactions","Transport of 5-Hydroxy-Hexanoate, Extracellular",0
MAR11547,"Exchange/demand reactions","Exchange of 5-Hydroxy-Hexanoate",0
MAR11548,"Fatty acid oxidation","Formation of 7-Hydroxy-Octanoate",0
MAR11549,"Transport reactions","Transport of 7-Hydroxy-Octanoate, Extracellular",0
MAR11550,"Exchange/demand reactions","Exchange of 7-Hydroxy-Octanoate",0
MAR11551,"Fatty acid oxidation","Formation of Ethylmalonyl Coa",0
MAR11552,"Fatty acid oxidation","Formation of Ethylmalonic Acid",0
MAR11553,"Transport reactions","Transport of Ethylmalonic Acid",0
MAR11554,"Exchange/demand reactions","Exchange of Ethylmalonic Acid",0
MAR11555,"Glycine, serine and threonine metabolism","Formation of Hexanoyl-Glycine",1
MAR11556,"Transport reactions","Transport of Hexanoyl-Glycine",0
MAR11557,"Exchange/demand reactions","Exchange of Hexanoyl-Glycine",0
MAR11558,"Fatty acid oxidation","Formation of Methyl-Succinyl Coa",0
MAR11559,"Fatty acid oxidation","Formation of Methyl-Succinate",0
MAR11560,"Transport reactions","Transport of Methyl-Succinate",0
MAR11561,"Exchange/demand reactions","Exchange of Methyl-Succinate",0
MAR11562,"Glycine, serine and threonine metabolism","Formation of Suberyl-Glycine",1
MAR11563,"Transport reactions","Transport of Suberyl-Glycine",0
MAR11564,"Exchange/demand reactions","Exchange of Suberyl-Glycine",0
MAR11565,"Alanine, aspartate and glutamate metabolism","Formation of 4-Hydroxy-Butyrate",0
MAR11566,"Transport reactions","Transport of 4-Hydroxy-Butyrate, Mitochondrial",0
MAR11567,"Transport reactions","Transport of 4-Hydroxy-Butyrate, Extracellular",0
MAR11568,"Exchange/demand reactions","Exchange of 4-Hydroxy-Butyrate",0
MAR11569,"Transport reactions","Transport of 12-Hydroperoxyeicosa-5, 8, 10, 14-Tetraenoate, by Diffusion",0
MAR11570,"Transport reactions","Transport of 15(S)-HPETE, Diffusion",0
MAR11571,"Transport reactions","3-Amino-Isobutyrate Transport, Sodium Symport",0
MAR11572,"Transport reactions","1-Alkyl 2-Acylglycerol 3-Phosphocholine Transport",1
MAR11573,"Transport reactions","Hydroxyprogesterone Transport, Active",0
MAR11574,"Transport reactions","Transport of 11, 12-EET, Diffusion",0
MAR11575,"Transport reactions","Transport of 14, 15-EET, Diffusion",0
MAR11576,"Transport reactions","Transport of 12S-HHT by Diffusion",0
MAR11577,"Transport reactions","Transport of 11-Cis-Eicosenoate, Active",1
MAR11578,"Transport reactions","Transport of 15-Hydroxy- (8Z, 11Z, 13E)-Eicosatrienoate, Active",1
MAR11579,"Transport reactions","Transport of 15(S)-HEPE, Diffusion",0
MAR11580,"Transport reactions","Transport of 14, 15-DIHETE, Diffusion",0
MAR11581,"Transport reactions","Transport of 15-Tetracosenoate, Diffusion",1
MAR11582,"Transport reactions","Transport of 1-Alkyl 2-Acteylglycerol 3-Phosphocholine",1
MAR11583,"Transport reactions","Transport of 1-Phosphatidyl-1D-Myo-Inositol",0
MAR11584,"Transport reactions","Transport of 1-Palmitoylglycerophosphoinositol",0
MAR11585,"Transport reactions","Transport of 1-Arachidonoylglycerophosphoinositol",0
MAR11586,"Transport reactions","Transport of 1-Stearoylglycerophosphoinositol",0
MAR11587,"Transport reactions","Transport of 1-Docosahexenoylglycerophosphocholine (Delta 4, 7, 10, 13, 16, 19), Sn1-Lpc (22:6)",1
MAR11588,"Transport reactions","Transport of 2-Linoleoylglycerophosphocholine",1
MAR11589,"Transport reactions","Transport of 2-Oleoylglycerophosphocholine",1
MAR11590,"Transport reactions","Transport of 2-Stearoylglycerophosphocholine",1
MAR11591,"Transport reactions","Transport of 1-Arachidonoyl-Glycero-3-Phosphocholine",1
MAR11592,"Transport reactions","Transport of 1-Docosahexaenoylglycerophosphocholine",1
MAR11593,"Transport reactions","Transport of 1-Eicosadienoylglycerophosphocholine (Delta 11, 14)",1
MAR11594,"Transport reactions","Transport of 1-Eicosatrienoylglycerophosphocholine (Delta 11, 14, 17)",1
MAR11595,"Transport reactions","Transport of 1-Heptadecanoylglycerophosphocholine",1
MAR11596,"Transport reactions","Transport of 1-Linoleoylglycerophosphocholine (Delta 9, 12)",1
MAR11597,"Transport reactions","Transport of 1-Myristoylglycerophosphocholine",1
MAR11598,"Transport reactions","Transport of 1-Pentadecanoylglycerophosphocholine, Sn1-Lpc (15:0)",1
MAR11599,"Transport reactions","Transport of 1-Octadeca-Trienoylglycerophosphocholine, Sn1-Lpc (18:3, Delta 9, 12, 15)",1
MAR11600,"Transport reactions","Transport of 1-Octadeca-Trienoylglycerophosphocholine, Sn1-Lpc (18:3, Delta 6, 9, 12)",1
MAR11601,"Transport reactions","Transport of 1-NoNADecanoylglycerophosphocholine, Sn1-Lpc (19:0)",1
MAR11602,"Transport reactions","Transport of 1-Eicosenoylglycerophosphocholine (Delta 11) , Sn1-Lpc (20:1)",1
MAR11603,"Transport reactions","Transport of 1-Dihomo-Linolenoylglycerophosphocholine (20:3, Delta 8, 11, 14), Lysopc A C20:3",1
MAR11604,"Transport reactions","Transport of 1-Eicosatetraenoylglycerophosphocholine (Delta 8, 11, 14, 17), Sn1-Lpc (20:4)",1
MAR11605,"Transport reactions","Transport of 1-Eicosapentenoylglycerophosphocholine (Delta 5, 8, 11, 14, 17), Sn1-Lpc (20:5)",1
MAR11606,"Transport reactions","Transport of 1-Docosatetraenoylglycerophosphocholine (Delta 7, 10, 13, 16), Sn1-Lpc (22:4)",1
MAR11607,"Transport reactions","Transport of 1-Docosapentenoylglycerophosphocholine (Delta 7, 10, 13, 16, 19), Sn1-Lpc (22:5)-W3",1
MAR11608,"Transport reactions","Transport of 1-Docosapentenoylglycerophosphocholine (Delta 4, 7, 10, 13, 16), Sn1-Lpc (22:5)-W6",1
MAR11609,"Transport reactions","Transport of 1-Lignocericylglycerophosphocholine (24:0), Lysopc A C24",1
MAR11610,"Transport reactions","Transport of 1-Oleoylglycerophosphocholine (Delta 9)",1
MAR11611,"Transport reactions","Transport of 1-Palmitoleoylglycerophosphocholine (Delta 9)",1
MAR11612,"Transport reactions","Transport of 1-Stearoylglycerophosphocholine",1
MAR11613,"Transport reactions","Transport of 1-Didecanoylglycerophosphoethanolamine (C12:0 Pe)",1
MAR11614,"Transport reactions","Transport of 1-Tridecanoylglycerophosphoethanolamine (C13:0 Pe)",1
MAR11615,"Transport reactions","Transport of 1-Myristoylglycerophosphoethanolamine (C14:0 Pe)",1
MAR11616,"Transport reactions","Transport of 1-Pentadecanoylglycerophosphoethanolamine (C15:0 Pe)",1
MAR11617,"Transport reactions","Transport of 1-Hexadecenoylglycerophosphoethanolamine (C16:1 Pe, Delta 9)",1
MAR11618,"Transport reactions","Transport of 1-Heptadecanoylglycerophosphoethanolamine (C17:0 Pe)",1
MAR11619,"Transport reactions","1-Eicosatrienoylglycerophosphoethanolamine (Delta 11, 14, 17), Lpe (20:3)",1
MAR11620,"Transport reactions","Transport of 1-Docosahexenoylglyceroethanolamine (Delta 4, 7, 10, 13, 16, 19), Lpe (22:6)",1
MAR11621,"Transport reactions","Transport of 2-Linoleoylglycerophosphoethanolamine",1
MAR11622,"Transport reactions","Transport of 1-Arachidonoyl-Sn-Glycero-3-Phosphoethanolamine",1
MAR11623,"Transport reactions","Transport of 1-Dihomo-Linolenoylglycerophosphoethanolamine (20:3, Delta 8, 11, 14)",1
MAR11624,"Transport reactions","Transport of 1-Linoleoylglycerophosphoethanolamine (Delta 9, 12)",1
MAR11625,"Transport reactions","Transport of 1-Palmitoylglycerophosphoethanolamine",1
MAR11626,"Transport reactions","Transport of 1-Oleoylglycerophosphoethanolamine (Delta 9)",1
MAR11627,"Transport reactions","Transport of 1-Palmitoylglycerophosphocholine",1
MAR11628,"Transport reactions","Transport of 1-Stearoylglycerophosphoethanolamine",1
MAR11629,"Transport reactions","Transport of Sphingomyeline",0
MAR11630,"Transport reactions","Transport of Sphingomyelin (D18:0/24:1)",0
MAR11631,"Transport reactions","Transport of Sphingomyelin (D18:1/14:0)",0
MAR11632,"Transport reactions","Transport of Sphingomyelin (D18:1/15:0)",0
MAR11633,"Transport reactions","Transport of Sphingomyelin (D18:1/16:0)",0
MAR11634,"Transport reactions","Transport of Sphingomyelin (D18:1/16:1)",0
MAR11635,"Transport reactions","Transport of Sphingomyelin (D18:1/17:0)",0
MAR11636,"Transport reactions","Transport of Sphingomyelin (D18:1/18:0)",0
MAR11637,"Transport reactions","Transport of Sphingomyelin (D18:1/18:1)",0
MAR11638,"Transport reactions","Transport of Sphingomyelin (D18:1/20:0)",0
MAR11639,"Transport reactions","Transport of Sphingomyelin (D18:1/20:1)",0
MAR11640,"Transport reactions","Transport of Sphingomyelin (D18:1/21:0)",0
MAR11641,"Transport reactions","Transport of Sphingomyelin (D18:1/22:0)",0
MAR11642,"Transport reactions","Transport of Sphingomyelin (D18:1/22:1)",0
MAR11643,"Transport reactions","Transport of Sphingomyelin (D18:1/23:0)",0
MAR11644,"Transport reactions","Transport of Sphingomyelin (D18:0/24:0)",0
MAR11645,"Transport reactions","Transport of Sphingomyelin (D18:0/25:0)",0
MAR11646,"Transport reactions","3-Amino-Isobutyrate Transport, Proton Symport",0
MAR11647,"Transport reactions","Hydroxyprogesterone Transport, Antiport",1
MAR11648,"Transport reactions","Extracellular Transport of Digalactosylceramidesulfate, Active Transport",1
MAR11649,"Transport reactions","Transport of 1-Phosphatidyl-1D-Myo-Inositol, Vescicular",0
MAR11650,"Transport reactions","Transport of 1-Arachidonoylglycerophosphoinositol, Vescicular",0
MAR11651,"Transport reactions","Transport of 1-Palmitoylglycerophosphoinositol, Vescicular",0
MAR11652,"Transport reactions","Transport of 1-Stearoylglycerophosphoinositol, Vescicular",0
MAR11653,"Transport reactions","Transport of 2-Linoleoylglycerophosphocholine, Vescicular",0
MAR11654,"Transport reactions","Transport of 2-Oleoylglycerophosphocholine, Vescicular",0
MAR11655,"Transport reactions","Transport of 2-Stearoylglycerophosphocholine, Vescicular",0
MAR11656,"Transport reactions","Transport of 1-Arachidonoyl-Glycero-3-Phosphocholine, Vescicular",0
MAR11657,"Transport reactions","Transport of 1-Docosahexaenoylglycerophosphocholine, Vescicular",0
MAR11658,"Transport reactions","Transport of 1-Eicosadienoylglycerophosphocholine (Delta 11, 14), Vescicular",0
MAR11659,"Transport reactions","Transport of 1-Eicosatrienoylglycerophosphocholine (Delta 11, 14, 17), Vescicular",0
MAR11660,"Transport reactions","Transport of 1-Heptadecanoylglycerophosphocholine, Vescicular",0
MAR11661,"Transport reactions","Transport of 1-Linoleoylglycerophosphocholine (Delta 9, 12), Vescicular",0
MAR11662,"Transport reactions","Transport of 1-Myristoylglycerophosphocholine, Vescicular",0
MAR11663,"Transport reactions","Transport of 1-Pentadecanoylglycerophosphocholine, Sn1-Lpc (15:0), Vescicular",0
MAR11664,"Transport reactions","Transport of 1-Octadeca-Trienoylglycerophosphocholine, Sn1-Lpc (18:3, Delta 9, 12, 15), Vescicular",0
MAR11665,"Transport reactions","Transport of 1-Octadeca-Trienoylglycerophosphocholine, Sn1-Lpc (18:3, Delta 6, 9, 12), Vescicular",0
MAR11666,"Transport reactions","Transport of 1-NoNADecanoylglycerophosphocholine, Sn1-Lpc (19:0), Vescicular",0
MAR11667,"Transport reactions","Transport of 1-Eicosenoylglycerophosphocholine (Delta 11) , Sn1-Lpc (20:1), Vescicular",0
MAR11668,"Transport reactions","Transport of 1-Dihomo-Linolenoylglycerophosphocholine (20:3, Delta 8, 11, 14), Lysopc A C20:3, Vescicular",0
MAR11669,"Transport reactions","Transport of 1-Eicosatetraenoylglycerophosphocholine (Delta 8, 11, 14, 17), Sn1-Lpc (20:4), Vescicular",0
MAR11670,"Transport reactions","Transport of 1-Eicosapentenoylglycerophosphocholine (Delta 5, 8, 11, 14, 17), Sn1-Lpc (20:5), Vescicular",0
MAR11671,"Transport reactions","Transport of 1-Docosatetraenoylglycerophosphocholine (Delta 7, 10, 13, 16), Sn1-Lpc (22:4), Vescicular",0
MAR11672,"Transport reactions","Transport of 1-Docosapentenoylglycerophosphocholine (Delta 7, 10, 13, 16, 19), Sn1-Lpc (22:5)-W3, Vescicular",0
MAR11673,"Transport reactions","Transport of 1-Docosapentenoylglycerophosphocholine (Delta 4, 7, 10, 13, 16), Sn1-Lpc (22:5)-W6, Vescicular",0
MAR11674,"Transport reactions","Transport of 1-Docosahexenoylglycerophosphocholine (Delta 4, 7, 10, 13, 16, 19), Sn1-Lpc (22:6), Vescicular",0
MAR11675,"Transport reactions","Transport of 1-Lignocericylglycerophosphocholine (24:0), Lysopc A C24, Vescicular",0
MAR11676,"Transport reactions","Transport of 1-Oleoylglycerophosphocholine (Delta 9), Vescicular",0
MAR11677,"Transport reactions","Transport of 1-Palmitoylglycerophosphocholine, Vescicular",0
MAR11678,"Transport reactions","Transport of 1-Palmitoleoylglycerophosphocholine (Delta 9), Vescicular",0
MAR11679,"Transport reactions","Transport of 1-Stearoylglycerophosphocholine, Vescicular",0
MAR11680,"Transport reactions","Transport of 1-Didecanoylglycerophosphoethanolamine (C12:0 Pe), Vescicular",0
MAR11681,"Transport reactions","Transport of 1-Tridecanoylglycerophosphoethanolamine (C13:0 Pe), Vescicular",0
MAR11682,"Transport reactions","Transport of 1-Myristoylglycerophosphoethanolamine (C14:0 Pe), Vescicular",0
MAR11683,"Transport reactions","Transport of 1-Pentadecanoylglycerophosphoethanolamine (C15:0 Pe), Vescicular",0
MAR11684,"Transport reactions","Transport of 1-Hexadecenoylglycerophosphoethanolamine (C16:1 Pe, Delta 9), Vescicular",0
MAR11685,"Transport reactions","Transport of 1-Heptadecanoylglycerophosphoethanolamine (C17:0 Pe), Vescicular",0
MAR11686,"Transport reactions","1-Eicosatrienoylglycerophosphoethanolamine (Delta 11, 14, 17), Lpe (20:3), Vescicular",0
MAR11687,"Transport reactions","Transport of 1-Docosahexenoylglyceroethanolamine (Delta 4, 7, 10, 13, 16, 19), Lpe (22:6), Vescicular",0
MAR11688,"Transport reactions","Transport of 2-Linoleoylglycerophosphoethanolamine, Vescicular",0
MAR11689,"Transport reactions","Transport of 1-Arachidonoyl-Sn-Glycero-3-Phosphoethanolamine, Vescicular",0
MAR11690,"Transport reactions","Transport of 1-Dihomo-Linolenoylglycerophosphoethanolamine (20:3, Delta 8, 11, 14), Vescicular",0
MAR11691,"Transport reactions","Transport of 1-Linoleoylglycerophosphoethanolamine (Delta 9, 12), Vescicular",0
MAR11692,"Transport reactions","Transport of 1-Oleoylglycerophosphoethanolamine (Delta 9), Vescicular",0
MAR11693,"Transport reactions","Transport of 1-Palmitoylglycerophosphoethanolamine, Vescicular",0
MAR11694,"Transport reactions","Transport of 1-Stearoylglycerophosphoethanolamine, Vescicular",0
MAR11695,"Transport reactions","Extracellular Transport of Sphingomyeline, Active Transport",1
MAR11696,"Transport reactions","Transport of Sphingomyelin (D18:0/24:1), Active Transport",1
MAR11697,"Transport reactions","Transport of Sphingomyelin (D18:0/24:1) Vescicular Transport",0
MAR11698,"Transport reactions","Transport of Sphingomyelin (D18:1/14:0), Active Transport",1
MAR11699,"Transport reactions","Transport of Sphingomyelin (D18:1/14:0), Vescicular Transport",0
MAR11700,"Transport reactions","Transport of Sphingomyelin (D18:1/15:0), Active Transport",1
MAR11701,"Transport reactions","Transport of Sphingomyelin (D18:1/15:0), Vescicular Transport",0
MAR11702,"Transport reactions","Transport of Sphingomyelin (D18:1/16:0), Active Transport",1
MAR11703,"Transport reactions","Transport of Sphingomyelin (D18:1/16:0), Vescicular Transport",0
MAR11704,"Transport reactions","Transport of Sphingomyelin (D18:1/16:1), Active Transport",1
MAR11705,"Transport reactions","Transport of Sphingomyelin (D18:1/16:1), Vescicular Transport",0
MAR11706,"Transport reactions","Transport of Sphingomyelin (D18:1/17:0), Active",1
MAR11707,"Transport reactions","Transport of Sphingomyelin (D18:1/17:0), Vescicular",0
MAR11708,"Transport reactions","Transport of Sphingomyelin (D18:1/18:0), Active",1
MAR11709,"Transport reactions","Transport of Sphingomyelin (D18:1/18:0), Vescicular",0
MAR11710,"Transport reactions","Transport of Sphingomyelin (D18:1/18:1), Active",1
MAR11711,"Transport reactions","Transport of Sphingomyelin (D18:1/18:1), Vescicular",0
MAR11712,"Transport reactions","Transport of Sphingomyelin (D18:1/20:0), Active",1
MAR11713,"Transport reactions","Transport of Sphingomyelin (D18:1/20:0), Vescicular",0
MAR11714,"Transport reactions","Transport of Sphingomyelin (D18:1/20:1), Active",1
MAR11715,"Transport reactions","Transport of Sphingomyelin (D18:1/20:1), Vescicular",0
MAR11716,"Transport reactions","Transport of Sphingomyelin (D18:1/21:0), Active",1
MAR11717,"Transport reactions","Transport of Sphingomyelin (D18:1/21:0), Vescicular",0
MAR11718,"Transport reactions","Transport of Sphingomyelin (D18:1/22:0), Active Transport",1
MAR11719,"Transport reactions","Transport of Sphingomyelin (D18:1/22:0), Vescicular Transport",0
MAR11720,"Transport reactions","Transport of Sphingomyelin (D18:1/22:1), Active",1
MAR11721,"Transport reactions","Transport of Sphingomyelin (D18:1/22:1), Vescicular",0
MAR11722,"Transport reactions","Transport of Sphingomyelin (D18:1/23:0), Active",1
MAR11723,"Transport reactions","Transport of Sphingomyelin (D18:1/23:0), Vescicular",0
MAR11724,"Transport reactions","Transport of Sphingomyelin (D18:0/24:0), Active Transport",1
MAR11725,"Transport reactions","Transport of Sphingomyelin (D18:0/24:0), Vescicular Transport",0
MAR11726,"Transport reactions","Transport of Sphingomyelin (D18:0/25:0), Active Transport",1
MAR11727,"Transport reactions","Transport of Sphingomyelin (D18:0/25:0), Vescicular Transport",0
MAR11728,"Transport reactions","Transport of 2-Hydroxy-Isocaproate, Extracellular, Uptake",0
MAR11729,"Transport reactions","Transport of 2-Hydroxy-Isocaproate, Extracellular, Secretion",0
MAR11730,"Exchange/demand reactions","Exchange of 2-Hydroxy-Isocaproate",0
MAR11731,"Transport reactions","Transport of 2-Hydroxy-Glutarate, Extracellular, Antiport",1
MAR11732,"Exchange/demand reactions","Exchnage of 2-Hydroxy-Glutarate",0
MAR11733,"Transport reactions","Transport of 2-Hydroxy-Glutarate, Extracellular",0
MAR11734,"Transport reactions","Transport of Glutarate, Extracellular, Antiport",1
MAR11735,"Transport reactions","Transport of Glutarate, Extracellular",0
MAR11736,"Fatty acid oxidation","Hydrolysis of Trans7, 10-Hexadecadienoylcoa to 7Z, 10Z-Hexadecadienoic Acid",1
MAR11737,"Transport reactions","Transport of 7Z, 10Z-Hexadecadienoic Acid into Cytosol",1
MAR11738,"Transport reactions","Transport of 7Z, 10Z-Hexadecadienoic Acid into Extracellular Space",0
MAR11739,"Exchange/demand reactions","Exchange of 7Z, 10Z-Hexadecadienoic Acid",0
MAR11740,"Fatty acid oxidation","Hydrolysis of 7, 10, 13-Hexadecatrienoylcoa to 7, 10, 13-Hexadecatrienoic Acid",1
MAR11741,"Transport reactions","Transport of 7, 10, 13-Hexadecatrienoic Acid into Cytosol",1
MAR11742,"Transport reactions","Transport of 7, 10, 13-Hexadecatrienoic Acid into Extracellular Space",0
MAR11743,"Exchange/demand reactions","Exchange of 7, 10, 13-Hexadecatrienoic Acid",0
MAR11744,"Fatty acid oxidation","Dehydrogenation of Heptadecanoyl Coa",1
MAR11745,"Fatty acid oxidation","Hydrolysis of Heptadecenoyl Coa",1
MAR11746,"Transport reactions","Transport of Trans-Delta-2-Heptadecanoic Acid, Mitochondrial",1
MAR11747,"Transport reactions","Transport of Trans-Delta-2-Heptadecanoic Acid, Extracellular",0
MAR11748,"Exchange/demand reactions","Exchange of Trans-Delta-2-Heptadecanoic Acid",0
MAR11749,"Fatty acid oxidation","Hydrolysis of Trans, Cis, Cis-2, 11, 14-Eicosatrienoyl Coenzyme A to Trans, Cis, Cis-2, 11, 14-Eicosatrienoic Acid",1
MAR11750,"Transport reactions","Transport of Trans, Cis, Cis-2, 11, 14-Eicosatrienoic Acid",0
MAR11751,"Exchange/demand reactions","Exchange of Trans, Cis, Cis-2, 11, 14-Eicosatrienoic Acid",0
MAR11752,"Fatty acid oxidation","Hydrolysis of 5, 8, 11, 14, 17-Eicosapentenoylcoa to 5, 8, 11, 14, 17-Eicosapentenoic Acid",1
MAR11753,"Transport reactions","Transport of 5, 8, 11, 14, 17-Eicosapentenoic Acid, Mitochondrial",1
MAR11754,"Transport reactions","Transport of 5, 8, 11, 14, 17-Eicosapentenoic Acid, Extracellular Space",0
MAR11755,"Exchange/demand reactions","Exchange of 5, 8, 11, 14, 17-Eicosapentenoic Acid",0
MAR11757,"Transport reactions","Transport of Androst-4-Ene-3, 17-Dione, Extracellular",1
MAR11758,"Transport reactions","Transport of 16Alpha-Hydroxydehydroepiandrosterone, Extracellular",1
MAR11759,"Transport reactions","Transport of 3Alpha-Hydroxy-5Beta-Androstan-17-One, Extracellular",1
MAR11760,"Transport reactions","Transport of 5Alpha-Androstane-3, 17-Dione, Extracellular",1
MAR11761,"Transport reactions","Transport of 5Alpha-Androstane-3Alpha, 17Beta-Diol, Extracellular",1
MAR11762,"Transport reactions","Transport of 2-Hydroxyestradiol-17Beta, Extracellular",1
MAR11763,"Transport reactions","Transport of 2-Methoxyestrone, Extracellular",1
MAR11764,"Transport reactions","Transport of 2-Methoxyestradiol-17Beta, Extracellular",1
MAR11765,"Transport reactions","Transport of 21-Hydroxyallopregnanolone, Extracellular",1
MAR11766,"Transport reactions","Transport of 11-Deoxycortisol, Extracellular",1
MAR11767,"Transport reactions","Transport of 11-Deoxycorticosterone, Extracellular",1
MAR11768,"Transport reactions","Transport of Pregnenolone, Extracellular",1
MAR11769,"Transport reactions","Transport of Allopregnanolone, Extracellular",1
MAR11770,"Transport reactions","Transport of 17Alpha-Hydroxyprogesterone, Extracellular",1
MAR11771,"Transport reactions","Transport of 17Alpha-Hydroxypregnenolone, Extracellular",1
MAR11772,"Transport reactions","Transport of 5Alpha-Pregnane-3, 20-Dione, Extracellular",1
MAR11773,"Transport reactions","Transport of Pregnenolone Sulfate, Extracellular",1
MAR11774,"Transport reactions","Transport of 17Alpha-Hydroxypregnenolone Sulfate, Extracellular",1
MAR11775,"Transport reactions","Facilitated Diffusion via Aquaporin into Extracellular Space",1
MAR11776,"Transport reactions","Transport by Atb Binding Cassette Transporter ABCc2 into Extracellular Space",1
MAR11777,"Transport reactions","S-Adenosyl-L-Methionine:Histamine N-Tele-Methyltransferase, Extracellular",1
MAR11778,"Transport reactions","Transport (ATP-Dependent) into Extracellular Space",1
MAR11779,"Transport reactions","Transport by Glut-5 Transporter into Extracellular Space",1
MAR11780,"Transport reactions","2-Hydroxyphenylacetate Proton Symport, Cytosol",1
MAR11781,"Transport reactions","N (8)-Acetylspermidinium Transport, Cytosol",1
MAR11782,"Transport reactions","Facilitated Diffusion Through Uniport Oct1 into Extracellular Space",1
MAR11783,"Transport reactions","Facilitated Diffusion Through Uniport Oct2 into Extracellular Space",1
MAR11784,"Transport reactions","Facilitated Diffusion Through Uniport Oct2 into Extracellular Space",1
MAR11785,"Transport reactions","Transport by Monocarboxylate Transporter-2 into Extracellular Space",1
MAR11786,"Transport reactions","Transport by ABCg2 into Extracellular Space",1
MAR11787,"Transport reactions","Transport by Pcet into Extracellular Space",1
MAR11788,"Transport reactions","Tyraminium Proton Symport, Cytosol",1
MAR11789,"Transport reactions","Tryptaminium Transport, Cytosol",1
MAR11790,"Transport reactions","Transport by Pmat Transporter into Extracellular Space",1
MAR11791,"Transport reactions","Transport in via Sodium Symport into Extracellular Space",1
MAR11792,"Transport reactions","Transport (ATP-Dependent) into Extracellular Space",1
MAR11793,"Transport reactions","Transport (ATP-Dependent) into Extracellular Space",1
MAR11794,"Transport reactions","Transport (ATP-Dependent) into Extracellular Space",1
MAR11795,"Transport reactions","Transport (ATP-Dependent) into Extracellular Space",1
MAR11796,"Transport reactions","Transport (ATP-Dependent) into Extracellular Space",1
MAR11797,"Transport reactions","Transport by OATP1B Carriers into Extracellular Space",1
MAR11798,"Transport reactions","Transport by OATP1B Carriers into Extracellular Space",1
MAR11799,"Transport reactions","Transport by Atb Binding Cassette Transporter ABCc2 into Extracellular Space",1
MAR11800,"Transport reactions","Transport by Folr into Extracellular Space",1
MAR11801,"Transport reactions","Transport by Ent1/Ent2 into Extracellular Space",1
MAR11802,"Transport reactions","Export Mediated by ATP Binding Cassette (ABC) Transporters",1
MAR11803,"Transport reactions","Transport via Proton Antiport (Ammonium Transporter Rh Type C Or Type B) into Extracellular Space",1
MAR11804,"Transport reactions","Putrescine Export via Putrescine/Arginine Exchanger",1
MAR11805,"Transport reactions","Transport by Rfc into Extracellular Space",1
MAR11806,"Transport reactions","Tyraminium Transport, Cytosol",1
MAR11807,"Transport reactions","Facilitated Diffusion Through Uniport Octs Transporters into Extracellular Space",1
MAR11808,"Transport reactions","Uptake via Octn2 Transporter into Extracellular Space",1
MAR11809,"Transport reactions","Transport by ABCa11 into Extracellular Space",1
MAR11810,"Transport reactions","Transport by Y+Lat-2 into Extracellular Space",1
MAR11811,"Transport reactions","Transport by Oat1/Oat3 into Extracellular Space",1
MAR11812,"Transport reactions"," (3, 4-Dihydroxyphenyl)Acetate (Dopac) Transport, Cytosol",1
MAR11813,"Transport reactions","3, 4-Dihydroxymandelate Transport, Cytosol",1
MAR11814,"Transport reactions","5-Methoxytryptophol Transport, Cytosol",1
MAR11815,"Transport reactions","Transport As Vitamin D",1
MAR11816,"Transport reactions","Transport of Isobutyrylglycine into Cytosol",0
MAR11817,"Transport reactions","Transport of Isobutyrylglycine into Extracellular Space",0
MAR11818,"Exchange/demand reactions","Exchange of Isobutyrylglycine",0
MAR11819,"Transport reactions","Transport of N-Acetyl-L-Cysteine into Cytosol",0
MAR11820,"Transport reactions","Transport of N-Acetyl-L-Cysteine into Extracellular Space",0
MAR11821,"Exchange/demand reactions","Exchange of N-Acetyl-L-Cysteine",0
MAR11822,"Transport reactions","Transport of Trans-4-Coumarate, Mitochondrial",0
MAR11823,"Exchange/demand reactions","Exchange of Trans-4-Coumarate",0
MAR11824,"Transport reactions","Transport of 4-Hydroxybenzoate, Extracellular Space",0
MAR11825,"Transport reactions","Transport of Succinic Semialdehyde, Mitochondrial",0
MAR11826,"Transport reactions","Transport of Succinic Semialdehyde, Extracellular Space",0
MAR11827,"Exchange/demand reactions","Exchange of Succinic Semialdehyde",0
MAR11828,"Transport reactions","Transport of 15(R)-HEPE, Endoplasmatic Reticulum, Active Transport",0
MAR11829,"Transport reactions","Transport of 15(R)-HEPE, Extracellular Space, Active Transport",0
MAR11830,"Exchange/demand reactions","Exchange of 15(R)-HEPE",0
MAR11831,"Transport reactions","Transport of Succinic Semialdehyde, Mitochondrial",0
MAR11832,"Transport reactions","Transport of Succinic Semialdehyde, Extracellular Space",0
MAR11833,"Exchange/demand reactions","Exchange of Succinic Semialdehyde",0
MAR11834,"Transport reactions","Transport of 12 Hydroxy Arachidonic Acid, Endoplasmatic Reticulum, Active Transport",0
MAR11835,"Transport reactions","Transport of 12 Hydroxy Arachidonic Acid, Extracellular Space, Active Transport",0
MAR11836,"Exchange/demand reactions","Exchange of 12 Hydroxy Arachidonic Acid",0
MAR11837,"Transport reactions","Transport of 18 Hydroxy Arachidonic Acid, Endoplasmatic Reticulum, Active Transport",0
MAR11838,"Transport reactions","Transport of 18 Hydroxy Arachidonic Acid, Extracellular Space, Active Transport",0
MAR11839,"Exchange/demand reactions","Exchange of 18 Hydroxy Arachidonic Acid",0
MAR11840,"Transport reactions","Transport of Squalene, Endoplasmatic Reticulum, within Chylomicron",0
MAR11841,"Transport reactions","Transport of Squalene, Extracellular Space, within Chylomicron",0
MAR11842,"Exchange/demand reactions","Exchange of Squalene",0
MAR11843,"Transport reactions","Transport of Ornithine, Peroxisomal",0
MAR11844,"Transport reactions","Transport of Ornithine, Extracellular Space",0
MAR11845,"Transport reactions","Transport of 5-Guanidino-2-Oxopentanoic Acid, Peroxisomal",0
MAR11846,"Transport reactions","Transport of 5-Guanidino-2-Oxopentanoic Acid, Extracellular",0
MAR11847,"Exchange/demand reactions","Exchange of 5-Guanidino-2-Oxopentanoic Acid",0
MAR11848,"Exchange/demand reactions","Exchange of Androst-4-Ene-3, 17-Dione",0
MAR11849,"Transport reactions","Transport of 3Beta-Hydroxyandrost-5-En-17-One",0
MAR11850,"Exchange/demand reactions","Exchange of 3Beta-Hydroxyandrost-5-En-17-One",0
MAR11851,"Transport reactions","Transport of 16Alpha-Hydroxydehydroepiandrosterone, Endoplasmatic Reticulum",0
MAR11852,"Exchange/demand reactions","Exchange of 16Alpha-Hydroxydehydroepiandrosterone",0
MAR11853,"Transport reactions","Transport of 3Alpha-Hydroxy-5Beta-Androstan-17-One, Endoplasmatic Reticulum",0
MAR11854,"Transport reactions","Transport of 5Alpha-Androstane-3, 17-Dione, Endoplasmatic Reticulum",0
MAR11855,"Exchange/demand reactions","Exchange of 5Alpha-Androstane-3, 17-Dione",0
MAR11856,"Exchange/demand reactions","Exchange of 5Alpha-Androstane-3Alpha, 17Beta-Diol",0
MAR11857,"Transport reactions","Transport of Estrone, Extracellular",0
MAR11858,"Exchange/demand reactions","Exchange of Estrone",0
MAR11859,"Transport reactions","Transport of 2-Hydroxyestrone, Extracellular",0
MAR11860,"Exchange/demand reactions","Exchange of 2-Hydroxyestrone",0
MAR11861,"Exchange/demand reactions","Exchange of 2-Hydroxyestradiol-17Beta",0
MAR11862,"Exchange/demand reactions","Exchange of 2-Methoxyestrone",0
MAR11863,"Exchange/demand reactions","Exchange of 2-Methoxyestradiol-17Beta",0
MAR11864,"Exchange/demand reactions","Exchange of 21-Hydroxyallopregnanolone",0
MAR11865,"Exchange/demand reactions","Exchange of 11-Deoxycortisol",0
MAR11866,"Exchange/demand reactions","Exchange of 11-Deoxycorticosterone",0
MAR11867,"Exchange/demand reactions","Exchange of Pregnenolone",0
MAR11868,"Exchange/demand reactions","Exchange of Allopregnanolone",0
MAR11869,"Exchange/demand reactions","Exchange of 17Alpha-Hydroxyprogesterone",0
MAR11870,"Exchange/demand reactions","Exchange of 17Alpha-Hydroxypregnenolone",0
MAR11871,"Exchange/demand reactions","Exchange of 5Alpha-Pregnane-3, 20-Dione",0
MAR11872,"Transport reactions","Transport of Cholesterol-Ester-Palm, Endoplasmatic Reticulum, within Lipoproteins",0
MAR11873,"Transport reactions","Transport of Cholesterol-Ester-Palm, Extracellular Space, within Lipoproteins",0
MAR11874,"Exchange/demand reactions","Exchange of Cholesterol-Ester-Palm",0
MAR11875,"Exchange/demand reactions","Exchange of Pregnenolone Sulfate",0
MAR11876,"Exchange/demand reactions","Exchange of 17Alpha-Hydroxypregnenolone Sulfate",0
MAR11877,"Transport reactions","Transport of (24S)-24-Hydroxycholesterol, Endoplasmatic Reticulum, within Lipoproteins",0
MAR11878,"Transport reactions","Transport of (24S)-24-Hydroxycholesterol, Extracellular Space, within Lipoproteins",0
MAR11879,"Exchange/demand reactions","Exchange of (24S)-24-Hydroxycholesterol",0
MAR11880,"Transport reactions","Transport of 26-Hydroxycholesterol, Extracellular Space, within Lipoproteins",0
MAR11881,"Exchange/demand reactions","Exchange of 26-Hydroxycholesterol",0
MAR11882,"Transport reactions","Transport of 25-Hydroxycholesterol, Endoplasmatic Reticulum, within Lipoproteins",0
MAR11883,"Transport reactions","Transport of 25-Hydroxycholesterol, Extracellular Space, within Lipoproteins",0
MAR11884,"Exchange/demand reactions","Exchange of 25-Hydroxycholesterol",0
MAR11885,"Transport reactions","Transport of Desmosterol, Endoplasmatic Reticulum, within Lipoproteins",0
MAR11886,"Transport reactions","Transport of Desmosterol, Extracellular Space, within Lipoproteins",0
MAR11887,"Exchange/demand reactions","Exchange of Desmosterol",0
MAR11888,"Transport reactions","Transport of Cholesterol Sulfate, Extracellular Space, within Lipoproteins",0
MAR11889,"Exchange/demand reactions","Exchange of Cholesterol Sulfate",0
MAR11890,"Transport reactions","Transport of 3-Iodo-L-Tyrosine",0
MAR11891,"Exchange/demand reactions","Exchange of 3-Iodo-L-Tyrosine",0
MAR11892,"Transport reactions","Transport of 3, 5-Diiodo-L-Tyrosine",0
MAR11893,"Exchange/demand reactions","Exchange of 3, 5-Diiodo-L-Tyrosine",0
MAR11894,"Transport reactions","Transport of 13-Cis-Retinoate",0
MAR11895,"Exchange/demand reactions","Exchange of 13-Cis-Retinoate",0
MAR11896,"Transport reactions","Transport of 9-Cis-Retinoate",0
MAR11897,"Exchange/demand reactions","Exchange of 9-Cis-Retinoate",0
MAR11898,"Glycerophospholipid metabolism","Secretion of VLDL",0
MAR11899,"Glycerophospholipid metabolism","Secretion of Chylomicron",0
MAR11900,"Transport reactions","2, 5-Dihydroxybenzoate Diffusion, Cytosol",0
MAR11901,"Exchange/demand reactions","Exchange of 2,5-Dihydroxybenzoate",0
MAR11902,"Exchange/demand reactions","Exchange of 3,4-Dihydroxymandelate",0
MAR11903,"Transport reactions","Formyl-N-Acetyl-5-Methoxykynurenamine Diffusion, Cytosol",0
MAR11904,"Exchange/demand reactions","Exchange of Formyl-N-Acetyl-5-Methoxykynurenamine",0
MAR11905,"Transport reactions","Peroxynitrite Diffusion, Cytosol",0
MAR11906,"Exchange/demand reactions","Exchange of Peroxynitrite",0
MAR11907,"Exchange/demand reactions","Exchange of 18R-Hydroxy-5Z,8Z,11Z,14Z,16E-Eicosapentaenoic Acid",0
MAR11908,"Exchange/demand reactions","Exchange of (+-)-5-Hydroxy-6E,8Z,11Z,14Z,17Z-Eicosapentaenoic Acid",0
MAR11909,"Exchange/demand reactions","Exchange of 5,15-Dihydroxyeicosatetraenoic Acid",0
MAR11910,"Exchange/demand reactions","Exchange of 15-Deoxy-Prostaglandin J2",0
MAR11911,"Exchange/demand reactions","Exchange of 11-Dehydrothromboxane B2",0
MAR11912,"Exchange/demand reactions","Exchange of 4-Hydroxy-2-Nonenal",0
MAR11913,"Transport reactions","Transport of HomocysteineThiolactone",0
MAR11914,"Exchange/demand reactions","Exchange of Homocysteine Thiolactone",0
MAR11915,"Transport reactions","Transport (ATP-Dependent) into Extracellular Space",0
MAR11916,"Exchange/demand reactions","Exchange of Gamma-L-Glutamyl-L-Cysteine",0
MAR11917,"Exchange/demand reactions","Exchange of N(8)-Acetylspermidine",0
MAR11918,"Exchange/demand reactions","Exchange of 5-Methoxytryptophol",0
MAR11919,"Transport reactions","Melatonin Diffusion, Cytosol",0
MAR11920,"Exchange/demand reactions","Exchange of Melatonine",0
MAR11921,"Transport reactions","6-Hydroxymelatonin Diffusion, Cytosol",0
MAR11922,"Exchange/demand reactions","Exchange of 6-Hydroxymelatonin",0
MAR11923,"Exchange/demand reactions","Exchange of Tryptamine",0
MAR11924,"Transport reactions","Assumed Passive Diffusion into Extracellular Space",0
MAR11925,"Exchange/demand reactions","Exchange of Picolinic Acid",0
MAR11926,"Exchange/demand reactions","Exchange of N-Methylsalsolinol",0
MAR11927,"Exchange/demand reactions","Exchange of (-)-Salsolinol",0
MAR11928,"Transport reactions","Assumed Passive Diffusion into Extracellular Space",0
MAR11929,"Exchange/demand reactions","Exchange of Uroporphyrin I",0
MAR11930,"Exchange/demand reactions","Exchange of N(Tele)-Methylhistaminium",0
MAR11931,"Transport reactions","Assumed Passive Diffusion into Extracellular Space",0
MAR11932,"Exchange/demand reactions","Exchange of Porphobilinogen",0
MAR11933,"Exchange/demand reactions","Exchange of Trimethylenediaminium",0
MAR11934,"Exchange/demand reactions","Exchange of Methylammonium",0
MAR11935,"Transport reactions","Assumed Passive Diffusion into Extracellular Space",0
MAR11936,"Exchange/demand reactions","Exchange of (R)-Propane-1,2-Diol",0
MAR11937,"Transport reactions","Assumed Passive Diffusion into Extracellular Space",0
MAR11938,"Exchange/demand reactions","Exchange of S-Adenosylmethioninamine",0
MAR11939,"Transport reactions","Assumed Passive Diffusion into Extracellular Space",0
MAR11940,"Exchange/demand reactions","Exchange of L-Xylulose",0
MAR11941,"Transport reactions","Assumed Passive Diffusion into Extracellular Space",0
MAR11942,"Exchange/demand reactions","Exchange of Xylu_D",0
MAR11943,"Transport reactions","Assumed Passive Diffusion into Extracellular Space",0
MAR11944,"Transport reactions","Assumed Passive Diffusion into Extracellular Space",0
MAR11945,"Exchange/demand reactions","Exchange of Malonic Dialdehyde",0
MAR11946,"Transport reactions","Assumed Passive Diffusion into Extracellular Space",0
MAR11947,"Exchange/demand reactions","Exchange of Sphingosine",0
MAR11948,"Transport reactions","Passive Diffusion into Extracellular Space",0
MAR11949,"Exchange/demand reactions","Exchange of Trans-Hexadec-2-Enoyl Carnitine",0
MAR11950,"Transport reactions","Assumed Passive Diffusion into Extracellular Space",0
MAR11951,"Exchange/demand reactions","Exchange of Imidazol-4-Ylacetate",0
MAR11952,"Exchange/demand reactions","Exchange of 5-Hydroxytryptophol",0
MAR11953,"Exchange/demand reactions","Exchange of 5,10-Methylenetetrahydrofolate",0
MAR11954,"Exchange/demand reactions","Exchange of Protoporphyrin",0
MAR11955,"Transport reactions","Assumed Passive Diffusion into Extracellular Space",0
MAR11956,"Exchange/demand reactions","Exchange of Ammonioacetone",0
MAR11957,"Exchange/demand reactions","Exchange of Quinonoid Dihydrobiopterin",0
MAR11958,"Transport reactions","Passive Diffusion into Extracellular Space",0
MAR11959,"Exchange/demand reactions","Exchange of Sphinganine",0
MAR11960,"Transport reactions","Assumed Passive Diffusion into Extracellular Space",0
MAR11961,"Exchange/demand reactions","Exchange of Selenomethionine",0
MAR11962,"Exchange/demand reactions","Exchange of N(1)-Acetylspermidine",0
MAR11963,"Transport reactions","Assumed Passive Diffusion into Extracellular Space",0
MAR11964,"Transport reactions","Assumed Passive Diffusion into Extracellular Space",0
MAR11965,"Exchange/demand reactions","Exchange of Calcitriol",0
MAR11966,"Transport reactions","Transport (ATP-Dependent) into Extracellular Space",0
MAR11967,"Exchange/demand reactions","Exchange of Pristanic Acid",0
MAR11968,"Transport reactions","Transport (ATP-Dependent) into Extracellular Space",0
MAR11969,"Exchange/demand reactions","Exchange of 12,13-Hydroxyoctadec-9(Z)-Enoate",0
MAR11970,"Transport reactions","Transport (ATP-Dependent) into Extracellular Space",0
MAR11971,"Exchange/demand reactions","Exchange of 9,10-Hydroxyoctadec-12(Z)-Enoate",0
MAR11972,"Transport reactions","Transport of Lanosterol",0
MAR11973,"Transport reactions","Transport to Extracellular Space",0
MAR11974,"Exchange/demand reactions","Exchange of D-Fructose 1,6-Bisphosphate",0
MAR11975,"Exchange/demand reactions","Exchange of Cocaine",0
MAR11976,"Transport reactions","Transport of Cocaine",0
MAR11977,"Transport reactions","Transport of Cocaine, Endoplasmic Reticulum",0
MAR11978,"Exchange/demand reactions","Exchange of 5-Amino-2-Oxopentanoic Acid",0
MAR11979,"Transport reactions","Transport of 5-Amino-2-Oxopentanoic Acid, Extracellular",0
MAR11980,"Transport reactions","Transport of 5-Amino-2-Oxopentanoic Acid, Peroxisome",0
MAR11981,"Transport reactions","Transport of Lanosterol, Endoplasmic Reticulum",0
MAR11982,"Exchange/demand reactions","Exchange of VLDL_Hs",0
MAR11983,"Exchange/demand reactions","Exchange of IDL_Hs",0
MAR11984,"Exchange/demand reactions","Exchange of LDL_Hs",0
MAR11985,"Exchange/demand reactions","Exchange of HDL_Hs",0
MAR11986,"Transport reactions","Transport of Apo B, Extracellular",0
MAR11987,"Exchange/demand reactions","Exchange of ApoB100",0
MAR11988,"Transport reactions","Transport of Apo B, Extracellular",0
MAR11989,"Transport reactions","Transport of Apo C1, Extracellular",0
MAR11990,"Exchange/demand reactions","Exchange of Apo C1",0
MAR11991,"Transport reactions","Transport of Apo C1, Extracellular",0
MAR11992,"Transport reactions","Transport of Apo C2, Extracellular",0
MAR11993,"Exchange/demand reactions","Exchange of Apo C2",0
MAR11994,"Transport reactions","Transport of Apo C2, Extracellular",0
MAR11995,"Transport reactions","Transport of Apo C3, Extracellular",0
MAR11996,"Exchange/demand reactions","Exchange of Apo C3",0
MAR11997,"Transport reactions","Transport of Apo C3, Extracellular",0
MAR11998,"Transport reactions","Transport of Apo E, Extracellular",0
MAR11999,"Exchange/demand reactions","Exchange of Apo E",0
MAR12000,"Transport reactions","Transport of Apo E, Extracellular",0
MAR12001,"Tyrosine metabolism","Dopamine 4-O-Sulfotransferase",1
MAR12002,"Tyrosine metabolism","Dopamine 4-O-Glucuronidation",1
MAR12003,"Tyrosine metabolism","Dopamine 3-O-Glucuronidation",1
MAR12004,"Tyrosine metabolism","Tyrosinase: Dopamine Oxidation",1
MAR12005,"Tyrosine metabolism","3, 4-Dihydroxyphenylethanol:NADP+ Reductase",1
MAR12006,"Transport reactions","Dopamine 4-0-Sulfate Transport (Diffusion)",0
MAR12007,"Exchange/demand reactions","Exchange of Dopamine 4-O-Sulfate",0
MAR12008,"Transport reactions","Dopamine 4-O-Glucuronide Transport",1
MAR12009,"Exchange/demand reactions","Exchange of Dopamine 4-O-Glucuronide",0
MAR12010,"Transport reactions","Dopamine 3-O-Glucuronide Transport",1
MAR12011,"Exchange/demand reactions","Exchange of Dopamine 3-O-Glucuronide",0
MAR12012,"Tyrosine metabolism","L-Dopachrome Decarboxylation",0
MAR12013,"Transport reactions","Transport of 5-S-Glutathionyl-L-Dopa",1
MAR12014,"Tyrosine metabolism","Gamma-Glutamyltransferase",1
MAR12015,"Tyrosine metabolism","Cysteinylglycine Dipeptidase",0
MAR12016,"Transport reactions","Transport of 5-S-Cysteinyldopa",0
MAR12017,"Tyrosine metabolism","Dopamine-O-Quinone Oxidase",0
MAR12018,"Tyrosine metabolism","Dopamine-O-Quinone Cysteine Addition",0
MAR12019,"Tyrosine metabolism","Leukoaminochrome Autoxidation",0
MAR12020,"Tyrosine metabolism","Dt-Diaphorase: NADP Quinone Oxireductase",1
MAR12021,"Tyrosine metabolism","Dt-Diaphorase: NAD Quinone Oxireductase",1
MAR12022,"Tyrosine metabolism","2, 3-Dihydro-1H-Indole-5, 6-Dione Tautomerization",0
MAR12023,"Tyrosine metabolism","2, 3-Dihydro-1H-Indole-5, 6-Dione Glutathione Conjugation",1
MAR12024,"Tyrosine metabolism","Tyrosinase: 5, 6-Dihydroxyindole Oxygen Oxidoreductase",1
MAR12025,"Transport reactions","Transport of 4-S-Glutathionyl-5, 6-Dihydroxyindoline",0
MAR12026,"Exchange/demand reactions","Exchange of 4-S-Glutathionyl-5, 6-Dihydroxyindoline",0
MAR12027,"Transport reactions","Transport of 5-S-Cysteinyldopamine",0
MAR12028,"Exchange/demand reactions","Exchange of 5-S-Cysteinyldopamine",0
MAR12029,"Transport reactions","Transport of 5-S-Glutathionyl-Dopamine",1
MAR12030,"Exchange/demand reactions","Exchange of 5-S-Glutathionyl-Dopamine",0
MAR12031,"Transport reactions","Transport of 6, 7-Dihydroxy-1, 2, 3, 4-Tetrahydroisoquinoline",0
MAR12032,"Exchange/demand reactions","Exchange of 6, 7-Dihydroxy-1, 2, 3, 4-Tetrahydroisoquinoline",0
MAR12033,"Transport reactions","Transport of 6, 7-Dihydroxy-1, 2, 3, 4-Tetrahydroisoquinoline",0
MAR12034,"Exchange/demand reactions","Exchange of 6, 7-Dihydroxy-1, 2, 3, 4-Tetrahydroisoquinoline",0
MAR12035,"Sphingolipid metabolism","Beta-Galactosidase, Plasma Membrane",1
MAR12036,"Sphingolipid metabolism","Beta-Galactosidase, Lysosomal",1
MAR12037,"Sphingolipid metabolism","Beta-Galactosidase, Lysosomal",1
MAR12038,"Sphingolipid metabolism","Beta-Galactosidase, Lysosomal",1
MAR12039,"Sphingolipid metabolism","Beta-Galactosidase Lysosomal",1
MAR12040,"Sphingolipid metabolism","Ceramide Diffusion",0
MAR12041,"Sphingolipid metabolism","Sphingolipid C-4 Hydroxylase (Des2)",1
MAR12042,"Exchange/demand reactions","Exchange/Demand Reaction",0
MAR12043,"Exchange/demand reactions","Exchange/Demand Reaction",0
MAR12044,"Exchange/demand reactions","Exchange/Demand Reaction",0
MAR12045,"Transport reactions","Ganglioside Ga1 (Asialo Gm1) Endocytosis",0
MAR12046,"Transport reactions","Ganglioside Gm1A Endocytosis",0
MAR12047,"Transport reactions","Ganglioside Gm2A Endocytosis",0
MAR12048,"Transport reactions","Lactosylceramide Endocytosis",0
MAR12049,"Transport reactions","Lactosylceramide Endocytosis",0
MAR12050,"Sphingolipid metabolism","Beta-Glucosidase, Plasma Membrane (Gba2)",1
MAR12051,"Transport reactions","Ganglioside Gd3 Endocytosis",0
MAR12052,"Transport reactions","Ganglioside Gd3 Endocytosis",0
MAR12053,"Sphingolipid metabolism","Alpha-Galactosidase, Lysosomal",1
MAR12054,"Transport reactions","Vesicle Transport of Glucosylceramide from Golgi to Extracellular",0
MAR12055,"Transport reactions","Endocytosis of Glucosylceramide",0
MAR12056,"Transport reactions","Endocytosis of Glucosylceramide",0
MAR12057,"Transport reactions","Ganglioside Gm1 Endocytosis",0
MAR12058,"Transport reactions","Ganglioside Gm1 Endocytosis",0
MAR12059,"Transport reactions","Ganglioside Gm2 Endocytosis",0
MAR12060,"Transport reactions","Ganglioside Gm2 Endocytosis",0
MAR12061,"Sphingolipid metabolism","Hexosaminidase A, Lysosomal",1
MAR12062,"Sphingolipid metabolism","Hexosaminidase A, Lysosomal",1
MAR12063,"Sphingolipid metabolism","Hexosaminidase A, Plasma Membrane",1
MAR12064,"Sphingolipid metabolism","Hexosaminidase A;Lysosomal Or Hexosaminidase B;Lysosomal",1
MAR12065,"Sphingolipid metabolism","Sialidase, Lysosomal (Neu1)",1
MAR12069,"Sphingolipid metabolism","Sialidase, Plasma Membrane (Neu3)",0
MAR12070,"Sphingolipid metabolism","Sialidase, Plasma Membrane (Neu3)",1
MAR12071,"Sphingolipid metabolism","Sialidase, Plasma Membrane (Neu3)",1
MAR12072,"Sphingolipid metabolism","Sialidase, Plasma Membrane (Neu3)",1
MAR12073,"Sphingolipid metabolism","Sialidase, Plasma Membrane (Neu3)",1
MAR12074,"Sphingolipid metabolism","Sialidase, Plasma Membrane (Neu3)",1
MAR12075,"Sphingolipid metabolism","Sialidase, Plasma Membrane (Neu3)",1
MAR12076,"Sphingolipid metabolism","Sialidase, Plasma Membrane (Neu3)",1
MAR12077,"Sphingolipid metabolism","Sialidase, Nucleus (Neu3 Or Neu1)",1
MAR12078,"Sphingolipid metabolism","Sialidase, Plasma Membrane (Neu3)",1
MAR12079,"Sphingolipid metabolism","Sphingomyelin Synthase 2",1
MAR12080,"Sphingolipid metabolism","Sphingomyelin Synthase",0
MAR12082,"Sphingolipid metabolism","Sphingosine Kinase 2",1
MAR12083,"Sphingolipid metabolism","Sphingosine Kinase 2",1
MAR12084,"Transport reactions","Vesicle Transport of Sphingomyelin from Golgi to Extracellular",0
MAR12085,"Transport reactions","Endocytosis of Sphingomyelin",0
MAR12086,"Sphingolipid metabolism","Neutral Sphingomyelinase",1
MAR12087,"Sphingolipid metabolism","Alpha-N-Acetylneuraminate Alpha-2, 8-Sialyltransferase",1
MAR12088,"Transport reactions","Nitrite Dioxide Transport, Assumed Diffusion",0
MAR12089,"Transport reactions","Ammonia Er Transport, Diffusion",0
MAR12090,"Transport reactions","Omega Hydroxy Testosterone Transport",0
MAR12091,"Transport reactions","UDPgalactose Transport (Nuclear)",0
MAR12092,"Transport reactions","UDPgalactose Transport, Endoplasmatic Reticulum",0
MAR12093,"Transport reactions","Fatty Acid Intracellular Transport, Mitochondrial",0
MAR12094,"Transport reactions","Fatty Acid Intracellular Transport, Mitochondrial",0
MAR12095,"Transport reactions","Fatty Acid Intracellular Transport, Mitochondrial",0
MAR12096,"Transport reactions","Phosphatidylcholine Scramblase",0
MAR12097,"Transport reactions","Choline Phosphate Intracellular Transport",0
MAR12098,"Transport reactions","Phytoceramide Transport, Golgi Apparatus",0
MAR12099,"Transport reactions","Phytoceramide Transport, Endoplasmatic Reticulum",0
MAR12100,"Transport reactions","Sphinganine Intracellular Transport",0
MAR12101,"Transport reactions","Sphinganine Intracellular Transport",0
MAR12102,"Transport reactions","Sphingosine Intracellular Transport",0
MAR12103,"Transport reactions","Sphingosine Intracellular Transport",0
MAR12104,"Exchange/demand reactions","Exchange of CMP-N-Acetyl-Beta-Neuraminate",0
MAR12105,"Exchange/demand reactions","Exchange of Gd2",0
MAR12106,"Exchange/demand reactions","Exchange of Gd1A",0
MAR12107,"Transport reactions","Dihydroceramide Transport, Golgi Apparatus",0
MAR12108,"Transport reactions","Dihydroceramide Transport, Endoplasmatic Reticulum",0
MAR12109,"Transport reactions","Phytosphingosine Transport, from Golgi to Cytosol (Flippase?)",0
MAR12110,"Transport reactions","Phytosphingosine Transport, from Er to Cytosol (Flippase?)",0
MAR12111,"Sphingolipid metabolism","Sphingosine-1-Phosphate Lyase 1 (Phytosphingosine-1-Phosphate, Cytosol)",0
MAR12112,"Transport reactions","Transport of L-Cysteate, Diffusion",0
MAR12113,"Transport reactions","Transport of 3, 4-Dihydroxyphenylethanol via Passive Diffusion",0
MAR12114,"Exchange/demand reactions","Exchange of 3, 4-Dihydroxyphenylethanol",0
MAR12115,"Transport reactions","Galactocerebroside Intracellular Transport",0
MAR12116,"Transport reactions","Galactocerebroside Intracellular Transport",0
MAR12117,"Transport reactions","Ceramide Transport Protei",0
MAR12118,"Transport reactions","Transport of Gd1A",0
MAR12119,"Transport reactions","Transport of Gd1A",0
MAR12120,"Transport reactions","ADP/ATP Transporter, Golgi",0
MAR12121,"Transport reactions","Transport of Gd1B",0
MAR12122,"Transport reactions","Transport of Gd3, Lysosomal",0
MAR12123,"Transport reactions","Transport of Gd3, Mitochondrial",0
MAR12124,"Transport reactions","Adenosine 3', 5'-Bisphosphate Lysosome Transport",0
MAR12125,"ROS detoxification","Catalase",0
MAR12126,"Miscellaneous","Transport of De-Fuc Form of Pa6, Lysosomal",0
MAR12127,"Exchange/demand reactions","Exchange of 1-Phosphatidyl-1D-Myo-Inositol",0
MAR12128,"Exchange/demand reactions","Exchange of (12S)-12-hydroxyheptadeca-5,8,10-trienoic acid (12S-HHT)",0
MAR12129,"Exchange/demand reactions","Exchange of 5-S-Glutathionyl-L-Dopa",0
MAR12130,"Exchange/demand reactions","Exchange of 5-S-Cysteinylglycine Dopa",0
MAR12131,"Exchange/demand reactions","Exchange of 5-S-Cysteinyldopa",0
MAR12132,"Exchange/demand reactions","Exchange of Galactosyl Glucosyl Ceramide",0
MAR12133,"Exchange/demand reactions","Exchange of Gibberellin A1",0
MAR12134,"Exchange/demand reactions","Exchange of Gm1Alpha",0
MAR12135,"Exchange/demand reactions","Exchange of Gm2Alpha",0
MAR12136,"Exchange/demand reactions","Exchange of Ganglioside Gm1",0
MAR12137,"Exchange/demand reactions","Exchange of Gm1B",0
MAR12138,"Exchange/demand reactions","Exchange of Gd1B",0
MAR12139,"Exchange/demand reactions","Exchange of Gt1B",0
MAR12140,"Artificial reactions","HMR Biomass Renal Cancer Reaction",0
MAR12141,"Exchange/demand reactions","Exchange of Nicotinamide Adenine Dinucleotide - Reduced",0
MAR12142,"Transport reactions","12-Dehydrocholic acid ABC bile acid transporter",1
MAR12143,"Transport reactions","12-Dehydrocholic acid transport via bicarbonate countertransport",1
MAR12144,"Transport reactions","12-Dehydrocholic acid transport via sodium cotransport",1
MAR12145,"Bile acid biosynthesis","3-dehydrocholic acid formation",1
MAR12146,"Bile acid biosynthesis","3-dehydro-chenodehydroxycholic acid formation",1
MAR12147,"Transport reactions","3-Dehydrochenodeoxycholic acid ABC bile acid transporter",1
MAR12148,"Transport reactions","3-Dehydrochenodeoxycholic acid transport via bicarbonate countertransport",1
MAR12149,"Transport reactions","3-Dehydrochenodeoxycholic acid transport via sodium cotransport",1
MAR12150,"Transport reactions","3-Dehydrocholic acid  ABC bile acid transporter",1
MAR12151,"Transport reactions","3-Dehydrocholic acid  transport via bicarbonate countertransport",1
MAR12152,"Transport reactions","3-Dehydrocholic acid  transport via sodium cotransport",1
MAR12153,"Transport reactions","3-dehydro-deoxycholic acid ABC bile acid transporter",1
MAR12154,"Bile acid biosynthesis","3-dehydro-deoxycholic acid formation",1
MAR12155,"Transport reactions","3-dehydro-deoxycholic acid transport via bicarbonate countertransport",1
MAR12156,"Transport reactions","3-dehydro-deoxycholic acid transport via sodium cotransport",1
MAR12157,"Transport reactions","3-dehydro-lithocholic acid ABC bile acid transporter",1
MAR12158,"Bile acid biosynthesis","3-dehydro-lithocholic acid formation",1
MAR12159,"Transport reactions","3-dehydro-lithocholic acid transport via bicarbonate countertransport",1
MAR12160,"Transport reactions","3-dehydro-lithocholic acid transport via sodium cotransport",1
MAR12161,"Transport reactions","7-Dehydrochenodeoxycholic acid ABC bile acid transporter",1
MAR12162,"Transport reactions","7-Dehydrochenodeoxycholic acid transport via bicarbonate countertransport",1
MAR12163,"Transport reactions","7-Dehydrochenodeoxycholic acid transport via sodium cotransport",1
MAR12164,"Transport reactions","7-Dehydrocholic acid ABC bile acid transporter",1
MAR12165,"Transport reactions","7-Dehydrocholic acid transport via bicarbonate countertransport",1
MAR12166,"Transport reactions","7-Dehydrocholic acid transport via sodium cotransport",1
MAR12169,"Transport reactions","Glucuronidated bile acid excretion (CA-24G)",1
MAR12170,"Transport reactions","Glucuronidated Compound Transport (CA-24G)",0
MAR12171,"Transport reactions","Cholic acid 3-sulfate ABC bile acid transporter",1
MAR12172,"Transport reactions","Cholic acid 3-sulfate transport via bicarbonate countertransport",1
MAR12173,"Bile acid biosynthesis","Cholic acid sulfotransferase",1
MAR12174,"Bile acid biosynthesis","UDP-Glucuronosyltransferase (UGT) cytosolic (chenodeoxycholic acid)",1
MAR12175,"Bile acid biosynthesis","UDP-Glucuronosyltransferase (UGT) (chenodeoxycholic acid)",1
MAR12176,"Transport reactions","Glucuronidated bile acid excretion (CDCA-24G)",1
MAR12177,"Transport reactions","Glucuronidated Compound Transport (CDCA-24G)",0
MAR12178,"Bile acid biosynthesis","UDP-Glucuronosyltransferase (UGT) cytosolic (chenodeoxycholic acid)",1
MAR12179,"Bile acid biosynthesis","UDP-Glucuronosyltransferase (UGT) ER (chenodeoxycholic acid)",1
MAR12180,"Transport reactions","Glucuronidated bile acid excretion (CDCA-3G)",1
MAR12181,"Transport reactions","Glucuronidated Compound Transport (CDCA-3G)",0
MAR12182,"Transport reactions","Chenodeoxycholic acid 3-sulfate transport via bicarbonate countertransport",1
MAR12183,"Bile acid biosynthesis","Chenodeoxycholic acid 6alpha-hydroxylase",1
MAR12184,"Transport reactions","Coprostanol ABC bile acid transporter",1
MAR12185,"Transport reactions","Coprostanol transport via bicarbonate countertransport",1
MAR12186,"Transport reactions","Coprostanol transport via sodium cotransport",1
MAR12187,"Bile acid biosynthesis","UDP-Glucuronosyltransferase (UGT) cytosolic (deoxycholic acid)",1
MAR12188,"Bile acid biosynthesis","UDP-Glucuronosyltransferase (UGT) ER (deoxycholic acid)",1
MAR12189,"Transport reactions","Glucuronidated bile acid excretion (DCA-24g)",1
MAR12190,"Transport reactions","Glucuronidated Compound Transport (DCA-24g)",0
MAR12191,"Bile acid biosynthesis","UDP-Glucuronosyltransferase (UGT) cytosolic (deoxycholic acid)",1
MAR12192,"Bile acid biosynthesis","UDP-Glucuronosyltransferase (UGT) ER (deoxycholic acid)",1
MAR12193,"Transport reactions","Glucuronidated bile acid excretion (DCA-3G)",1
MAR12194,"Transport reactions","Glucuronidated Compound Transport (DCA-3G)",0
MAR12195,"Transport reactions","Deoxycholic acid 3-sulfate ABC bile acid transporter",1
MAR12196,"Transport reactions","Deoxycholic acid 3-sulfate transport via bicarbonate countertransport",1
MAR12197,"Bile acid biosynthesis","Deoxycholic acid sulfotransferase",1
MAR12198,"Exchange/demand reactions","EX_12dhchol(e)",0
MAR12199,"Exchange/demand reactions","EX_3dhcdchol(e)",0
MAR12200,"Exchange/demand reactions","EX_3dhchol(e)",0
MAR12201,"Exchange/demand reactions","EX_3dhdchol(e)",0
MAR12202,"Exchange/demand reactions","EX_3dhlchol(e)",0
MAR12203,"Exchange/demand reactions","EX_7dhcdchol(e)",0
MAR12204,"Exchange/demand reactions","EX_7dhchol(e)",0
MAR12205,"Exchange/demand reactions","EX_ca24g(e)",0
MAR12206,"Exchange/demand reactions","EX_ca3s(e)",0
MAR12207,"Exchange/demand reactions","EX_cdca24g(e)",0
MAR12208,"Exchange/demand reactions","EX_cdca3g(e)",0
MAR12209,"Exchange/demand reactions","EX_coprost(e)",0
MAR12210,"Exchange/demand reactions","EX_dca24g(e)",0
MAR12211,"Exchange/demand reactions","EX_dca3g(e)",0
MAR12212,"Exchange/demand reactions","EX_dca3s(e)",0
MAR12213,"Exchange/demand reactions","EX_gca3s(e)",0
MAR12214,"Exchange/demand reactions","EX_gcdca3s(e)",0
MAR12215,"Exchange/demand reactions","EX_gdca3s(e)",0
MAR12216,"Exchange/demand reactions","EX_gudca3s(e)",0
MAR12217,"Exchange/demand reactions","EX_hca24g(e)",0
MAR12218,"Exchange/demand reactions","EX_hca6g(e)",0
MAR12219,"Exchange/demand reactions","EX_hdca24g(e)",0
MAR12220,"Exchange/demand reactions","EX_hdca6g(e)",0
MAR12221,"Exchange/demand reactions","EX_hyochol(e)",0
MAR12222,"Exchange/demand reactions","EX_icdchol(e)",0
MAR12223,"Exchange/demand reactions","EX_isochol(e)",0
MAR12224,"Exchange/demand reactions","EX_lca24g(e)",0
MAR12225,"Exchange/demand reactions","EX_lca3g(e)",0
MAR12226,"Exchange/demand reactions","EX_lca3s(e)",0
MAR12227,"Exchange/demand reactions","EX_tca3s(e)",0
MAR12228,"Exchange/demand reactions","EX_tcdca3s(e)",0
MAR12229,"Exchange/demand reactions","EX_tdca3s(e)",0
MAR12230,"Exchange/demand reactions","EX_thyochol(e)",0
MAR12231,"Exchange/demand reactions","EX_tudca3s(e)",0
MAR12232,"Exchange/demand reactions","EX_uchol(e)",0
MAR12233,"Exchange/demand reactions","EX_udca3s(e)",0
MAR12234,"Transport reactions","Glycocholic acid 3-sulfate ABC bile acid transporter",1
MAR12235,"Transport reactions","Glycocholic acid 3-sulfate transport via bicarbonate countertransport",1
MAR12236,"Bile acid biosynthesis","Glycocholic acid sulfotransferase",1
MAR12237,"Transport reactions","Glycochenodeoxycholic acid 3-sulfate ABC bile acid transporter",1
MAR12238,"Transport reactions","Glycochenodeoxycholic acid 3-sulfate via bicarbonate countertransport",1
MAR12239,"Bile acid biosynthesis","Glycochenodeoxycholic acid sulfotransferase",1
MAR12240,"Transport reactions","Glycodeoxycholic acid 3-sulfate ABC bile acid transporter",1
MAR12241,"Transport reactions","Glycodeoxycholic acid 3-sulfate via bicarbonate countertransport",1
MAR12242,"Bile acid biosynthesis","Glycodeoxycholic acid sulfotransferase",1
MAR12243,"Transport reactions","Glycoursodeoxycholic acid 3-sulfate ABC bile acid transporter",1
MAR12244,"Transport reactions","Glycoursodeoxycholic acid 3-sulfate via bicarbonate countertransport",1
MAR12245,"Bile acid biosynthesis","Glycoursodeoxycholic acid sulfotransferase",1
MAR12246,"Bile acid biosynthesis","UDP-Glucuronosyltransferase (UGT) cytosolic (hyocholic acid)",1
MAR12247,"Bile acid biosynthesis","UDP-Glucuronosyltransferase (UGT) (hyocholic acid)",1
MAR12248,"Transport reactions","Glucuronidated bile acid excretion (HCA-24G)",1
MAR12249,"Transport reactions","Glucuronidated Compound Transport (HCA-24G)",0
MAR12250,"Bile acid biosynthesis","UDP-Glucuronosyltransferase (UGT) cytosolic (hyocholic acid)",1
MAR12251,"Bile acid biosynthesis","UDP-Glucuronosyltransferase (UGT) ER (hyocholic acid)",1
MAR12252,"Transport reactions","Glucuronidated bile acid excretion (HCA-6G)",1
MAR12253,"Transport reactions","Glucuronidated Compound Transport (HCA-6G)",0
MAR12254,"Bile acid biosynthesis","UDP-Glucuronosyltransferase (UGT) cytosolic (hyodeoxycholic acid)",1
MAR12255,"Bile acid biosynthesis","UDP-Glucuronosyltransferase (UGT) (hyodeoxycholic acid)",1
MAR12256,"Transport reactions","Glucuronidated bile acid excretion (HDCA-24G)",1
MAR12257,"Transport reactions","Glucuronidated Compound Transport (HDCA-24G)",0
MAR12258,"Bile acid biosynthesis","UDP-Glucuronosyltransferase (UGT) cytosolic (hyodeoxycholic acid)",1
MAR12259,"Bile acid biosynthesis","UDP-Glucuronosyltransferase (UGT) ER (hyodeoxycholic acid)",1
MAR12260,"Transport reactions","Glucuronidated bile acid excretion (HDCA-6G)",1
MAR12261,"Transport reactions","Glucuronidated Compound Transport (HDCA-6G)",0
MAR12262,"Transport reactions","hyocholic acid ABC bile acid transporter",1
MAR12263,"Transport reactions","hyocholic acid transport via bicarbonate countertransport",1
MAR12264,"Transport reactions","hyocholic acid transport via sodium cotransport",1
MAR12265,"Transport reactions","Bile salt transport (hyocholic acid)",0
MAR12266,"Transport reactions","Isochenodeoxycholic acid ABC bile acid transporter",1
MAR12267,"Transport reactions","Isochenodeoxycholic acid transport via bicarbonate countertransport",1
MAR12268,"Transport reactions","Isochenodeoxycholic acid transport via sodium cotransport",1
MAR12269,"Transport reactions","Isocholic acid ABC bile acid transporter",1
MAR12270,"Transport reactions","Isocholic acid transport via bicarbonate countertransport",1
MAR12271,"Transport reactions","Isocholic acid transport via sodium cotransport",1
MAR12272,"Bile acid biosynthesis","UDP-Glucuronosyltransferase (UGT) cytosolic (lithocholic acid)",1
MAR12273,"Bile acid biosynthesis","UDP-Glucuronosyltransferase (UGT) ER (lithocholic acid)",1
MAR12274,"Transport reactions","Glucuronidated bile acid excretion (LCA-24G)",1
MAR12275,"Transport reactions","Glucuronidated Compound Transport (LCA-24G)",0
MAR12276,"Bile acid biosynthesis","UDP-Glucuronosyltransferase (UGT) cytosolic (lithocholic acid)",1
MAR12277,"Bile acid biosynthesis","UDP-Glucuronosyltransferase (UGT) ER (lithocholic acid)",1
MAR12278,"Transport reactions","Glucuronidated bile acid excretion (LCA-3G)",1
MAR12279,"Transport reactions","Glucuronidated Compound Transport (LCA-3G)",0
MAR12280,"Transport reactions","Lithocholic acid 3-sulfate ABC bile acid transporter",1
MAR12281,"Transport reactions","Lithocholic acid 3-sulfate transport via bicarbonate countertransport",1
MAR12282,"Bile acid biosynthesis","Lithocholic acid sulfotransferase",1
MAR12283,"Transport reactions","Bile salt transport (hyodeoxycholic acid)",0
MAR12284,"Transport reactions","Taurocholic acid 3-sulfate ABC bile acid transporter",1
MAR12285,"Transport reactions","Taurocholic acid 3-sulfate transport via bicarbonate countertransport",1
MAR12286,"Bile acid biosynthesis","Taurocholic acid sulfotransferase",1
MAR12287,"Transport reactions","Taurochenodeoxycholic acid 3-sulfate ABC bile acid transporter",1
MAR12288,"Transport reactions","Taurochenodeoxycholic acid 3-sulfate transport via bicarbonate countertransport",1
MAR12289,"Bile acid biosynthesis","Taurochenodeoxycholic acid 6alpha-hydroxylase",1
MAR12290,"Bile acid biosynthesis","Taurochenodeoxycholic acid sulfotransferase",1
MAR12291,"Transport reactions","Taurodeoxycholic acid 3-sulfate ABC bile acid transporter",1
MAR12292,"Transport reactions","Taurodeoxycholic acid 3-sulfate transport via bicarbonate countertransport",1
MAR12293,"Bile acid biosynthesis","Taurodeoxycholic acid sulfotransferase",1
MAR12294,"Transport reactions","taurohyocholic acid ABC bile acid transporter",1
MAR12295,"Transport reactions","taurohyocholic acid transport via bicarbonate countertransport",1
MAR12296,"Transport reactions","taurohyocholic acid transport via sodium cotransport",1
MAR12297,"Transport reactions","Tauroursodeoxycholic acid 3-sulfate ABC bile acid transporter",1
MAR12298,"Transport reactions","Tauroursodeoxycholic acid 3-sulfate transport via bicarbonate countertransport",1
MAR12299,"Bile acid biosynthesis","Tauroursodeoxycholic acid sulfotransferase",1
MAR12300,"Transport reactions","Ursocholic acid ABC bile acid transporter",1
MAR12301,"Transport reactions","Ursocholic acid transport via bicarbonate countertransport",1
MAR12302,"Transport reactions","Ursocholic acid transport via sodium cotransport",1
MAR12303,"Transport reactions","Ursodeoxycholic acid 3-sulfate ABC bile acid transporter",1
MAR12304,"Transport reactions","Ursodeoxycholic acid 3-sulfate transport via bicarbonate countertransport",1
MAR12305,"Bile acid biosynthesis","Ursodeoxycholic acid sulfotransferase",1
MAR12306,"Transport reactions","Ursodeoxycholic acid transport via bicarbonate countertransport",1
MAR12307,"Transport reactions","Ursodeoxycholic acid transport via sodium cotransport",1
MAR12308,"Drug metabolism","oxidation of tacrolimus in hepatocytes",1
MAR12309,"Drug metabolism","efflux of 12-hydroxy tacrolimus into intestinal lumen by ABC transporter",0
MAR12310,"Drug metabolism","exit of 12-hydroxy tacrolimus into portal blood",0
MAR12311,"Drug metabolism","demethylation of 13-O-desmethyl-tacrolimus to 13,31-O-Didesmethyl-tacrolimus in hepatocytes",0
MAR12312,"Drug metabolism","demethylation of 31-O-desmethyl-tacrolimus to 13,31-O-Didesmethyl-tacrolimus in hepatocytes",0
MAR12313,"Drug metabolism","efflux of 13,31-O-Didesmethyl-tacrolimus into bile",0
MAR12314,"Drug metabolism","exit of 13,31-O-Didesmethyl-tacrolimus into hepatic vein",0
MAR12315,"Drug metabolism","demthylation of tacrolimus to 13-O-desmethyl tacrolimus in hepatocytes",0
MAR12316,"Drug metabolism","efflux of 13-O-desmethyl tacrolimus into intestinal lumen by ABC transporter",0
MAR12317,"Drug metabolism","exit of 13-O-desmethyl tacrolimus into portal blood",0
MAR12318,"Drug metabolism","oxidation of 4-OH-midazolam to 1,4-Dihydroxy-midazolam in hepatocytes",1
MAR12319,"Drug metabolism","oxidation of 1-OH-midazolam to 1,4-Dihydroxy-midazolam in hepatocytes",1
MAR12320,"Drug metabolism","efflux of 1,4-Dihydroxy-midazolam into hepatic vein",0
MAR12321,"Drug metabolism","demthylation of 15-O-desmethyl tacrolimus to 13,15-O-didesmethyl tacrolimus in hepatocytes",0
MAR12322,"Drug metabolism","demthylation of 13-O-desmethyl tacrolimus to 13,15-O-didesmethyl tacrolimus in hepatocytes",0
MAR12323,"Drug metabolism","efflux of 13,15-O-didesmethyl tacrolimus into intestinal lumen by ABC transporter",0
MAR12324,"Drug metabolism","exit of 13,15-O-didesmethyl tacrolimus into portal blood",0
MAR12325,"Drug metabolism","demethylation of 15-O-desmethyl tacrolimus to 15, 31-O-Didesmethyl-tacrolimus in hepatocytes",0
MAR12326,"Drug metabolism","efflux of 15, 31-O-Didesmethyl-tacrolimus into bile",0
MAR12327,"Drug metabolism","exit of 15, 31-O-Didesmethyl-tacrolimus into hepatic vein",0
MAR12328,"Drug metabolism","demethylation of 31-O-desmethyl tacrolimus to 15, 31-O-Didesmethyl-tacrolimus in hepatocytes",0
MAR12329,"Drug metabolism","demethylation of tacrolimus to 15-O-desmethyl tacrolimus in hepatocytes",0
MAR12330,"Drug metabolism","efflux of 15-O-desmethyl tacrolimus into intestinal lumen by ABC transporter",0
MAR12331,"Drug metabolism","exit of 15-O-desmethyl tacrolimus into portal blood",0
MAR12332,"Drug metabolism","release of 1-hydroxy S-ibuprofen-glucuronide into hepatic vein",0
MAR12333,"Drug metabolism","glucuronidation of 1-hydroxy ibuprofen",1
MAR12334,"Drug metabolism","release of 1-hydroxy-ibuprofen into hepatic vein",0
MAR12335,"Drug metabolism","glucuronidation of 1-OH-midazolam in enterocytes",1
MAR12336,"Drug metabolism","uptake of 1-OH-midazolam-glucuronide into hepatocytes",0
MAR12337,"Drug metabolism","oxidation of midazolam to 1-OH-midazolam in hepatocytes",1
MAR12338,"Drug metabolism","efflux of 1-OH-midazolam into portal blood",0
MAR12339,"Drug metabolism","conversion of 2-hydroxy-atorvastatin-acid to its lactone form in hepatocytes",0
MAR12340,"Drug metabolism","glucuronidation of 2-hydroxy-atorvastatin-acid in hepatocytes",1
MAR12341,"Drug metabolism","efflux of 2-hydroxy-atorvastatin-acyl-glucuronide into bile",1
MAR12342,"Drug metabolism","oxidation of atorvastatin acid to 2-hydroxy-atorvastatin-acid in hepatocytes",1
MAR12343,"Drug metabolism","conversion of 2-hydroxy-atorvastatin-lactone to its acid form in hepatocytes",1
MAR12344,"Drug metabolism","efflux of 2-hydroxy-atorvastatin-acid into bile",1
MAR12345,"Drug metabolism","efflux of 2-hydroxy-atorvastatin-acid into portal blood",0
MAR12346,"Drug metabolism","uptake of 2-hydroxy-atorvastatin-acid into hepatocytes",1
MAR12347,"Drug metabolism","glucuronidation of 2-hydroxy-atorvastatin-lactone in hepatocytes",1
MAR12348,"Drug metabolism","efflux of 2-hydroxy-atorvastatin-lactone-glucuronide into bile",1
MAR12349,"Drug metabolism","oxidation of atorvastatin lactone to 2-hydroxy-atorvastatin-lactone in hepatocytes",1
MAR12350,"Drug metabolism","efflux of 2-hydroxy-atorvastatin-lactone into bile",1
MAR12351,"Drug metabolism","efflux of 2-hydroxy-atorvastatin-lactone into portal blood",0
MAR12352,"Drug metabolism","uptake of 2-hydroxy-atorvastatin-lactone into hepatocytes",1
MAR12353,"Drug metabolism","release of 2-hydroxy S-ibuprofen-glucuronide into hepatic vein",0
MAR12354,"Drug metabolism","release of R-2-hydroxy-ibuprofen into hepatic vein",0
MAR12355,"Drug metabolism","glucuronidation of S-2-hydroxy ibuprofen",1
MAR12356,"Drug metabolism","release of S-2-hydroxy-ibuprofen into hepatic vein",0
MAR12357,"Drug metabolism","demethylation of tacrolimus to 31-O-desmethyl tacrolimus in hepatocytes",0
MAR12358,"Drug metabolism","efflux of 31-O-desmethyl tacrolimus into intestinal lumen by ABC transporter",0
MAR12359,"Drug metabolism","exit of 31-O-desmethyl tacrolimus into portal blood",0
MAR12360,"Drug metabolism","conversion of pravastatin to 3-alpha-5-beta-dihydroxy pravastatin in entercoytes",1
MAR12361,"Drug metabolism","3-alpha-5-beta-dihydroxy pravastatin exit into portal blood",0
MAR12362,"Drug metabolism","uptake of 3-alpha-5-beta-dihydroxy pravastatin by hepatocytes",1
MAR12363,"Drug metabolism","formation of 3,5-dihydrodoil simvastatin",1
MAR12364,"Drug metabolism","efflux of 3,5-dihydrodiol-simvastatin-lactone form into bile",0
MAR12365,"Drug metabolism","release of 3-hydroxy S-ibuprofen-glucuronide into hepatic vein",0
MAR12366,"Drug metabolism","release of R-3-hydroxy-ibuprofen into hepatic vein",0
MAR12367,"Drug metabolism","glucuronidation of S-3-hydroxy ibuprofen",1
MAR12368,"Drug metabolism","release of S-3-hydroxy-ibuprofen into hepatic vein",0
MAR12369,"Drug metabolism","conversion of 3-hydroxy-lovastatin lactone to acid form",1
MAR12370,"Drug metabolism","release of 3-hydroxy-lovastatin acid form into bile",0
MAR12371,"Drug metabolism","beta oxidation of 3-S-hydroxy-pravastatin-CoA to tatranor-CoA derivative in hepatocytes, mitochondria",1
MAR12372,"Drug metabolism","beta oxidation of 3-S-hydroxy-pravastatin-CoA to tetranor-CoA in hepatocytes, peroxisomes",1
MAR12373,"Drug metabolism","efflux of 3-S-hydroxy-pravastatin-tetranor into bile",1
MAR12374,"Drug metabolism","exit of 3-S-hydroxy-pravastatin-tetranor into hepatic vein",0
MAR12375,"Drug metabolism","oxidation of pravastatin to 3-hydroxy pravastatin in hepatocytes",1
MAR12376,"Drug metabolism","efflux of 3-S-hydroxy-pravastatin into bile",1
MAR12377,"Drug metabolism","3-hydroxy pravastatin exit into portal blood",0
MAR12378,"Drug metabolism","uptake of 3-hydroxy pravastatin by hepatocytes",1
MAR12379,"Drug metabolism","conversion of 3-hydroxy simvastatin lactone to acid form",1
MAR12380,"Drug metabolism","efflux of 3-hydroxy-simvastatin-acid form into bile",0
MAR12381,"Drug metabolism","acid catalyzed rearrangement of 6-beta-hydroxy-simvastatin to 3-hydroxy simvastatin",1
MAR12382,"Drug metabolism","isomerization of pravastatin to 3-alpha-iso-pravastatin in hepatocytes",0
MAR12383,"Drug metabolism","efflux of 3-alpha-iso-pravastatin into bile",1
MAR12384,"Drug metabolism","3-alpha-iso-pravastatin exit into portal blood",0
MAR12385,"Drug metabolism","uptake of 3-alpha-iso-pravastatin by hepatocytes",1
MAR12386,"Drug metabolism","formation of 3-methoxy-acetaminophen in hepatocytes",0
MAR12387,"Drug metabolism","oxidation of acetaminophen to 3-OH-acetaminophen in hepatocytes",1
MAR12388,"Drug metabolism","efflux of 3-OH-acetaminophen into hepatic vein",0
MAR12389,"Drug metabolism","excretion of 4-beta-OH-gliclazide into bile",0
MAR12390,"Drug metabolism","oxidation of gliclazide to 4-beta-OH-gliclazide in hepatocytes",0
MAR12391,"Drug metabolism","excretion of 4-beta-OH-gliclazide into hepatic vein",0
MAR12392,"Drug metabolism","oxidation of atorvastatin acid to 4-hydroxy-atorvastatin-acid in hepatocytes",1
MAR12393,"Drug metabolism","conversion of 4-hydroxy-atorvastatin-lactone to its acid form in hepatocytes",1
MAR12394,"Drug metabolism","efflux of 4-hydroxy-atorvastatin-acid into bile",1
MAR12395,"Drug metabolism","efflux of 4-hydroxy-atorvastatin-acid into portal blood",0
MAR12396,"Drug metabolism","uptake of 4-hydroxy-atorvastatin-acid into hepatocytes",1
MAR12397,"Drug metabolism","oxidation of atorvastatin lactone to 4-hydroxy-atorvastatin-lactone in hepatocytes",1
MAR12398,"Drug metabolism","conversion of 4-hydroxy-atorvastatin-lactone to its acid form in hepatocytes",0
MAR12399,"Drug metabolism","efflux of 4-hydroxy-atorvastatin-lactone into bile",1
MAR12400,"Drug metabolism","efflux of 4-hydroxy-atorvastatin-lactone into portal blood",0
MAR12401,"Drug metabolism","uptake of 4-hydroxy-atorvastatin-lactone into hepatocytes",1
MAR12402,"Drug metabolism","efflux of 4-OH-midazolam-glucuronide into hepatic vein",0
MAR12403,"Drug metabolism","glucuronidation of 4-OH-midazolam in enterocytes",1
MAR12404,"Drug metabolism","oxidation of midazolam to 4-OH-midazolam in hepatocytes",1
MAR12405,"Drug metabolism","efflux of 4-OH-midazolam into hepatic vein",0
MAR12406,"Drug metabolism","oxidation of triol metabolite to 3-keto-5,6,-dihydroxy-pravastatin in hepatocytes",1
MAR12407,"Drug metabolism","efflux of 3-keto-5,6,-dihydroxy-pravastatin into bile",1
MAR12408,"Drug metabolism","exit of 3-keto-5,6,-dihydroxy-pravastatin into hepatic vein",0
MAR12409,"Drug metabolism","oxidation of 3-alpha-iso-pravastatin to 5,6-epoxy-3-alpha-iso-pravastatin in hepatocytes",1
MAR12410,"Drug metabolism","efflux of 5,6-epoxy-3-alpha-iso-pravastatin into bile",1
MAR12411,"Drug metabolism","exit of 5,6-epoxy-3-alpha-iso-pravastatin into hepatic vein",0
MAR12412,"Drug metabolism","glucuronidation of 5-hydroxy-fluvastatin",0
MAR12413,"Drug metabolism","exit of 5-hydroxy-fluvastatin-glucuronide into hepatic vein for excretion in urine",0
MAR12414,"Drug metabolism","oxidation of fluvastatin to 5-hydroxy-fluvastatin in hepatocytes",1
MAR12415,"Drug metabolism","efflux of 5-hydroxy-fluvastatin into bile for excretion into faeces",0
MAR12416,"Drug metabolism","excretion of 6-alpha-OH-gliclazide into bile",0
MAR12417,"Drug metabolism","oxidation of gliclazide to 6-alpha-OH-gliclazide in hepatocytes",0
MAR12418,"Drug metabolism","excretion of 6-alpha-OH-gliclazide into hepatic vein",0
MAR12419,"Drug metabolism","excretion of 6-beta-OH-gliclazide into bile",0
MAR12420,"Drug metabolism","excretion of 6-beta-OH-gliclazide-glucuronide into bile",0
MAR12421,"Drug metabolism","glucuronidation of 6-beta-OH-gliclazide-glucuronide in hepatocytes",0
MAR12422,"Drug metabolism","excretion of 6-beta-OH-gliclazide-glucuronide into hepatic vein",0
MAR12423,"Drug metabolism","oxidation of gliclazide to 6-beta-OH-gliclazide in hepatocytes",1
MAR12424,"Drug metabolism","excretion of 6-beta-OH-gliclazide into hepatic vein",0
MAR12425,"Drug metabolism","conversion of 6-beta-carboxy simvastatin lactone to acid form",1
MAR12426,"Drug metabolism","efflux of 6-beta-carboxy-simvastatin-acid form into bile",0
MAR12427,"Drug metabolism","oxidation of 6-exomethylene simvastatin to 6-beta-hydroxy carboxy simvastatin lactone form",1
MAR12428,"Drug metabolism","efflux of 6-epipravastatin into bile",1
MAR12429,"Drug metabolism","6-epi-pravastatin exit into portal blood",0
MAR12430,"Drug metabolism","isomerization of pravastatin to 6-epi-pravastatin in hepatocytes",0
MAR12431,"Drug metabolism","uptake of 6-epi-pravastatin by hepatocytes",1
MAR12432,"Drug metabolism","conversion of lactone form of 6-beta-hydroxy-lovastatin to acid form",1
MAR12433,"Drug metabolism","uptake of 6-beta-hydroxy-lovastatin by hepatocytes",0
MAR12434,"Drug metabolism","conversion of 6-beta-hydroxy-methyl simvastatin lactone to acid form",1
MAR12435,"Drug metabolism","efflux of 6-beta-hydroxy-methyl-simvastatin-acid into bile",0
MAR12436,"Drug metabolism","oxidation of 6-exomethylene simvastatin to 6-beta-hydroxy methyl simvastatin",1
MAR12437,"Drug metabolism","conversion of 6-beta-hydroxy simvastatin lactone to acid form",1
MAR12438,"Drug metabolism","efflux of 6-beta-hydroxy simvastatin acid into bile",0
MAR12439,"Drug metabolism","oxidation of simvastatin to 6-beta-hydroxy simvastatin",1
MAR12440,"Drug metabolism","conversion of lactone form of 6-exomethylene-lovastatin to acid form",1
MAR12441,"Drug metabolism","release of 6-exomethylene-lovastatin-acid form into bile",1
MAR12442,"Drug metabolism","uptake of 6-exomethylene-lovastatin by hepatocytes",0
MAR12443,"Drug metabolism","oxidation of simvastatin to 6-exomethylene lactone form",1
MAR12444,"Drug metabolism","glucuronidation of 6-hydroxy-fluvastatin",0
MAR12445,"Drug metabolism","exit of 6-hydroxy-fluvastatin-glucuronide into hepatic vein for excretion in urine",0
MAR12446,"Drug metabolism","oxidation of fluvastatin to 6-hydroxy-fluvastatin in hepatocytes",1
MAR12447,"Drug metabolism","efflux of 6-hydroxy-fluvastatin into bile for excretion into faeces",0
MAR12448,"Drug metabolism","excretion of 7-alpha-OH-gliclazide into bile",0
MAR12449,"Drug metabolism","oxidation of gliclazide to 7-alpha-OH-gliclazide in hepatocytes",0
MAR12450,"Drug metabolism","excretion of 7-alpha-OH-gliclazide into hepatic vein",0
MAR12451,"Drug metabolism","excretion of 7-beta-OH-gliclazide into bile",0
MAR12452,"Drug metabolism","excretion of 7-beta-OH-gliclazide-glucuronide into bile",0
MAR12453,"Drug metabolism","glucuronidation of 7-beta-OH-gliclazide-glucuronide in hepatocytes",0
MAR12454,"Drug metabolism","excretion of 7-beta-OH-gliclazide-glucuronide into hepatic vein",0
MAR12455,"Drug metabolism","oxidation of gliclazide to 7-beta-OH-gliclazide in hepatocytes",1
MAR12456,"Drug metabolism","excretion of 7-beta-OH-gliclazide into hepatic vein",0
MAR12457,"Drug metabolism","oxidation of 3-alpha-iso-pravastatin to 7-hydroxy-3-alpha-iso-pravastatin in hepatocytes",1
MAR12458,"Drug metabolism","efflux of 7-hydroxy-3-alpha-iso-pravastatin into bile",1
MAR12459,"Drug metabolism","exit of 7-hydroxy-3-alpha-iso-pravastatin into hepatic vein",0
MAR12461,"Drug metabolism","efflux of acetaminophen by P-gp from the enterocytes into lumen",1
MAR12462,"Drug metabolism","glucuronidation of acetaminophen in hepatocytes",1
MAR12463,"Drug metabolism","uptake of acetaminophen-glutathione-conjugate into the enterocytes",0
MAR12464,"Drug metabolism","efflux of acetaminophen-glutathione-conjugate from enterocytes into portal blood",1
MAR12465,"Drug metabolism","uptake of acetaminophen-glutathione-conjugate by the hepatocytes",1
MAR12466,"Drug metabolism","efflux of acetaminophen-glucuronide-conjugate from enterocytes into portal blood",1
MAR12467,"Drug metabolism","uptake of acetaminophen-glucuronide-conjugate by the hepatocytes",1
MAR12468,"Drug metabolism","sulphation of acetaminophen in hepatocytes",1
MAR12469,"Drug metabolism","uptake of acetaminophen by enterocytes",0
MAR12470,"Drug metabolism","uptake of acetaminophen by the hepatocytes",1
MAR12471,"Drug metabolism","uptake of allopurinol by the enterocytes",1
MAR12472,"Drug metabolism","oxidation of allopurinol to oxypurinol in hepatocytes",1
MAR12473,"Drug metabolism","uptake of allopurinol by the hepatocytes",1
MAR12474,"Drug metabolism","alternative pathway for formation of AM19 from AM1 in hepatocytes",1
MAR12475,"Drug metabolism","oxidation of AM9 to AM19 (cyclosporine) in hepatocytes",0
MAR12476,"Drug metabolism","efflux of AM19-cyclosporine into bile",0
MAR12477,"Drug metabolism","demethylation of AM1A to AM1A4N in hepatocytes",0
MAR12478,"Drug metabolism","efflux of AM1A4N-cyclosporine into bile",0
MAR12479,"Drug metabolism","oxidation of AM1c to AM1Ac in hepatocytes (alternative mechanism)",0
MAR12480,"Drug metabolism","efflux of AM1Ac-cyclosporine into hepatic vein",0
MAR12481,"Drug metabolism","formation of AM1A-cyclosporine in hepatocytes",0
MAR12482,"Drug metabolism","efflux of AM1A-cyclosporine into bile",0
MAR12483,"Drug metabolism","efflux of AM1A (cyclosporine) into portal blood",0
MAR12484,"Drug metabolism","formation of AM1AL-cyclosporine in hepatocytes",0
MAR12485,"Drug metabolism","efflux of AM1AL-cyclosporine into bile",0
MAR12486,"Drug metabolism","efflux of AM1AL (cyclosporine) into portal blood",0
MAR12487,"Drug metabolism","demethylation of AM1c9 to AM1c4N9 in hepatocytes (alternative mechanism)",0
MAR12488,"Drug metabolism","efflux of AM1c4N9-cyclosporine into bile",0
MAR12489,"Drug metabolism","oxidation of AM1c to AM1c9 in hepatocytes (alternative mechanism)",0
MAR12490,"Drug metabolism","efflux of AM1c9-cyclosporine into bile",0
MAR12491,"Drug metabolism","efflux of AM1c9-cyclosporine into hepatic vein",0
MAR12492,"Drug metabolism","oxidation of cyclosporine to AM1c in hepatocytes",0
MAR12493,"Drug metabolism","efflux of AM1c-cyclosporine into bile",0
MAR12494,"Drug metabolism","efflux of AM1c-cyclosporine into hepatic vein",0
MAR12495,"Drug metabolism","glucuronidation of AM1c in hepatocytes",0
MAR12496,"Drug metabolism","efflux of AM1c-glucuronide into bile",0
MAR12497,"Drug metabolism","oxidation of cyclosporine to AM1 in hepatocytes",1
MAR12498,"Drug metabolism","efflux of AM1 (cyclosporine) into portal blood",0
MAR12499,"Drug metabolism","demethylation of AM9 to AM4N9 in hepatocytes",0
MAR12500,"Drug metabolism","oxidation of AM4N to AM4N9 in hepatocytes",0
MAR12501,"Drug metabolism","efflux of AM4N9-cyclosporine into hepatic vein",0
MAR12502,"Drug metabolism","efflux of AM4N9-cyclosporine into bile",0
MAR12503,"Drug metabolism","demethylation of cyclosporine to AM4N in hepatocytes",0
MAR12504,"Drug metabolism","efflux of AM4N-cyclosporine into bile",0
MAR12505,"Drug metabolism","efflux of AM4N (cyclosporine) into portal blood",0
MAR12506,"Drug metabolism","oxidation of cyclosporine to AM9 in hepatocytes",1
MAR12507,"Drug metabolism","efflux of AM9-cyclosporine into bile",0
MAR12508,"Drug metabolism","efflux of AM9 (cyclosporine) into portal blood",0
MAR12509,"Drug metabolism","uptake of atorvastatin by enterocytes by MCT1",1
MAR12510,"Drug metabolism","uptake of atorvastatin by enterocytes",1
MAR12511,"Drug metabolism","conversion of lactone to acid form of atorvastatin in hepatocytes",1
MAR12512,"Drug metabolism","spontaneous conversion of atorvastatin ether glucuronide (G1) to atorvastatin-acid",0
MAR12513,"Drug metabolism","passive diffusion of atorvastatin into enterocytes",0
MAR12514,"Drug metabolism","efflux of atorvastatin acid by P-gp from the enterocytes into lumen",1
MAR12515,"Drug metabolism","glucuronidation of atorvastatin to atorvastatin acyl glucuronide (G2) in hepatocytes",1
MAR12516,"Drug metabolism","glucuronidation of atorvastatin to atorvastatin ether glucuronide (G1) in hepatocytes",1
MAR12517,"Drug metabolism","glucuronidation of atorvastatin lactone to atorvastain lactone ether glucuronide (G3) in hepatocytes",1
MAR12518,"Drug metabolism","uptake of atorvastatin-lactone into hepatocytes",1
MAR12519,"Drug metabolism","spontaneous conversion of glucuronide (G2) to lactone form of atorvastatin",0
MAR12520,"Drug metabolism","lactonization of atorvastatin in hepatocytes",0
MAR12521,"Drug metabolism","spontaneous conversion of atorvastain lactone ether glucuronide (G3) to atorvastatin-lactone in hepatocytes",0
MAR12522,"Drug metabolism","passive diffusion of atorvastatin lactone into hepatocytes",0
MAR12523,"Drug metabolism","efflux of atorvastatin lactone by P-gp from the enterocytes into lumen",1
MAR12524,"Drug metabolism","efflux of AM19-cyclosporine into hepatic vein",0
MAR12525,"Drug metabolism","efflux of AM1-cyclosporine into bile",0
MAR12526,"Drug metabolism","release of S-carboxy ibuprofen glucuronide into hepatic vein",0
MAR12527,"Drug metabolism","release of R-carboxy ibuprofen into hepatic vein",0
MAR12528,"Drug metabolism","glucuronidation of S-carboxy ibuprofen",1
MAR12529,"Drug metabolism","release of S-carboxy ibuprofen into hepatic vein",0
MAR12530,"Drug metabolism","excretion of carboxy-gliclazide into bile",0
MAR12531,"Drug metabolism","oxidation of methyl-hydroxy-gliclazide to carboxy-gliclazide in hepatocytes",0
MAR12532,"Drug metabolism","excretion of carboxy-gliclazide into hepatic vein",0
MAR12533,"Drug metabolism","hydroxylation of cerivastatin-M1 to M24 in hepatocytes",1
MAR12534,"Drug metabolism","exit of cerivastatin-M1 into hepatic vein",0
MAR12535,"Drug metabolism","demethylation of cerivastatin-M23 to M24 in hepatocytes",1
MAR12536,"Drug metabolism","cerivastatin uptake by hepatocytes by active transport",0
MAR12537,"Drug metabolism","efflux of cerivastatin by P-gp or BCRP from the enterocytes into lumen",1
MAR12538,"Drug metabolism","de-lactonization of cerivastatin-M22 to cerivastatin-M1 in hepatocytes",0
MAR12539,"Drug metabolism","demethylation of cerivastatin to M1 in hepatocytes",1
MAR12540,"Drug metabolism","beta-glucuronidase of cerivastatin-M1-glucuronide to M1 form",1
MAR12541,"Drug metabolism","efflux of cerivastatin-M1 into bile",1
MAR12542,"Drug metabolism","spontaneous conversion of glucuronide to cerivastatin-M22 in hepatocytes",0
MAR12543,"Drug metabolism","hydroxylation of cerivastatin to M23 in hepatocytes",1
MAR12544,"Drug metabolism","beta-glucuronidase of cerivastatin-M23-glucuronide to M23 form",1
MAR12545,"Drug metabolism","efflux of cerivastatin-M23 into bile",1
MAR12546,"Drug metabolism","exit of cerivastatin-M23 into hepatic vein",0
MAR12547,"Drug metabolism","efflux of cerivastatin-M24 into bile",1
MAR12548,"Drug metabolism","exit of cerivastatin-M24 into hepatic vein",0
MAR12549,"Drug metabolism","spontaneous conversion of glucuronide to cerivastatin-M31 in hepatocytes",0
MAR12550,"Drug metabolism","cerivastatin uptake by enterocytes",0
MAR12551,"Drug metabolism","cerivastatin uptake by hepatocytes",1
MAR12552,"Drug metabolism","conjugation of cyclosporine with sulphate for excretion in hepatocytes",0
MAR12553,"Drug metabolism","efflux of cyclosporine-sulphate into bile",0
MAR12554,"Drug metabolism","efflux of cyclosporine-sulphate into hepatic vein",0
MAR12555,"Drug metabolism","uptake of cyclosporine by the enterocytes",0
MAR12556,"Drug metabolism","efflux of cyclosporine by P-gp from the enterocytes into lumen",1
MAR12557,"Drug metabolism","glucuronidation of cerivastatin-M1",1
MAR12558,"Drug metabolism","glucuronidation of cerivastatin-M23",1
MAR12559,"Drug metabolism","acetylation of cysteine-conjugate-acetaminophen in hepatocytes",0
MAR12560,"Drug metabolism","efflux of cysteine-conjugate-acetaminophen into hepatic vein",0
MAR12561,"Drug metabolism","de-lactonization of cerivastatin-M31 to cerivastatin-M23 in hepatocytes",0
MAR12562,"Drug metabolism","formation of deoxy-fluvastatin-dinor",1
MAR12563,"Drug metabolism","exit of deoxy-fluvastatin-dinor into hepatic vein for excretion in urine",0
MAR12564,"Drug metabolism","oxidation of fluvastatin to N-desisopropyl-fluvastatin in hepatocytes",1
MAR12565,"Drug metabolism","efflux of N-desisopropyl-fluvastatin into bile for excretion into faeces",0
MAR12566,"Drug metabolism","excretion of dehydro-gliclazide into bile",0
MAR12567,"Drug metabolism","dehydrogenation of gliclazide to dehydro-gliclazide in hepatocytes",0
MAR12568,"Drug metabolism","excretion of dehydro-gliclazide into hepatic vein",0
MAR12569,"Drug metabolism","oxidation of pravastatin to desacyl pravastatin in hepatocytes",1
MAR12570,"Drug metabolism","efflux of desacyl dehydro-pravastatin into bile",1
MAR12571,"Drug metabolism","exit of desacyl dehydro-pravastatin into hepatic vein",0
MAR12572,"Drug metabolism","formation of epoxy derivative of tacrolimus in hepatocytes",0
MAR12573,"Drug metabolism","efflux of 31-O-Desmethyl,19-Hydroxy,37, 39-Epoxy-tacrolimus into bile",0
MAR12574,"Drug metabolism","exit of 31-O-Desmethyl,19-Hydroxy,37, 39-Epoxy-tacrolimus into hepatic vein",0
MAR12575,"Exchange/demand reactions","exchange reaction for 12-hydroxy tacrolimus in intestinal lumen",0
MAR12576,"Exchange/demand reactions","exchange reaction for 13,31-O-Didesmethyl-tacrolimus in hepatic vein",0
MAR12577,"Exchange/demand reactions","exchange reaction for 13-O-desmethyl tacrolimus in intestinal lumen",0
MAR12578,"Exchange/demand reactions","exchange reaction for 1,4-Dihydroxy-midazolam in hepatic vein",0
MAR12579,"Exchange/demand reactions","exchange reaction for 13,15-O-didesmethyl tacrolimus in intestinal lumen",0
MAR12580,"Exchange/demand reactions","exchange reaction for 15, 31-O-Didesmethyl-tacrolimus in hepatic vein",0
MAR12581,"Exchange/demand reactions","exchange reaction for 15-O-desmethyl tacrolimus in intestinal lumen",0
MAR12582,"Exchange/demand reactions","exchange reaction for 1-hydroxy-ibuprofen in hepatic vein",0
MAR12583,"Exchange/demand reactions","exchange reaction for 1-hydroxy S-ibuprofen-glucuronide in hepatic vein",0
MAR12584,"Exchange/demand reactions","exchange reaction for 1-OH-midazolam-glucuronide in portal blood",0
MAR12585,"Exchange/demand reactions","exchange reaction for 1-OH-midazolam in portal blood",0
MAR12586,"Exchange/demand reactions","exchange reaction for 2-hydroxy-atorvastatin-acid in portal blood",0
MAR12587,"Exchange/demand reactions","exchange reaction for 2-hydroxy-atorvastatin-acyl-glucuronide in bile",0
MAR12588,"Exchange/demand reactions","exchange reaction for 2-hydroxy-atorvastatin-lactone in portal blood",0
MAR12589,"Exchange/demand reactions","exchange reaction for 2-hydroxy-atorvastatin-lactone-glucuronide in bile",0
MAR12590,"Exchange/demand reactions","exchange reaction for R-2-hydroxy-ibuprofen in hepatic vein",0
MAR12591,"Exchange/demand reactions","exchange reaction for S-2-hydroxy-ibuprofen in hepatic vein",0
MAR12592,"Exchange/demand reactions","exchange reaction for 2-hydroxy S-ibuprofen-glucuronide in hepatic vein",0
MAR12593,"Exchange/demand reactions","exchange reaction for 31-O-desmethyl tacrolimus in intestinal lumen",0
MAR12594,"Exchange/demand reactions","exchange reaction for 3-alpha-5-beta-dihydroxy pravastatin in portal blood",0
MAR12595,"Exchange/demand reactions","exchange reaction for 3,5-dihydrodiol-simvastatin-lactone form in bile",0
MAR12596,"Exchange/demand reactions","exchange reaction for R-3-hydroxy-ibuprofen in hepatic vein",0
MAR12597,"Exchange/demand reactions","exchange reaction for S-3-hydroxy-ibuprofen in hepatic vein",0
MAR12598,"Exchange/demand reactions","exchange reaction for 3-hydroxy S-ibuprofen-glucuronide in hepatic vein",0
MAR12599,"Exchange/demand reactions","exchange reaction for 3-hydroxy-lovastatin acid form in bile",0
MAR12600,"Exchange/demand reactions","exchange reaction for 3-hydroxy pravastatin in portal blood",0
MAR12601,"Exchange/demand reactions","exchange reaction of 3-S-hydroxy-pravastatin-tetranor in hepatic vein",0
MAR12602,"Exchange/demand reactions","exchange reaction for 3-hydroxy-simvastatin-acid form form in bile",0
MAR12603,"Exchange/demand reactions","exchange reaction for 3-alpha-iso-pravastatin in portal blood",0
MAR12604,"Exchange/demand reactions","exchange reaction for 3-OH-acetaminophen in hepatic vein",0
MAR12605,"Exchange/demand reactions","exchange reaction for 4-beta-OH-gliclazide in hepatic vein",0
MAR12606,"Exchange/demand reactions","exchange reaction for 4-hydroxy-atorvastatin-acid in portal blood",0
MAR12607,"Exchange/demand reactions","exchange reaction for 4-hydroxy-atorvastatin-lactone in portal blood",0
MAR12608,"Exchange/demand reactions","exchange reaction for 4-OH-midazolam-glucuronide in hepatic vein",0
MAR12609,"Exchange/demand reactions","exchange reaction for 4-OH-midazolam in hepatic vein",0
MAR12610,"Exchange/demand reactions","exchange reaction of 3-keto-5,6,-dihydroxy-pravastatin in hepatic vein",0
MAR12611,"Exchange/demand reactions","exchange reaction of 5,6-epoxy-3-alpha-iso-pravastatin in hepatic vein",0
MAR12612,"Exchange/demand reactions","exchnage reaction for 5-hydroxy-fluvastatin in bile",0
MAR12613,"Exchange/demand reactions","exchnage reaction for 5-hydroxy-fluvastatin-glucuronide in hepatic vein",0
MAR12614,"Exchange/demand reactions","exchange reaction for 6-alpha-OH-gliclazide in hepatic vein",0
MAR12615,"Exchange/demand reactions","exchange reaction for 6-beta-OH-gliclazide in hepatic vein",0
MAR12616,"Exchange/demand reactions","exchange reaction for 6-beta-OH-gliclazide-glucuronide in hepatic vein",0
MAR12617,"Exchange/demand reactions","exchange reaction for 6-beta-carboxy-simvastatin-acid form in bile",0
MAR12618,"Exchange/demand reactions","exchange reaction for 6-epi-pravastatin in portal blood",0
MAR12619,"Exchange/demand reactions","exchange reaction for 6-beta-hydroxy-lovastatin in portal blood",0
MAR12620,"Exchange/demand reactions","exchange reaction for6-beta-hydroxy-methyl-simvastatin-acid form in bile",0
MAR12621,"Exchange/demand reactions","exchange reaction for 6-beta-hydroxy simvastatin acid in bile",0
MAR12622,"Exchange/demand reactions","exchange reaction for 6-exomethylene-lovastatin-acid form in bile",0
MAR12623,"Exchange/demand reactions","exchange reaction for 6-exomethylene-lovastatin in portal blood",0
MAR12624,"Exchange/demand reactions","exchnage reaction for 6-hydroxy-fluvastatin in bile",0
MAR12625,"Exchange/demand reactions","exchange reaction for 6-hydroxy-fluvastatin-glucuronide in hepatic vein",0
MAR12626,"Exchange/demand reactions","exchange reaction for 7-alpha-OH-gliclazide in hepatic vein",0
MAR12627,"Exchange/demand reactions","exchange reaction for 7-beta-OH-gliclazide in hepatic vein",0
MAR12628,"Exchange/demand reactions","exchange reaction for 7-beta-OH-gliclazide-glucuronide in hepatic vein",0
MAR12629,"Exchange/demand reactions","exchange reaction of 7-hydroxy-3-alpha-iso-pravastatin in hepatic vein",0
MAR12630,"Exchange/demand reactions","exchange reaction for acetaminophen in small intestinal lumen",0
MAR12631,"Exchange/demand reactions","exchange reaction for acetaminophen-glucuronide-conjugate in portal blood",0
MAR12632,"Exchange/demand reactions","exchange reaction for acetaminophen-glutathione-conjugate in intestinal lumen",0
MAR12633,"Exchange/demand reactions","exchange reaction for allopurinol in intestinal lumen",0
MAR12634,"Exchange/demand reactions","exchange reaction for AM19-cyclosporine in hepatic vein",0
MAR12635,"Exchange/demand reactions","exchange reaction for AM1A4N-cyclosporine in bile",0
MAR12636,"Exchange/demand reactions","exchange reaction for AM1Ac-cyclosporine in hepatic vein",0
MAR12637,"Exchange/demand reactions","exchange reaction for AM1A (cyclosporine) in portal blood",0
MAR12638,"Exchange/demand reactions","exchange reaction for AM1AL (cyclosporine) in portal blood",0
MAR12639,"Exchange/demand reactions","exchange reaction for AM1c4N9-cyclosporine in bile",0
MAR12640,"Exchange/demand reactions","exchange reaction for AM1c9-cyclosporine in hepatic vein",0
MAR12641,"Exchange/demand reactions","exchange reaction for AM1c-cyclosporine in hepatic vein",0
MAR12642,"Exchange/demand reactions","exchange reaction for AM1c-glucuronide in bile",0
MAR12643,"Exchange/demand reactions","exchange reaction for AM1 (cyclosporine) in portal blood",0
MAR12644,"Exchange/demand reactions","exchange reaction for AM4N9-cyclosporine in hepatic vein",0
MAR12645,"Exchange/demand reactions","exchange reaction for AM4N (cyclosporine) in portal blood",0
MAR12646,"Exchange/demand reactions","exchange reaction for AM9 (cyclosporine) in portal blood",0
MAR12647,"Exchange/demand reactions","exchange reaction for atorvastatin in intestinal lumen",0
MAR12648,"Exchange/demand reactions","exchange reaction for atorvastatin-lactone in portal blood",0
MAR12649,"Exchange/demand reactions","exchange reaction for R-carboxy ibuprofen in hepatic vein",0
MAR12650,"Exchange/demand reactions","exchange reaction for S-carboxy ibuprofen in hepatic vein",0
MAR12651,"Exchange/demand reactions","exchange reaction for S-carboxy ibuprofen glucuronide in hepatic vein",0
MAR12652,"Exchange/demand reactions","exchange reaction for carboxy-gliclazide in hepatic vein",0
MAR12653,"Exchange/demand reactions","exchange reaction for cerivastatin in intestinal lumen",0
MAR12654,"Exchange/demand reactions","exchange reaction for cerivastatin-M1 in hepatic vein",0
MAR12655,"Exchange/demand reactions","exchange reaction for cerivastatin-M23 in hepatic vein",0
MAR12656,"Exchange/demand reactions","exchange reaction for cerivastatin-M24 in hepatic vein",0
MAR12657,"Exchange/demand reactions","exchange reaction for cyclosporine in intestinal lumen",0
MAR12658,"Exchange/demand reactions","exchange reaction for cyclosporine-sulphate in hepatic vein",0
MAR12659,"Exchange/demand reactions","exchange reaction for cysteine-conjugate-acetaminophen in hepatic vein",0
MAR12660,"Exchange/demand reactions","exchange reaction for deoxy-fluvastatin-dinor in hepatic vein",0
MAR12661,"Exchange/demand reactions","exchange reaction for N-desisopropyl-fluvastatin in bile",0
MAR12662,"Exchange/demand reactions","exchange reaction for dehydro-gliclazide in hepatic vein",0
MAR12663,"Exchange/demand reactions","exchange reaction of desacyl dehydro-pravastatin in hepatic vein",0
MAR12664,"Exchange/demand reactions","exchange reaction for 31-O-Desmethyl,19-Hydroxy,37, 39-Epoxy-tacrolimus in hepatic vein",0
MAR12665,"Exchange/demand reactions","exchange reaction for fluvastatin in intestinal lumen",0
MAR12666,"Exchange/demand reactions","exchange reaction for des-isopropyl-dihydro-fluvastatin-tetranor in hepatic vein",0
MAR12667,"Exchange/demand reactions","exchange reaction for des-isopropyl-dihydro-fluvastatin-tetranor-glucuronide in hepatic vein",0
MAR12668,"Exchange/demand reactions","exchange reaction for glucuronide-conjugate of 3-methoxy-acetaminophen in hepatic vein",0
MAR12669,"Exchange/demand reactions","exchange reaction for gliclazide in intestinal lumen",0
MAR12670,"Exchange/demand reactions","exchange reaction for glucuronide-thiomethyl-acetaminophen conjugate in hepatic vein",0
MAR12671,"Exchange/demand reactions","exchange reaction for ibuprofen_R in intestinal lumen",0
MAR12672,"Exchange/demand reactions","exchange reaction for ibuprofen_S in intestinal lumen",0
MAR12673,"Exchange/demand reactions","exchange reaction for ibuprofen acyl glucuronide in portal blood",0
MAR12674,"Exchange/demand reactions","exchange reaction for 3-hydroxy-iso-delta-4,5-hydroxy acid form of lovastatin in bile",0
MAR12675,"Exchange/demand reactions","exchange reaction for Losartan-E3174 in portal blood",0
MAR12676,"Exchange/demand reactions","exchange reaction for losartan in intestinal lumen",0
MAR12677,"Exchange/demand reactions","exchange reaction for Losartan-N1-glucuronide in hepatic vein",0
MAR12678,"Exchange/demand reactions","exchange reaction for Losartan-M1 in hepatic vein",0
MAR12679,"Exchange/demand reactions","exchange reaction for Losartan-M2 in hepatic vein",0
MAR12680,"Exchange/demand reactions","exchange reaction for Losartan-M4 (glucuronide derivative) in hepatic vein",0
MAR12681,"Exchange/demand reactions","exchange reaction for Losartan-M5 in hepatic vein",0
MAR12682,"Exchange/demand reactions","exchange reaction for Losartan-N2-glucuronide / Losartan-M7 in portal blood",0
MAR12683,"Exchange/demand reactions","exchange reaction for lovastatin in intestinal lumen",0
MAR12684,"Exchange/demand reactions","exchange reaction for midazolam in intestinal lumen",0
MAR12685,"Exchange/demand reactions","exchange reaction for midazolam-glucuronide in hepatic vein",0
MAR12686,"Exchange/demand reactions","exchange reaction for acetaminophen-mercapturate-conjugate in portal blood",0
MAR12687,"Exchange/demand reactions","exchange reaction for Methyl-hydroxy-gliclazide in hepatic vein",0
MAR12688,"Exchange/demand reactions","exchange reaction for N-desmethyl-rosuvastatin in bile",0
MAR12689,"Exchange/demand reactions","exchange reaction of acid metabolite of nifedipine in portal vein",0
MAR12690,"Exchange/demand reactions","exchange reaction of lactone form of nifedipine in portal vein",0
MAR12691,"Exchange/demand reactions","exchange reaction of nitropyridine metabolite of nifedipine in portal vein",0
MAR12692,"Exchange/demand reactions","exchange reaction of hydroxy metabolite of nifedipine in portal vein",0
MAR12693,"Exchange/demand reactions","exchange reaction for oxypurinol in portal blood",0
MAR12694,"Exchange/demand reactions","exchange reaction for oxypurinol-1-riboside in hepatic vein",0
MAR12695,"Exchange/demand reactions","exchange reaction for oxypurinol-7-riboside in hepatic vein",0
MAR12696,"Exchange/demand reactions","exchnage reaction for des-isoproylpropionic-acid-fluvastatin in hepatic vein",0
MAR12697,"Exchange/demand reactions","exchange reaction for pitavastatin in intestinal lumen",0
MAR12698,"Exchange/demand reactions","exchange reaction for pravastatin-lactone in hepatic vein",0
MAR12699,"Exchange/demand reactions","exchange reaction for pitavastatin-M3 in bile",0
MAR12700,"Exchange/demand reactions","exchange reaction for pravastatin in intestinal lumen",0
MAR12701,"Exchange/demand reactions","exchange reaction of pravastatin glucuronide in hepatic vein",0
MAR12702,"Exchange/demand reactions","exchange reaction for rosuvastatin in intestinal lumen",0
MAR12703,"Exchange/demand reactions","exchange reaction for rosuvastatin-5S-lactone in bile",0
MAR12704,"Exchange/demand reactions","exchange reaction for sulphate-conjugate-3-methoxy-acetaminophen in hepatic vein",0
MAR12705,"Exchange/demand reactions","exchange reaction for simvastatin in intestinal lumen",0
MAR12706,"Exchange/demand reactions","exchange reaction for simvastatin dihydroxy acid form in hepatic vein",0
MAR12707,"Exchange/demand reactions","exchange reaction for sulphate-thiomethyl-acetaminophen conjugate in hepatic vein",0
MAR12708,"Exchange/demand reactions","exchange reaction for acetaminophen-sulphate in hepatic vein",0
MAR12709,"Exchange/demand reactions","exchange reaction for tacrolimus in intestinal lumen",0
MAR12710,"Exchange/demand reactions","exchange reaction for taurine conjugate of S-ibuprofen in hepatic vein",0
MAR12711,"Exchange/demand reactions","exchange reaction for threo-isomer of fluvastain in hepatic vein",0
MAR12712,"Exchange/demand reactions","exchange reaction for trans-lactone-fluvastatin in hepatic vein",0
MAR12713,"Exchange/demand reactions","exchange reaction for torasemide in intestinal lumen",0
MAR12714,"Exchange/demand reactions","exchange reaction for Torasemide-M1 in hepatic vein",0
MAR12715,"Exchange/demand reactions","exchange reaction for Torasemide-M3 in hepatic vein",0
MAR12716,"Exchange/demand reactions","exchange reaction for Torasemide-M5 in hepatic vein",0
MAR12717,"Exchange/demand reactions","exchange reaction of triol metabolite of pravastatin in hepatic vein",0
MAR12718,"Exchange/demand reactions","exchange reaction for thiomethyl-sulphoxide-acetaminophen-glucuronide in hepatic vein",0
MAR12719,"Exchange/demand reactions","exchange reaction for thiomethyl-sulphoxide-acetaminophen-sulphate in hepatic vein",0
MAR12720,"Drug metabolism","glucuronidation of fluvastatin",0
MAR12721,"Drug metabolism","glucuronidation of des-isopropyl-dihydro-fluvastatin-tetranor",0
MAR12722,"Drug metabolism","exit of des-isopropyl-dihydro-fluvastatin-tetranor-glucuronide into hepatic vein for excretion in urine",0
MAR12723,"Drug metabolism","exit of des-isopropyl-dihydro-fluvastatin-tetranor into hepatic vein for excretion in urine",0
MAR12724,"Drug metabolism","hydrolysis of lactone to fluvastatin in hepatocytes",0
MAR12725,"Drug metabolism","efflux of fluvastatin into bile for excretion into faeces",0
MAR12726,"Drug metabolism","efflux of fluvastatin from enterocytes into portal blood",0
MAR12727,"Drug metabolism","uptake of fluvastatin by enterocytes",1
MAR12728,"Drug metabolism","glucuronidation of 3-methoxy-acetaminophen in hepatocytes",1
MAR12729,"Drug metabolism","efflux of glucuronide-conjugate of 3-methoxy-acetaminophen into hepatic vein",0
MAR12730,"Drug metabolism","excretion of gliclazide into bile",0
MAR12731,"Drug metabolism","uptake of gliclazide into enterocytes",0
MAR12732,"Drug metabolism","glucuronidation of thiomethyl-acetaminophen conjugate in hepatocytes",0
MAR12733,"Drug metabolism","efflux of glucuronide-thiomethyl-acetaminophen conjugate into hepatic vein",0
MAR12734,"Drug metabolism","uptake of ibuprofen acyl glucuronide into hepatocytes",0
MAR12735,"Drug metabolism","release of iboprofen acyl glucuronides into the portal blood",0
MAR12736,"Drug metabolism","glucuronidation of ibuprofen in hepatocytes",1
MAR12737,"Drug metabolism","thioesterification of ibuprofen_R in hepatocytes",1
MAR12738,"Drug metabolism","oxidation of R-ibuprofen to 2-hydroxy-ibuprofen in heaptocytes",1
MAR12739,"Drug metabolism","oxidation of R-ibuprofen to 3-hydroxy-ibuprofen in heaptocytes",1
MAR12740,"Drug metabolism","oxidation of R-3-hydroxy ibuprofen to R-carboxy ibuprofen",1
MAR12741,"Drug metabolism","chiral conversion of R to S form of iburpofen in hepatocytes",1
MAR12742,"Drug metabolism","uptake of ibuprofen-R into hepatocytes",0
MAR12743,"Drug metabolism","passive diffusion of ibuprofen_R",0
MAR12744,"Drug metabolism","hydrolysis of ibuprofen-CoA in hepatocytes",1
MAR12745,"Drug metabolism","taurine conjugation of S-ibuprofen",0
MAR12746,"Drug metabolism","oxidation of S-ibuprofen to 1-hydroxy ibuprofen",1
MAR12747,"Drug metabolism","oxidation of S-ibuprofen to 2-hydroxy-ibuprofen in heaptocytes",1
MAR12748,"Drug metabolism","oxidation of S-ibuprofen to 3-hydroxy-ibuprofen in heaptocytes",1
MAR12749,"Drug metabolism","oxidation of S-3-hydroxy ibuprofen to S-carboxy ibuprofen",1
MAR12750,"Drug metabolism","biliary excretion of ibuprofen from hepatocytes",0
MAR12751,"Drug metabolism","uptake of ibuprofen-S into hepatocytes",0
MAR12752,"Drug metabolism","passive diffusion of ibuprofen_S",0
MAR12753,"Drug metabolism","acid catalyzed rearrangement of 6-beta-hydroxy-lovastatin-acid form",0
MAR12754,"Drug metabolism","release of 3-hydroxy-iso-delta-4,5-hydroxy acid form of lovastatin into bile",1
MAR12755,"Drug metabolism","uptake of Losartan-E3174 into hepatocytes via diffusion",0
MAR12756,"Drug metabolism","oxidation of losartan to active metabolite EXP3174 (M6) in hepatocytes",1
MAR12757,"Drug metabolism","uptake of Losartan-E3174 into hepatocytes",0
MAR12758,"Drug metabolism","formation of losartan-N1-glucuronide in hepatocytes",1
MAR12759,"Drug metabolism","efflux of Losartan-N1-glucuronide into hepatic vein",0
MAR12760,"Drug metabolism","efflux of losartan by P-gp from the enterocytes into lumen",1
MAR12761,"Drug metabolism","oxidation of losartan to Losartan-M1 in hepatocytes",1
MAR12762,"Drug metabolism","efflux of Losartan-M1 into hepatic vein",0
MAR12763,"Drug metabolism","oxidation of losartan to Losartan-M2 in hepatocytes",1
MAR12764,"Drug metabolism","efflux of Losartan-M2 into hepatic vein",0
MAR12765,"Drug metabolism","glucuronidation of losartan-M6 to losartan-M4 in hepatocytes",0
MAR12766,"Drug metabolism","efflux of Losartan-M4 (glucuronide derivative) into hepatic vein",0
MAR12767,"Drug metabolism","oxidation of losartan to Losartan-M5 in hepatocytes",1
MAR12768,"Drug metabolism","efflux of Losartan-M5 into hepatic vein",0
MAR12769,"Drug metabolism","uptake of Losartan-N2-glucuronide / Losartan-M7 into hepatocytes via diffusion",0
MAR12770,"Drug metabolism","glucuronidation of losartan to losartan-M7/Losartan-N2-glucuronide in hepatocytes",1
MAR12771,"Drug metabolism","uptake of Losartan-N2-glucuronide / Losartan-M7 into hepatocytes",0
MAR12772,"Drug metabolism","uptake of losartan via antiport into enterocytes",0
MAR12773,"Drug metabolism","uptake of losartan via diffusion into enterocytes",0
MAR12774,"Drug metabolism","reconversion of open acid form to lactone form of lovastatin",0
MAR12775,"Drug metabolism","conversion of pro-durg lovastatin to active hydroxyacid form in hepatocytes",1
MAR12776,"Drug metabolism","efflux of lovastatin acid by P-gp from the enterocytes into lumen",1
MAR12777,"Drug metabolism","hydroxylation of lovastatin-hydroxyacid form to 6-beta-hydroxy-lovastatin-acid form",1
MAR12778,"Drug metabolism","hydroxylation of lovastatin-hydroxyacid form to 6-beta-hydroxy-lovastatin-acid form",1
MAR12779,"Drug metabolism","oxidation of lovastatin to 3-hydroxy-lovastatin in hepatocytes",1
MAR12780,"Drug metabolism","oxidation of lovastatin to 6-beta-hydroxy-lovastatin in hepatocytes",1
MAR12781,"Drug metabolism","oxidation of lovastatin to 6-exomethylene-lovastatin in hepatocytes",1
MAR12782,"Drug metabolism","efflux of lovastatin lactone by P-gp from the enterocytes into lumen",1
MAR12783,"Drug metabolism","uptake of lovastatin by enterocytes",0
MAR12784,"Drug metabolism","efflux of midazolam-glucuronide into hepatic vein",0
MAR12785,"Drug metabolism","uptake of midazolam by enterocytes",0
MAR12786,"Drug metabolism","efflux of midazolam by P-gp from the enterocytes into lumen",1
MAR12787,"Drug metabolism","efflux of acetaminophen-mercapturate-conjugate from enterocytes into portal blood",1
MAR12788,"Drug metabolism","uptake of acetaminophen-mercapturate-conjugate by the hepatocytes",1
MAR12789,"Drug metabolism","excretion of Methyl-hydroxy-gliclazide into bile",0
MAR12790,"Drug metabolism","oxidation of gliclazide to methyl-hydroxy-gliclazide in hepatocytes",1
MAR12791,"Drug metabolism","excretion of Methyl-hydroxy-gliclazide into hepatic vein",0
MAR12792,"Drug metabolism","demethylation of rosuvastatin in hepatocytes",1
MAR12793,"Drug metabolism","efflux of N-desmethyl-rosuvastatin into bile",1
MAR12794,"Drug metabolism","oxidation of acid metabolite of nifedipine in hepatocytes",1
MAR12795,"Drug metabolism","exit of acid metabolite of nifedipine into portal vein",0
MAR12796,"Drug metabolism","demethylation of nitropyridine metabolite of nifedipine in hepatocytes",0
MAR12797,"Drug metabolism","lactonization of hydroxy metabolite of nifedipine in hepatocytes",0
MAR12798,"Drug metabolism","exit of lactone form of nifedipine into portal vein",0
MAR12799,"Drug metabolism","exit of nitropyridine metabolite of nifedipine into portal vein",0
MAR12800,"Drug metabolism","exit of hydroxy metabolite of nifedipine into portal vein",0
MAR12801,"Drug metabolism","oxidation of nifepine to nitropyridine metabolite in hepatocytes",0
MAR12802,"Drug metabolism","conjugation of oxypurinol to oxypurinol-1-riboside",0
MAR12803,"Drug metabolism","conjugation of oxypurinol to oxypurinol-7-riboside",0
MAR12804,"Drug metabolism","release of oxypurinol-1-riboside into hepatic vein",0
MAR12805,"Drug metabolism","release of oxypurinol-7-riboside into hepatic vein",0
MAR12806,"Drug metabolism","uptake of oxypurinol by hepatocytes",1
MAR12807,"Drug metabolism","release of oxypurinol into portal blood",0
MAR12808,"Drug metabolism","beta oxidation (4 cycles) & CYP oxidation of fluvastatin-CoA to des-isoproylpropionic-acid-fluvastatin-CoA in hepatocytes",1
MAR12809,"Drug metabolism","thioesterase/ hydrolase for release of des-isoproylpropionic-acid-fluvastatin in hepatocytes",0
MAR12810,"Drug metabolism","exit of des-isoproylpropionic-acid-fluvastatin into hepatic vein",0
MAR12811,"Drug metabolism","efflux of pitavastatin by BCRP from the enterocytes into lumen",1
MAR12812,"Drug metabolism","glucuronidation of pitavastatin in hepatocytes",1
MAR12813,"Drug metabolism","spontaneous conversion of glucuronide to lactone form of pitavastatin in hepatocytes",0
MAR12814,"Drug metabolism","exit of pravastatin-lactone into hepatic vein",0
MAR12815,"Drug metabolism","oxidation of pitavastatin to pitavastatin-M13 in hepatocytes",1
MAR12816,"Drug metabolism","efflux of pitavastatin-M3 into bile",1
MAR12817,"Drug metabolism","oxidation of pitavastatin to pitavastatin-M3 in hepatocytes",1
MAR12818,"Drug metabolism","hydrolysis of latone to free acid form of pitavastatin in hepatocytes",1
MAR12819,"Drug metabolism","efflux of pitavastatin from enterocytes into portal blood",0
MAR12820,"Drug metabolism","uptake of pitavastatin by enterocytes",1
MAR12821,"Drug metabolism","pravastatin efflux into lumen for excretion into feces",1
MAR12822,"Drug metabolism","glucuronidation of pravastatin in hepatocytes",0
MAR12823,"Drug metabolism","efflux of pravastatin glucuronide into bile",1
MAR12824,"Drug metabolism","exit of pravastatin glucuronide into hepatic vein",0
MAR12825,"Drug metabolism","uptake of pravastatin by enterocytes via proton coupled mechanism",0
MAR12826,"Drug metabolism","uptake of pravastatin by enterocytes",1
MAR12827,"Drug metabolism","pravastatin exit into portal blood",0
MAR12828,"Drug metabolism","efflux of rosuvastatin by BCRP from the enterocytes into lumen",1
MAR12829,"Drug metabolism","glucuronidation of rosuvastatin in hepatocytes",0
MAR12830,"Drug metabolism","spontaneous conversion to rosuvastatin-5S-lactone in hepatocytes",0
MAR12831,"Drug metabolism","efflux of rosuvastatin-5S-lactone into bile",1
MAR12832,"Drug metabolism","conversion of lactone to open acid form of rosuvastatin",1
MAR12833,"Drug metabolism","beta-glucuronidase of rosuvastatin-glucuronide in hepatocytes",0
MAR12834,"Drug metabolism","exit of rosuvastatin into hepatic vein",0
MAR12835,"Drug metabolism","uptake of rosuvastatin by enterocytes",1
MAR12836,"Drug metabolism","sulphation of 3-methoxy-acetaminophen in hepatocytes",0
MAR12837,"Drug metabolism","efflux of sulphate-conjugate-3-methoxy-acetaminophen into hepatic vein",0
MAR12838,"Drug metabolism","efflux of simvastatin dihydroxy acid form into bile",1
MAR12839,"Drug metabolism","beta-glucuronidation of simvastatin-acyl-glucuronide to simvastatin dihydroxy acid form",1
MAR12840,"Drug metabolism","efflux of simvastatin dihydroxy acid form into hepatic vein",0
MAR12841,"Drug metabolism","efflux of simvastatin by P-gp from the enterocytes into lumen",1
MAR12842,"Drug metabolism","spontaneous conversion of glucuronide to lactone form of simvastatin",0
MAR12843,"Drug metabolism","glucuronidation of the open acid form of simvastatin",1
MAR12844,"Drug metabolism","conversion of simvastatin pro-drug to active form",1
MAR12845,"Drug metabolism","conversion of open acid form to lactone form of simvastatin",0
MAR12846,"Drug metabolism","uptake of simvastatin by enterocytes",0
MAR12847,"Drug metabolism","uptake of simvastatin by hepatocytes",1
MAR12848,"Drug metabolism","sulphation of thiomethyl-acetaminophen conjugate in hepatocytes",0
MAR12849,"Drug metabolism","efflux of sulphate-thiomethyl-acetaminophen conjugate into hepatic vein",0
MAR12850,"Drug metabolism","efflux of acetaminophen-sulphate into hepatic vein",1
MAR12851,"Drug metabolism","uptake of tacrolimus by enterocytes",0
MAR12852,"Drug metabolism","efflux of tacrolimus into intestinal lumen by P-gp",1
MAR12853,"Drug metabolism","release of taurine conjugate of S-ibuprofen into hepatic vein",0
MAR12854,"Drug metabolism","threo isomer formation of fluvastatin",0
MAR12855,"Drug metabolism","exit of threo-isomer of fluvastain into hepatic vein for excretion in urine",0
MAR12856,"Drug metabolism","formation of thiomethyl-sulphoxide-conjugate of acetaminophen in hepatocytes",0
MAR12857,"Drug metabolism","spontaneous conversion of glucuronide to trans-lactone-fluvastatin in hepatocytes",0
MAR12858,"Drug metabolism","exit of trans-lactone-fluvastatin into hepatic vein for excretion in urine",0
MAR12859,"Drug metabolism","efflux of Torasemide-M1 into hepatic vein",0
MAR12860,"Drug metabolism","tolyl methylhydroxylation of torasemide in hepatocytes",1
MAR12861,"Drug metabolism","efflux of Torasemide-M3 into hepatic vein",0
MAR12862,"Drug metabolism","hydroxylation of torasemide to torasemide-M3 in hepatocytes",0
MAR12863,"Drug metabolism","efflux of Torasemide-M5 into hepatic vein",0
MAR12864,"Drug metabolism","oxidation of torasemide-M1 to M5 in hepatocytes",1
MAR12865,"Drug metabolism","uptake of torasemide into enterocytes via antiport",0
MAR12866,"Drug metabolism","efflux of Torasemide into hepatic vein",0
MAR12867,"Drug metabolism","uptake of torasemide into hepatocytes via OAT1",1
MAR12868,"Drug metabolism","uptake of torasemide into enterocytes via diffusion",0
MAR12869,"Drug metabolism","formation of triol metabolite of pravastatin in hepatocytes",1
MAR12870,"Drug metabolism","efflux of triol metabolite of pravastatin into bile",1
MAR12871,"Drug metabolism","exit of triol metabolite of pravastatin into hepatic vein",0
MAR12872,"Drug metabolism","efflux of thiomethyl-sulphoxide-acetaminophen-glucuronide into hepatic vein",0
MAR12873,"Drug metabolism","glucuronidation of thiomethyl-sulphoxide-conjugate of acetaminophen in hepatocytes",0
MAR12874,"Drug metabolism","sulphation of thiomethyl-sulphoxide-conjugate of acetaminophen in hepatocytes",0
MAR12875,"Drug metabolism","efflux of thiomethyl-sulphoxide-acetaminophen-sulphate into hepatic vein",0
MAR12876,"Drug metabolism","12HTACRitr",0
MAR12877,"Drug metabolism","13HTACRitr",0
MAR12878,"Drug metabolism","14HMDZitr",0
MAR12879,"Drug metabolism","1513TACRitr",0
MAR12880,"Drug metabolism","1531TACRitr",0
MAR12881,"Drug metabolism","1HIBUP_Sitr",0
MAR12882,"Drug metabolism","1HIBUPGLUitr",0
MAR12883,"Drug metabolism","1HMDGLUCitr",0
MAR12884,"Drug metabolism","2HATVACIDGLUCitr",0
MAR12885,"Drug metabolism","2HATVLACGLUCitr",0
MAR12886,"Drug metabolism","2HIBUP_Ritr",0
MAR12887,"Drug metabolism","2HIBUP_Sitr",0
MAR12888,"Drug metabolism","2HIBUPGLUC_Sitr",0
MAR12889,"Drug metabolism","35DHPVSitr",0
MAR12890,"Drug metabolism","35DSMVitr",0
MAR12891,"Drug metabolism","3HIBUP_Ritr",0
MAR12892,"Drug metabolism","3HIBUPGLUC_Sitr",0
MAR12893,"Drug metabolism","3HLVSTitr",0
MAR12894,"Drug metabolism","3HPVSitr",0
MAR12895,"Drug metabolism","3HPVSCOAitm",0
MAR12896,"Drug metabolism","3HPVSCOAitx",0
MAR12897,"Drug metabolism","3HPVSTETCOAitm",0
MAR12898,"Drug metabolism","3HPVSTETCOAitx",0
MAR12899,"Drug metabolism","3HSMVitr",0
MAR12900,"Drug metabolism","3ISPVSitr",0
MAR12901,"Drug metabolism","3MEACMPitr",0
MAR12902,"Drug metabolism","3OHACMPitr",0
MAR12903,"Drug metabolism","4BHGLZitr",0
MAR12904,"Drug metabolism","4HATVACIDitr",0
MAR12905,"Drug metabolism","4HATVLACitr",0
MAR12906,"Drug metabolism","4HMDGLUCitr",0
MAR12907,"Drug metabolism","4OHMDZitr",0
MAR12908,"Drug metabolism","56DHPVSitr",0
MAR12909,"Drug metabolism","56EPPVSitr",0
MAR12910,"Drug metabolism","5OHFVSitr",0
MAR12911,"Drug metabolism","5OHFVSGLUitr",0
MAR12912,"Drug metabolism","6AHGLZitr",0
MAR12913,"Drug metabolism","6BHGLZGLCitr",0
MAR12914,"Drug metabolism","6CSMVitr",0
MAR12915,"Drug metabolism","6HLVSTitr",0
MAR12916,"Drug metabolism","6HLVSTACIDitr",0
MAR12917,"Drug metabolism","6HMSMVitr",0
MAR12918,"Drug metabolism","6HSMVitr",0
MAR12919,"Drug metabolism","6MELVACIDitr",0
MAR12920,"Drug metabolism","6MELVSTitr",0
MAR12921,"Drug metabolism","6OHFVSitr",0
MAR12922,"Drug metabolism","6OHFVSGLUitr",0
MAR12923,"Drug metabolism","7AHGLZitr",0
MAR12924,"Drug metabolism","7BHGLZGLCitr",0
MAR12925,"Drug metabolism","7HPVSitr",0
MAR12926,"Drug metabolism","ACMPitr",0
MAR12927,"Drug metabolism","ACMPGLUitr",0
MAR12928,"Drug metabolism","AM19CSitr",0
MAR12929,"Drug metabolism","AM1ACCSitr",0
MAR12930,"Drug metabolism","AM1ACSitr",0
MAR12931,"Drug metabolism","AM1ALCSitr",0
MAR12932,"Drug metabolism","AM1C9CSitr",0
MAR12933,"Drug metabolism","AM1CGLCitr",0
MAR12934,"Drug metabolism","AM4N9CSitr",0
MAR12935,"Drug metabolism","AM4NCSitr",0
MAR12936,"Drug metabolism","CARIBUP_Sitr",0
MAR12937,"Drug metabolism","CARIBUPGLU_Sitr",0
MAR12938,"Drug metabolism","CRGLZitr",0
MAR12939,"Drug metabolism","CRVSitr",0
MAR12940,"Drug metabolism","CRVSM22itr",0
MAR12941,"Drug metabolism","CRVSM24itr",0
MAR12942,"Drug metabolism","CRVSM31itr",0
MAR12943,"Drug metabolism","CSAitr",0
MAR12944,"Drug metabolism","DEOXFVSitx",0
MAR12945,"Drug metabolism","DESFVSitr",0
MAR12946,"Drug metabolism","DSPVSitr",0
MAR12947,"Drug metabolism","EPOXTACitr",0
MAR12948,"Drug metabolism","FVSitx",0
MAR12949,"Drug metabolism","FVSCOAitx",0
MAR12950,"Drug metabolism","FVSTETitr",0
MAR12951,"Drug metabolism","FVSTETGLUitr",0
MAR12952,"Drug metabolism","GLC3MEACPitr",0
MAR12953,"Drug metabolism","GLZitr",0
MAR12954,"Drug metabolism","GTACMPitr",0
MAR12955,"Drug metabolism","IBUP_Ritr",0
MAR12956,"Drug metabolism","IBUP_Sitr",0
MAR12957,"Drug metabolism","IBUPGLUCitr",0
MAR12958,"Drug metabolism","LSTN1GLUCitr",0
MAR12959,"Drug metabolism","LSTNitr",0
MAR12960,"Drug metabolism","LSTNM1itr",0
MAR12961,"Drug metabolism","LSTNM2itr",0
MAR12962,"Drug metabolism","LSTNM4itr",0
MAR12963,"Drug metabolism","LSTNM5itr",0
MAR12964,"Drug metabolism","LSTNM7itr",0
MAR12965,"Drug metabolism","LVSTitr",0
MAR12966,"Xenobiotics metabolism","EX_lvstacid(e)",0
MAR12967,"Drug metabolism","LVSTACIDitr",0
MAR12968,"Drug metabolism","MDZitr",0
MAR12969,"Drug metabolism","MDZGLCitr",0
MAR12970,"Drug metabolism","NDERSVitr",0
MAR12971,"Drug metabolism","NFDNPYitr",0
MAR12972,"Drug metabolism","NFDOHitr",0
MAR12973,"Drug metabolism","PROFVSCOAitx",0
MAR12974,"Drug metabolism","PTVSTLACitr",0
MAR12975,"Drug metabolism","PTVSTM13itr",0
MAR12976,"Drug metabolism","PTVSTM13te",0
MAR12977,"Xenobiotics metabolism","EX_ptvstm13(e)",0
MAR12978,"Drug metabolism","PTVSTM3itr",0
MAR12979,"Drug metabolism","PVSitr",0
MAR12980,"Drug metabolism","PVSGLUCitr",0
MAR12981,"Drug metabolism","RSVLACitr",0
MAR12982,"Drug metabolism","TACRitr",0
MAR12983,"Drug metabolism","THSACMPitr",0
MAR12984,"Drug metabolism","TLACFVSitr",0
MAR12985,"Drug metabolism","TMACMPitr",0
MAR12986,"Drug metabolism","TMDitr",0
MAR12987,"Drug metabolism","TMDM1itr",0
MAR12988,"Drug metabolism","TMDM3itr",0
MAR12989,"Drug metabolism","TMDM5itr",0
MAR12990,"Drug metabolism","TSACMGLUCitr",0
MAR12991,"Drug metabolism","3HPVSCOAhc",0
MAR12992,"Drug metabolism","3HPVSTEThc",0
MAR12993,"Drug metabolism","ACMPGLUTTRsc",0
MAR12994,"Drug metabolism","FVSCOAhc",0
MAR12995,"Drug metabolism","MDZGLChr",0
MAR12996,"Drug metabolism","TMACMPhr",0
MAR12997,"Drug metabolism","1OHMDZitr",0
MAR12998,"Drug metabolism","CYSACMPitr",0
MAR12999,"Drug metabolism","NFDACitr",0
MAR13000,"Drug metabolism","ACMPGLUTitr",0
MAR13001,"Drug metabolism","NAPQIhr",0
MAR13002,"Drug metabolism","H2O2itr",0
MAR13003,"Drug metabolism","UDPRIBc",0
MAR13004,"Drug metabolism","GLYitr",0
MAR13005,"Drug metabolism","PAPSitr",0
MAR13006,"Drug metabolism","PAPitr",0
MAR13007,"Drug metabolism","13DMTitr",0
MAR13008,"Drug metabolism","15DMTitr",0
MAR13009,"Drug metabolism","ATVACIDitr",0
MAR13010,"Drug metabolism","ATVLACitr",0
MAR13011,"Drug metabolism","31DMTitr",0
MAR13012,"Drug metabolism","SMVitr",0
MAR13013,"Drug metabolism","6BHGLZitr",0
MAR13014,"Drug metabolism","7BHGLZitr",0
MAR13015,"Drug metabolism","AM1CCSitr",0
MAR13016,"Drug metabolism","LST4EXPitr",0
MAR13017,"Drug metabolism","MHGLZitr",0
MAR13018,"Drug metabolism","RSVitr",0
MAR13019,"Drug metabolism","TRIPVSitr",0
MAR13020,"Drug metabolism","SMVACIDitr",0
MAR13021,"Drug metabolism","PTVSTitr",0
MAR13022,"Drug metabolism","3HIBUP_Sitr",0
MAR13023,"Drug metabolism","FVSitr",0
MAR13024,"Drug metabolism","AM1CSAitr",0
MAR13025,"Drug metabolism","AM9CSAitr",0
MAR13026,"Drug metabolism","2HATVACIDitr",0
MAR13027,"Transport reactions","Chloride Hydroxide Mitochondrial Transport",0
MAR13028,"Transport reactions","1A25HVITD2t",0
MAR13029,"Transport reactions","1A25HVITD2tm",0
MAR13030,"Exchange/demand reactions","EX_1a25dhvitd2(e)",0
MAR13031,"Exchange/demand reactions","EX_C13856[e]",0
MAR13032,"Exchange/demand reactions","EX_M02956[e]",0
MAR13033,"Exchange/demand reactions","EX_M00234[e]",0
MAR13034,"Exchange/demand reactions","EX_M01807[e]",0
MAR13035,"Exchange/demand reactions","EX_M00503[e]",0
MAR13036,"Exchange/demand reactions","EX_M00241[e]",0
MAR13037,"Exchange/demand reactions","EX_M01820[e]",0
MAR13038,"Exchange/demand reactions","EX_M00510[e]",0
MAR13039,"Exchange/demand reactions","EX_M01819[e]",0
MAR13040,"Exchange/demand reactions","EX_M00003[e]",0
MAR13041,"Exchange/demand reactions","EX_M00008[e]",0
MAR13042,"Exchange/demand reactions","EX_M00010[e]",0
MAR13043,"Exchange/demand reactions","EX_M00017[e]",0
MAR13044,"Exchange/demand reactions","EX_M00019[e]",0
MAR13045,"Exchange/demand reactions","EX_M00021[e]",0
MAR13046,"Exchange/demand reactions","EX_M00115[e]",0
MAR13047,"Exchange/demand reactions","EX_M00117[e]",0
MAR13048,"Exchange/demand reactions","EX_M00260[e]",0
MAR13049,"Exchange/demand reactions","EX_M00265[e]",0
MAR13050,"Exchange/demand reactions","EX_M00315[e]",0
MAR13051,"Exchange/demand reactions","EX_M00341[e]",0
MAR13052,"Exchange/demand reactions","EX_M01197[e]",0
MAR13053,"Exchange/demand reactions","EX_M01207[e]",0
MAR13054,"Exchange/demand reactions","EX_M01235[e]",0
MAR13055,"Exchange/demand reactions","EX_M01238[e]",0
MAR13056,"Exchange/demand reactions","EX_M01582[e]",0
MAR13057,"Exchange/demand reactions","EX_M02053[e]",0
MAR13058,"Exchange/demand reactions","EX_M02457[e]",0
MAR13059,"Exchange/demand reactions","EX_M02613[e]",0
MAR13060,"Exchange/demand reactions","EX_M02745[e]",0
MAR13061,"Exchange/demand reactions","EX_M03045[e]",0
MAR13062,"Exchange/demand reactions","EX_M03051[e]",0
MAR13063,"Exchange/demand reactions","EX_M03153[e]",0
MAR13064,"Exchange/demand reactions","EX_M01268[e]",0
MAR13065,"Exchange/demand reactions","EX_HC02080[e]",0
MAR13066,"Exchange/demand reactions","EX_h2co3[e]",0
MAR13067,"Exchange/demand reactions","EX_M02837[e]",0
MAR13068,"Exchange/demand reactions","EX_M02382[e]",0
MAR13069,"Exchange/demand reactions","EX_M02035[e]",0
MAR13070,"Exchange/demand reactions","EX_M02467[e]",0
MAR13071,"Exchange/demand reactions","EX_M02821[e]",0
MAR13072,"Exchange/demand reactions","EX_mg2[e]",0
MAR13073,"Exchange/demand reactions","EX_cu2[e]",0
MAR13074,"Exchange/demand reactions","EX_M01571[e]",0
MAR13075,"Transport reactions","DCMPtm",0
MAR13076,"Transport reactions","GLACtm",0
MAR13077,"Transport reactions","CLCFTRtm",0
MAR13078,"Protein assembly","PROTEIN_BS",0
MAR13079,"Transport reactions","PIt2mi",1
MAR13080,"Transport reactions","Htmi",1
MAR13081,"Oxidative phosphorylation","CYOOm3i",1
MAR10023,"Transport reactions","",0
MAR10024,"Exchange/demand reactions","",0
MAR10025,"Exchange/demand reactions","Exchange of 20-hydroxy-arachidonate",0
MAR10026,"Exchange/demand reactions","Exchange of chenodiol",0
MAR10027,"Exchange/demand reactions","Exchange of LacCer pool",0
MAR10028,"Exchange/demand reactions","Exchange of Chylomicron Lipoprotein",0
MAR10029,"Exchange/demand reactions","Exchange of steroids",0
MAR10030,"Exchange/demand reactions","Exchange of xenobiotics",0
MAR10031,"Exchange/demand reactions","Exchange of arachidonate derivatives",0
MAR10033,"Pool reactions","Fatty acid pool formation and breakdown",0
MAR10034,"Pool reactions","Fatty acid pool formation and breakdown",0
MAR10035,"Pool reactions","1-acylglycerol-3-phosphate pool formation and breakdown",0
MAR10036,"Pool reactions","acyl-CoA pool formation and breakdown",0
MAR10037,"Pool reactions","cholesterol-ester pool formation and breakdown",0
MAR10038,"Pool reactions","cholesterol-ester pool formation and breakdown",0
MAR10039,"Transport reactions","fatty acid pool transport (Cytosol to Peroxisome)",0
MAR10040,"Transport reactions","acyl-CoA pool transport (Cytosol to Peroxisome)",0
MAR10041,"Transport reactions","TAG-VLDL pool transport (Cytosol to Endoplasmic reticulum)",0
MAR10042,"Transport reactions","TAG-chylomicron pool transport (Cytosol to Extracellular)",0
MAR10043,"Transport reactions","TAG-chylomicron pool transport (Cytosol to Lysosome)",0
MAR10044,"Transport reactions","1,2-diacylglycerol-LD-PC pool transport(Cytosol to Golgi apparatus)",0
MAR10045,"Transport reactions","1,2-diacylglycerol-LD-PC pool transport(Cytosol to Nucleus)",0
MAR10046,"Transport reactions","1,2-diacylglycerol-LD-PC pool transport(Cytosol to Extracellular)",0
MAR10047,"Exchange/demand reactions","1,2-diacylglycerol-LD-PC pool exchange",0
MAR10048,"Transport reactions","1,2-diacylglycerol-LD-PI pool transport(Cytosol to Extracellular)",0
MAR10049,"Transport reactions","CDP-diacylglycerol-CL pool transport(Cytosol to Mitochondria)",0
MAR10050,"Transport reactions","fatty acid-chylomicron pool transport(Cytosol to Extracellular)",0
MAR10051,"Transport reactions","fatty acid-VLDL pool transport(Cytosol to Extracellular)",0
MAR10052,"Transport reactions","phosphatidate-LD-PC pool transport(Cytosol to Mitochondria)",0
MAR10053,"Transport reactions","phosphatidate-LD-PI pool transport(Cytosol to Mitochondria)",0
MAR10054,"Transport reactions","phosphatidate-LD-PI pool transport(Cytosol to Endoplasmic reticulum)",0
MAR10055,"Transport reactions","phosphatidate-LD-PI pool transport (Cytosol to Golgi apparatus)",0
MAR10056,"Transport reactions","phosphatidate-LD-PS pool transport (Cytosol to Endoplasmic reticulum)",0
MAR10057,"Transport reactions","phosphatidate-LD-PS pool transport (Cytosol to Golgi apparatus)",0
MAR10058,"Transport reactions","protein transport (Cytosol to Endoplasmic reticulum)",0
MAR10059,"Transport reactions","N-formyl-L-glutamate transport (Cytosol to Extracellular)",0
MAR10060,"Exchange/demand reactions","N-formyl-L-glutamate exchange",0
MAR10061,"Ether lipid metabolism","fatty acyl-CoA reduction",1
MAR10062,"Artificial reactions","Protein pool for biomass reaction",0
MAR10063,"Artificial reactions","Lipid pool for biomass reaction",0
MAR10064,"Artificial reactions","Small metabolite pool for biomass reaction",0
MAR10065,"Artificial reactions","Cofactors and vitamins pool for biomass reaction",0
MAR13082,"Artificial reactions","Generic human cell biomass reaction",0
MAR10066,"Steroid metabolism","",1
MAR10067,"Inositol phosphate metabolism","",1
MAR10068,"Inositol phosphate metabolism","",0
MAR10069,"Bile acid biosynthesis","",0
MAR10070,"Miscellaneous","",0
MAR10071,"Steroid metabolism","",1
MAR10072,"Steroid metabolism","",1
MAR10073,"Transport reactions","",1
MAR10074,"Exchange/demand reactions","",0
MAR10075,"Transport reactions","",1
MAR10076,"Exchange/demand reactions","",0
MAR10077,"Exchange/demand reactions","",0
MAR10078,"Exchange/demand reactions","",0
MAR10079,"Transport reactions","",1
MAR10080,"Bile acid biosynthesis","",0
MAR10081,"Exchange/demand reactions","",0
MAR10082,"Transport reactions","",1
MAR10083,"Exchange/demand reactions","",0
MAR10084,"Exchange/demand reactions","",0
MAR10085,"Exchange/demand reactions","",0
MAR10086,"Exchange/demand reactions","",0
MAR10087,"Exchange/demand reactions","",0
MAR10088,"Exchange/demand reactions","",0
MAR10089,"Exchange/demand reactions","",0
MAR10090,"Exchange/demand reactions","",0
MAR10091,"Exchange/demand reactions","",0
MAR10092,"Bile acid biosynthesis","",0
MAR10093,"Bile acid biosynthesis","",0
MAR10094,"Bile acid biosynthesis","",0
MAR10095,"Bile acid biosynthesis","",0
MAR10096,"Bile acid biosynthesis","",0
MAR10097,"Bile acid biosynthesis","",0
MAR10098,"Bile acid biosynthesis","",0
MAR10099,"Bile acid biosynthesis","",0
MAR10100,"Transport reactions","",1
MAR10101,"Transport reactions","",1
MAR10102,"Transport reactions","",1
MAR10103,"Transport reactions","",1
MAR10104,"Transport reactions","",1
MAR10105,"Bile acid biosynthesis","",0
MAR10106,"Bile acid biosynthesis","",0
MAR10107,"Bile acid biosynthesis","",0
MAR10108,"Bile acid biosynthesis","",0
MAR10109,"Transport reactions","",1
MAR10110,"Transport reactions","",1
MAR10111,"Bile acid biosynthesis","",0
MAR10112,"Bile acid biosynthesis","",0
MAR10113,"Bile acid biosynthesis","",0
MAR10114,"Bile acid biosynthesis","",0
MAR10115,"Transport reactions","",1
MAR10116,"Purine metabolism","",1
MAR10117,"Transport reactions","",1
MAR10118,"Transport reactions","",1
MAR10119,"Transport reactions","",1
MAR10120,"Transport reactions","",1
MAR10121,"Bile acid biosynthesis","",0
MAR10122,"Bile acid biosynthesis","",0
MAR10123,"Bile acid biosynthesis","",0
MAR10124,"Bile acid biosynthesis","",0
MAR10125,"Transport reactions","",1
MAR10126,"Transport reactions","",1
MAR10127,"Transport reactions","",1
MAR10128,"Bile acid biosynthesis","",0
MAR10129,"Bile acid biosynthesis","",0
MAR10130,"Bile acid biosynthesis","",0
MAR10131,"Bile acid biosynthesis","",0
MAR10132,"Exchange/demand reactions","",0
MAR13083,"Metabolism of other amino acids","",1
MAR20001,"Glycine, serine and threonine metabolism","",1
MAR20003,"Glycine, serine and threonine metabolism","",1
MAR20004,"Purine metabolism","",1
MAR20005,"Transport","",0
MAR20006,"Transport","",0
MAR20007,"Caffeine metabolism","",1
MAR20010,"Amine sulfotransferase","",1
MAR20011,"Ascorbate and aldarate metabolism","",1
MAR20012,"Histidine metabolism","",1
MAR20013,"Pyrimidine metabolism","",1
MAR20014,"Hormone biosynthesis","",1
MAR20015,"Hormone biosynthesis","",1
MAR00582,"Glycerophospholipid metabolism","",0
